city_key,City,grid_id,building_count,pv_positive_buildings,footprint_area_m2,pv_positive_footprint_m2,pv_area_m2,prevalence,roof_size_selection,conditional_intensity,pv_utilization,eligible_50_buildings,pv_utilization_pct,zero_pv_eligible_cell,color_bin,imagery_date,panel,record_type,city,roof_size_bin,bin_left_m2,bin_right_m2,pv_building_count,pv_adoption,building_area_m2,pv_area_ratio,footprint_share_pct,pv_area_share_pct,scenario_id,scenario_label,scenario_order,irr_pct
detroit,Detroit,detroit_-8037_4940,62.0,0.0,5410.786361855977,0.0,0.0,0.0,,,0.0,True,0.0,True,zero,15 May 2025,a,eligible_grid_cell,,,,,,,,,,,,,,
detroit,Detroit,detroit_-8037_4941,103.0,0.0,12286.331498882193,0.0,0.0,0.0,,,0.0,True,0.0,True,zero,15 May 2025,a,eligible_grid_cell,,,,,,,,,,,,,,
detroit,Detroit,detroit_-8037_4942,178.0,0.0,13135.820530042902,0.0,0.0,0.0,,,0.0,True,0.0,True,zero,15 May 2025,a,eligible_grid_cell,,,,,,,,,,,,,,
detroit,Detroit,detroit_-8036_4939,819.0,0.0,64737.8626483143,0.0,0.0,0.0,,,0.0,True,0.0,True,zero,15 May 2025,a,eligible_grid_cell,,,,,,,,,,,,,,
detroit,Detroit,detroit_-8036_4940,1316.0,0.0,111931.35411940227,0.0,0.0,0.0,,,0.0,True,0.0,True,zero,15 May 2025,a,eligible_grid_cell,,,,,,,,,,,,,,
detroit,Detroit,detroit_-8036_4941,1020.0,0.0,137442.20341799082,0.0,0.0,0.0,,,0.0,True,0.0,True,zero,15 May 2025,a,eligible_grid_cell,,,,,,,,,,,,,,
detroit,Detroit,detroit_-8036_4942,1047.0,0.0,102033.70582803147,0.0,0.0,0.0,,,0.0,True,0.0,True,zero,15 May 2025,a,eligible_grid_cell,,,,,,,,,,,,,,
detroit,Detroit,detroit_-8035_4935,150.0,0.0,10589.64081202079,0.0,0.0,0.0,,,0.0,True,0.0,True,zero,15 May 2025,a,eligible_grid_cell,,,,,,,,,,,,,,
detroit,Detroit,detroit_-8035_4936,550.0,1.0,263417.7535442859,100.90191305882857,13.077681997697988,0.0018181818181818182,0.2106769624888844,0.12960786967511054,4.964616781419542e-05,True,0.004964616781419542,False,>0 to 0.25,15 May 2025,a,eligible_grid_cell,,,,,,,,,,,,,,
detroit,Detroit,detroit_-8035_4937,686.0,4.0,76283.57685549965,2243.937039276097,743.1415175485466,0.0058309037900874635,5.044797557996339,0.33117752616993523,0.009741828427319871,True,0.9741828427319872,False,>0.25 to 1,15 May 2025,a,eligible_grid_cell,,,,,,,,,,,,,,
detroit,Detroit,detroit_-8035_4938,193.0,1.0,43046.072095037256,205.2046176631512,16.325477028382245,0.0051813471502590676,0.9200488983419732,0.07955706462308244,0.0003792559049833584,True,0.03792559049833584,False,>0 to 0.25,15 May 2025,a,eligible_grid_cell,,,,,,,,,,,,,,
detroit,Detroit,detroit_-8035_4939,688.0,0.0,68193.45879723493,0.0,0.0,0.0,,,0.0,True,0.0,True,zero,15 May 2025,a,eligible_grid_cell,,,,,,,,,,,,,,
detroit,Detroit,detroit_-8035_4940,269.0,0.0,30091.451823802647,0.0,0.0,0.0,,,0.0,True,0.0,True,zero,15 May 2025,a,eligible_grid_cell,,,,,,,,,,,,,,
detroit,Detroit,detroit_-8035_4941,1002.0,2.0,123844.8485714522,272.3793235245264,40.47980270898874,0.001996007984031936,1.1018790257315874,0.14861554902622312,0.0003268589947496601,True,0.03268589947496601,False,>0 to 0.25,15 May 2025,a,eligible_grid_cell,,,,,,,,,,,,,,
detroit,Detroit,detroit_-8035_4942,769.0,0.0,116211.10454037652,0.0,0.0,0.0,,,0.0,True,0.0,True,zero,15 May 2025,a,eligible_grid_cell,,,,,,,,,,,,,,
detroit,Detroit,detroit_-8034_4933,1454.0,1.0,103574.6804268423,78.61223017156324,5.499175567736254,0.000687757909215956,1.1035726318285655,0.06995318102202239,5.309382124157724e-05,True,0.005309382124157724,False,>0 to 0.25,15 May 2025,a,eligible_grid_cell,,,,,,,,,,,,,,
detroit,Detroit,detroit_-8034_4934,698.0,0.0,50501.62573842427,0.0,0.0,0.0,,,0.0,True,0.0,True,zero,15 May 2025,a,eligible_grid_cell,,,,,,,,,,,,,,
detroit,Detroit,detroit_-8034_4935,732.0,0.0,52121.86387897293,0.0,0.0,0.0,,,0.0,True,0.0,True,zero,15 May 2025,a,eligible_grid_cell,,,,,,,,,,,,,,
detroit,Detroit,detroit_-8034_4936,570.0,1.0,56358.85608498089,117.69896190464695,30.044563179765024,0.0017543859649122807,1.1903791692380923,0.2552661696719588,0.0005330939140152566,True,0.05330939140152566,False,>0 to 0.25,15 May 2025,a,eligible_grid_cell,,,,,,,,,,,,,,
detroit,Detroit,detroit_-8034_4937,1011.0,1.0,94219.53019941803,93.48345295221421,23.962120796664152,0.0009891196834817012,1.00310170019583,0.2563247295637746,0.00025432222752488486,True,0.025432222752488486,False,>0 to 0.25,15 May 2025,a,eligible_grid_cell,,,,,,,,,,,,,,
detroit,Detroit,detroit_-8034_4938,1020.0,0.0,88863.37820414358,0.0,0.0,0.0,,,0.0,True,0.0,True,zero,15 May 2025,a,eligible_grid_cell,,,,,,,,,,,,,,
detroit,Detroit,detroit_-8034_4939,1160.0,5.0,91760.96219174018,1340.5076462020588,76.70688748761415,0.004310344827586207,3.389216574135618,0.05722226777664489,0.0008359424929234111,True,0.0835942492923411,False,>0 to 0.25,15 May 2025,a,eligible_grid_cell,,,,,,,,,,,,,,
detroit,Detroit,detroit_-8034_4940,1218.0,0.0,163651.20035097896,0.0,0.0,0.0,,,0.0,True,0.0,True,zero,15 May 2025,a,eligible_grid_cell,,,,,,,,,,,,,,
detroit,Detroit,detroit_-8034_4941,957.0,2.0,115279.31750051661,839.1893677804252,242.0718572042599,0.0020898641588296763,3.483297101243976,0.2884591565364044,0.002099872400816175,True,0.2099872400816175,False,>0 to 0.25,15 May 2025,a,eligible_grid_cell,,,,,,,,,,,,,,
detroit,Detroit,detroit_-8034_4942,1558.0,0.0,166763.78759542314,0.0,0.0,0.0,,,0.0,True,0.0,True,zero,15 May 2025,a,eligible_grid_cell,,,,,,,,,,,,,,
detroit,Detroit,detroit_-8033_4933,186.0,0.0,13504.996879367196,0.0,0.0,0.0,,,0.0,True,0.0,True,zero,15 May 2025,a,eligible_grid_cell,,,,,,,,,,,,,,
detroit,Detroit,detroit_-8033_4934,301.0,2.0,32622.801852300294,158.78400378265673,9.000737139964041,0.006644518272425249,0.7325242227042131,0.0566854149381712,0.00027590325259966545,True,0.027590325259966544,False,>0 to 0.25,15 May 2025,a,eligible_grid_cell,,,,,,,,,,,,,,
detroit,Detroit,detroit_-8033_4935,322.0,0.0,25751.906586180092,0.0,0.0,0.0,,,0.0,True,0.0,True,zero,15 May 2025,a,eligible_grid_cell,,,,,,,,,,,,,,
detroit,Detroit,detroit_-8033_4936,198.0,3.0,48187.83164972584,25062.1492323478,32.671260227437834,0.015151515151515152,34.326131571109315,0.0013036096754730406,0.0006779981399645259,True,0.06779981399645259,False,>0 to 0.25,15 May 2025,a,eligible_grid_cell,,,,,,,,,,,,,,
detroit,Detroit,detroit_-8033_4937,509.0,2.0,53012.86511702896,185.8420391156341,25.32375964306393,0.003929273084479371,0.8921758680750128,0.1362649686990738,0.00047769083197371563,True,0.04776908319737156,False,>0 to 0.25,15 May 2025,a,eligible_grid_cell,,,,,,,,,,,,,,
detroit,Detroit,detroit_-8033_4938,577.0,0.0,60183.15174175261,0.0,0.0,0.0,,,0.0,True,0.0,True,zero,15 May 2025,a,eligible_grid_cell,,,,,,,,,,,,,,
detroit,Detroit,detroit_-8033_4939,1345.0,6.0,123547.7798063503,635.6038668587195,58.34063451393078,0.0044609665427509295,1.153247758701039,0.09178772747601707,0.0004722111122140302,True,0.047221111221403024,False,>0 to 0.25,15 May 2025,a,eligible_grid_cell,,,,,,,,,,,,,,
detroit,Detroit,detroit_-8033_4940,1007.0,1.0,115334.04659217835,75.89741080955669,7.089651158679695,0.0009930486593843098,0.6626724279906326,0.09341097519741734,6.147058364949884e-05,True,0.006147058364949884,False,>0 to 0.25,15 May 2025,a,eligible_grid_cell,,,,,,,,,,,,,,
detroit,Detroit,detroit_-8033_4941,1564.0,0.0,130431.57547508855,0.0,0.0,0.0,,,0.0,True,0.0,True,zero,15 May 2025,a,eligible_grid_cell,,,,,,,,,,,,,,
detroit,Detroit,detroit_-8033_4942,1823.0,0.0,166543.07552638897,0.0,0.0,0.0,,,0.0,True,0.0,True,zero,15 May 2025,a,eligible_grid_cell,,,,,,,,,,,,,,
detroit,Detroit,detroit_-8032_4932,212.0,1.0,16763.847430397655,123.1421667692854,31.73908488451185,0.0047169811320754715,1.5572880547546977,0.2577434336036739,0.0018933055204833113,True,0.18933055204833113,False,>0 to 0.25,15 May 2025,a,eligible_grid_cell,,,,,,,,,,,,,,
detroit,Detroit,detroit_-8032_4933,1547.0,1.0,112156.8409374016,105.25069738971088,3.894026301068181,0.0006464124111182935,1.4517422878624002,0.036997629447050616,3.47194720225899e-05,True,0.0034719472022589903,False,>0 to 0.25,15 May 2025,a,eligible_grid_cell,,,,,,,,,,,,,,
detroit,Detroit,detroit_-8032_4934,1770.0,2.0,134883.9398111645,192.56874697412593,23.307464548933407,0.0011299435028248588,1.2634813404078464,0.12103451320719796,0.0001727964395284087,True,0.01727964395284087,False,>0 to 0.25,15 May 2025,a,eligible_grid_cell,,,,,,,,,,,,,,
detroit,Detroit,detroit_-8032_4935,1825.0,1.0,155119.3835022007,106.10128983585162,2.3835503866327388,0.000547945205479452,1.2482956647882892,0.02246485778184515,1.536590935844535e-05,True,0.001536590935844535,False,>0 to 0.25,15 May 2025,a,eligible_grid_cell,,,,,,,,,,,,,,
detroit,Detroit,detroit_-8032_4936,1008.0,1.0,164804.50603641503,78.4991854639378,11.377548146269165,0.000992063492063492,0.4801275210895353,0.14493842297887233,6.903663267407988e-05,True,0.006903663267407988,False,>0 to 0.25,15 May 2025,a,eligible_grid_cell,,,,,,,,,,,,,,
detroit,Detroit,detroit_-8032_4937,656.0,6.0,84963.27192285299,1242.1298717088002,94.1967444421384,0.009146341463414634,1.5984106571383154,0.0758348596129902,0.0011086760468413863,True,0.11086760468413863,False,>0 to 0.25,15 May 2025,a,eligible_grid_cell,,,,,,,,,,,,,,
detroit,Detroit,detroit_-8032_4938,1314.0,1.0,106555.84136345632,91.70652796948923,7.0929287775628005,0.00076103500761035,1.1308847662408448,0.07734377186237623,6.656536785598828e-05,True,0.0066565367855988275,False,>0 to 0.25,15 May 2025,a,eligible_grid_cell,,,,,,,,,,,,,,
detroit,Detroit,detroit_-8032_4939,2161.0,4.0,171364.33462373435,443.05128046806817,49.10198753305956,0.0018509949097639982,1.3967810443079336,0.11082687196205601,0.0002865356297205779,True,0.028653562972057792,False,>0 to 0.25,15 May 2025,a,eligible_grid_cell,,,,,,,,,,,,,,
detroit,Detroit,detroit_-8032_4940,1876.0,2.0,138530.07178545278,254.51394201508452,20.20150177217741,0.0010660980810234541,1.7233375723639743,0.0793728689761919,0.00014582755579210487,True,0.014582755579210486,False,>0 to 0.25,15 May 2025,a,eligible_grid_cell,,,,,,,,,,,,,,
detroit,Detroit,detroit_-8032_4941,1559.0,0.0,146999.70061909853,0.0,0.0,0.0,,,0.0,True,0.0,True,zero,15 May 2025,a,eligible_grid_cell,,,,,,,,,,,,,,
detroit,Detroit,detroit_-8032_4942,1670.0,0.0,160783.6014026986,0.0,0.0,0.0,,,0.0,True,0.0,True,zero,15 May 2025,a,eligible_grid_cell,,,,,,,,,,,,,,
detroit,Detroit,detroit_-8031_4932,1706.0,1.0,123301.97455442196,114.43648872043272,7.108097684353141,0.0005861664712778429,1.5833375780279164,0.06211390932937621,5.764788203951941e-05,True,0.005764788203951941,False,>0 to 0.25,15 May 2025,a,eligible_grid_cell,,,,,,,,,,,,,,
detroit,Detroit,detroit_-8031_4933,1973.0,0.0,166622.81741266057,0.0,0.0,0.0,,,0.0,True,0.0,True,zero,15 May 2025,a,eligible_grid_cell,,,,,,,,,,,,,,
detroit,Detroit,detroit_-8031_4934,1918.0,1.0,144013.4182229774,78.7121595995895,9.682654392359904,0.0005213764337851929,1.0483045536650233,0.12301345105528526,6.72343904605344e-05,True,0.00672343904605344,False,>0 to 0.25,15 May 2025,a,eligible_grid_cell,,,,,,,,,,,,,,
detroit,Detroit,detroit_-8031_4935,2030.0,0.0,151155.14302905864,0.0,0.0,0.0,,,0.0,True,0.0,True,zero,15 May 2025,a,eligible_grid_cell,,,,,,,,,,,,,,
detroit,Detroit,detroit_-8031_4936,553.0,3.0,175202.12821786207,3699.1528212976073,396.4190578939779,0.0054249547920434,3.891945702915691,0.10716482314859326,0.002262638370471361,True,0.2262638370471361,False,>0 to 0.25,15 May 2025,a,eligible_grid_cell,,,,,,,,,,,,,,
detroit,Detroit,detroit_-8031_4937,1117.0,4.0,149998.69243921302,13157.678923882877,128.28418544866247,0.0035810205908683975,24.495425791683463,0.009749758007532028,0.0008552353581392027,True,0.08552353581392028,False,>0 to 0.25,15 May 2025,a,eligible_grid_cell,,,,,,,,,,,,,,
detroit,Detroit,detroit_-8031_4938,1994.0,3.0,152293.77481378117,209.88716838695322,56.60607399507445,0.0015045135406218655,0.9160256534349012,0.2696976400706597,0.0003716900054798046,True,0.03716900054798046,False,>0 to 0.25,15 May 2025,a,eligible_grid_cell,,,,,,,,,,,,,,
detroit,Detroit,detroit_-8031_4939,1753.0,8.0,161168.54466829263,1682.3333078562537,334.0942231426162,0.004563605248146035,2.2873029401780403,0.1985897928683005,0.002072949308006899,True,0.20729493080068992,False,>0 to 0.25,15 May 2025,a,eligible_grid_cell,,,,,,,,,,,,,,
detroit,Detroit,detroit_-8031_4940,2241.0,4.0,180400.14421375172,392.39292323076245,55.166682383971775,0.00178491744756805,1.2186139661815005,0.1405904110852906,0.0003058017643190247,True,0.03058017643190247,False,>0 to 0.25,15 May 2025,a,eligible_grid_cell,,,,,,,,,,,,,,
detroit,Detroit,detroit_-8031_4941,1973.0,0.0,145081.57601508772,0.0,0.0,0.0,,,0.0,True,0.0,True,zero,15 May 2025,a,eligible_grid_cell,,,,,,,,,,,,,,
detroit,Detroit,detroit_-8031_4942,1250.0,0.0,103983.7773540554,0.0,0.0,0.0,,,0.0,True,0.0,True,zero,15 May 2025,a,eligible_grid_cell,,,,,,,,,,,,,,
detroit,Detroit,detroit_-8030_4932,1444.0,4.0,122958.61812260117,473.4593491153121,52.87074814502476,0.002770083102493075,1.3900516095602644,0.11166903398109469,0.00042998814521734224,True,0.04299881452173422,False,>0 to 0.25,15 May 2025,a,eligible_grid_cell,,,,,,,,,,,,,,
detroit,Detroit,detroit_-8030_4933,1939.0,2.0,154765.88296115588,121.07931145002375,23.41276205644153,0.0010314595152140279,0.7584771928077999,0.19336715559458145,0.00015127857385931635,True,0.015127857385931635,False,>0 to 0.25,15 May 2025,a,eligible_grid_cell,,,,,,,,,,,,,,
detroit,Detroit,detroit_-8030_4934,1112.0,1.0,89049.19678015368,80.558090902498,7.7857703077086,0.0008992805755395684,1.0059674912591972,0.09664789992518522,8.743223509281342e-05,True,0.008743223509281342,False,>0 to 0.25,15 May 2025,a,eligible_grid_cell,,,,,,,,,,,,,,
detroit,Detroit,detroit_-8030_4935,828.0,0.0,135306.8159970636,0.0,0.0,0.0,,,0.0,True,0.0,True,zero,15 May 2025,a,eligible_grid_cell,,,,,,,,,,,,,,
detroit,Detroit,detroit_-8030_4936,700.0,1.0,133953.12046752035,110.84901794100412,12.156286077121614,0.0014285714285714286,0.5792646881825885,0.10966525732858916,9.075030155844076e-05,True,0.009075030155844075,False,>0 to 0.25,15 May 2025,a,eligible_grid_cell,,,,,,,,,,,,,,
detroit,Detroit,detroit_-8030_4937,1650.0,7.0,185956.02073473053,1129.337402539865,120.05075598619408,0.004242424242424243,1.4315264336068543,0.10630193927536757,0.0006455868194633426,True,0.06455868194633427,False,>0 to 0.25,15 May 2025,a,eligible_grid_cell,,,,,,,,,,,,,,
detroit,Detroit,detroit_-8030_4938,1651.0,3.0,155478.34135454995,536.9169230233998,95.17891918589648,0.0018170805572380376,1.900478725179668,0.1772693597548394,0.0006121683467721862,True,0.061216834677218626,False,>0 to 0.25,15 May 2025,a,eligible_grid_cell,,,,,,,,,,,,,,
detroit,Detroit,detroit_-8030_4939,1632.0,7.0,137225.3747363793,1322.542087563906,121.92083614676508,0.00428921568627451,2.246969567972946,0.09218673439069196,0.0008884715117811451,True,0.08884715117811451,False,>0 to 0.25,15 May 2025,a,eligible_grid_cell,,,,,,,,,,,,,,
detroit,Detroit,detroit_-8030_4940,1055.0,3.0,139307.8942035887,6287.005547609633,29.184201075886076,0.002843601895734597,15.870818354425788,0.004641987485915633,0.00020949423751417433,True,0.020949423751417433,False,>0 to 0.25,15 May 2025,a,eligible_grid_cell,,,,,,,,,,,,,,
detroit,Detroit,detroit_-8030_4941,1897.0,0.0,141139.1011826258,0.0,0.0,0.0,,,0.0,True,0.0,True,zero,15 May 2025,a,eligible_grid_cell,,,,,,,,,,,,,,
detroit,Detroit,detroit_-8030_4942,1828.0,0.0,125900.34907550472,0.0,0.0,0.0,,,0.0,True,0.0,True,zero,15 May 2025,a,eligible_grid_cell,,,,,,,,,,,,,,
detroit,Detroit,detroit_-8029_4932,692.0,1.0,48134.944874053166,102.80796011667216,8.178694580010243,0.001445086705202312,1.4779929339669065,0.07955312575727218,0.00016991178864772972,True,0.01699117886477297,False,>0 to 0.25,15 May 2025,a,eligible_grid_cell,,,,,,,,,,,,,,
detroit,Detroit,detroit_-8029_4933,2276.0,0.0,177097.7415399463,0.0,0.0,0.0,,,0.0,True,0.0,True,zero,15 May 2025,a,eligible_grid_cell,,,,,,,,,,,,,,
detroit,Detroit,detroit_-8029_4934,697.0,2.0,110169.95979562057,4056.7138485747373,142.23404872974,0.0028694404591104736,12.832579578416942,0.03506139551344291,0.001291042031726275,True,0.1291042031726275,False,>0 to 0.25,15 May 2025,a,eligible_grid_cell,,,,,,,,,,,,,,
detroit,Detroit,detroit_-8029_4935,1192.0,2.0,100958.47155803573,174.61354341527795,13.569128534096253,0.0016778523489932886,1.030816634497893,0.07770948500727241,0.00013440307014053865,True,0.013440307014053864,False,>0 to 0.25,15 May 2025,a,eligible_grid_cell,,,,,,,,,,,,,,
detroit,Detroit,detroit_-8029_4936,902.0,0.0,80997.37691708142,0.0,0.0,0.0,,,0.0,True,0.0,True,zero,15 May 2025,a,eligible_grid_cell,,,,,,,,,,,,,,
detroit,Detroit,detroit_-8029_4937,2080.0,4.0,163978.90884656608,309.76320986971285,51.33055696681552,0.0019230769230769232,0.9823023598904977,0.16570901685970157,0.000313031458300806,True,0.0313031458300806,False,>0 to 0.25,15 May 2025,a,eligible_grid_cell,,,,,,,,,,,,,,
detroit,Detroit,detroit_-8029_4938,1752.0,2.0,173237.6685069814,166.7856426407114,15.791592502742548,0.001141552511415525,0.8433744474422735,0.09468196574186365,9.115565130170379e-05,True,0.009115565130170379,False,>0 to 0.25,15 May 2025,a,eligible_grid_cell,,,,,,,,,,,,,,
detroit,Detroit,detroit_-8029_4939,2592.0,2.0,182325.0854729655,179.981990089923,13.550720529490574,0.0007716049382716049,1.2793448501694336,0.07528931379589889,7.432175607837478e-05,True,0.0074321756078374775,False,>0 to 0.25,15 May 2025,a,eligible_grid_cell,,,,,,,,,,,,,,
detroit,Detroit,detroit_-8029_4940,1886.0,4.0,151618.57620704596,442.734993075683,44.04275211177187,0.0021208907741251328,1.376807212264823,0.099478814190418,0.00029048387878031747,True,0.029048387878031746,False,>0 to 0.25,15 May 2025,a,eligible_grid_cell,,,,,,,,,,,,,,
detroit,Detroit,detroit_-8029_4941,2419.0,2.0,184331.58836807907,190.07792635664595,4.999950650810669,0.0008267879288962381,1.247204854923147,0.02630474114826563,2.7124763015802864e-05,True,0.0027124763015802865,False,>0 to 0.25,15 May 2025,a,eligible_grid_cell,,,,,,,,,,,,,,
detroit,Detroit,detroit_-8029_4942,1990.0,0.0,165595.7295551609,0.0,0.0,0.0,,,0.0,True,0.0,True,zero,15 May 2025,a,eligible_grid_cell,,,,,,,,,,,,,,
detroit,Detroit,detroit_-8028_4932,325.0,1.0,24702.292077552454,150.73188442606914,2.0932164716400057,0.003076923076923077,1.9831302408973164,0.01388701852703689,8.473774275959436e-05,True,0.008473774275959436,False,>0 to 0.25,15 May 2025,a,eligible_grid_cell,,,,,,,,,,,,,,
detroit,Detroit,detroit_-8028_4933,1328.0,0.0,116642.97335701322,0.0,0.0,0.0,,,0.0,True,0.0,True,zero,15 May 2025,a,eligible_grid_cell,,,,,,,,,,,,,,
detroit,Detroit,detroit_-8028_4934,901.0,1.0,131009.3089751223,106.41892562852615,49.23103674973915,0.0011098779134295228,0.7318827397945411,0.46261542727454963,0.0003757827373861483,True,0.03757827373861483,False,>0 to 0.25,15 May 2025,a,eligible_grid_cell,,,,,,,,,,,,,,
detroit,Detroit,detroit_-8028_4935,1471.0,2.0,132237.4875162157,1607.7279159938757,176.37164158506707,0.0013596193065941536,8.942123027469746,0.10970241906637324,0.0013337491879028584,True,0.13337491879028585,False,>0 to 0.25,15 May 2025,a,eligible_grid_cell,,,,,,,,,,,,,,
detroit,Detroit,detroit_-8028_4936,974.0,6.0,131406.97407361315,5302.223586288852,92.03595246901031,0.006160164271047228,6.550090928649779,0.0173579915994128,0.0007003886446502641,True,0.07003886446502641,False,>0 to 0.25,15 May 2025,a,eligible_grid_cell,,,,,,,,,,,,,,
detroit,Detroit,detroit_-8028_4937,1349.0,2.0,171100.45466175812,3284.8659881366702,187.80262362334543,0.0014825796886582653,12.949364239728068,0.05717208077942804,0.0010976161576812006,True,0.10976161576812006,False,>0 to 0.25,15 May 2025,a,eligible_grid_cell,,,,,,,,,,,,,,
detroit,Detroit,detroit_-8028_4938,1358.0,3.0,171690.15035989622,2714.0113508667264,261.18879703283903,0.0022091310751104565,7.155579215913507,0.09623717931372237,0.001521280029665861,True,0.1521280029665861,False,>0 to 0.25,15 May 2025,a,eligible_grid_cell,,,,,,,,,,,,,,
detroit,Detroit,detroit_-8028_4939,1620.0,2.0,142390.02215758976,182.0987017197013,21.226023280892676,0.0012345679012345679,1.0358868280090083,0.11656328727464084,0.00014906959742867963,True,0.014906959742867962,False,>0 to 0.25,15 May 2025,a,eligible_grid_cell,,,,,,,,,,,,,,
detroit,Detroit,detroit_-8028_4940,1379.0,1.0,167218.15491720394,114.6206485083287,1.942371471575311,0.0007251631617113851,0.9452435016475795,0.016946086912378377,1.1615792989326147e-05,True,0.0011615792989326148,False,>0 to 0.25,15 May 2025,a,eligible_grid_cell,,,,,,,,,,,,,,
detroit,Detroit,detroit_-8028_4941,1623.0,1.0,153919.09804901894,27.753340572935212,6.310506814780724,0.0006161429451632779,0.292645112405276,0.22737827895697243,4.099885520879939e-05,True,0.004099885520879939,False,>0 to 0.25,15 May 2025,a,eligible_grid_cell,,,,,,,,,,,,,,
detroit,Detroit,detroit_-8028_4942,1144.0,0.0,146521.06534269775,0.0,0.0,0.0,,,0.0,True,0.0,True,zero,15 May 2025,a,eligible_grid_cell,,,,,,,,,,,,,,
detroit,Detroit,detroit_-8027_4934,1144.0,2.0,136427.86583533537,931.7365909208233,81.24525363825947,0.0017482517482517483,3.9064844029002903,0.08719766340609832,0.0005955180280861406,True,0.05955180280861406,False,>0 to 0.25,15 May 2025,a,eligible_grid_cell,,,,,,,,,,,,,,
detroit,Detroit,detroit_-8027_4935,1158.0,1.0,188389.23495936507,95.34752745817158,4.766659674386875,0.0008635578583765112,0.5860867624436092,0.04999248330249551,2.5302187120272703e-05,True,0.0025302187120272704,False,>0 to 0.25,15 May 2025,a,eligible_grid_cell,,,,,,,,,,,,,,
detroit,Detroit,detroit_-8027_4936,858.0,2.0,130553.00366986338,173.91025931253523,19.20643153371772,0.002331002331002331,0.5714728818782426,0.11043874932761569,0.00014711596818014303,True,0.014711596818014304,False,>0 to 0.25,15 May 2025,a,eligible_grid_cell,,,,,,,,,,,,,,
detroit,Detroit,detroit_-8027_4937,1031.0,5.0,110418.99998838526,504.06984120453785,60.852617364099956,0.004849660523763337,0.9413162704544403,0.12072259117642314,0.0005511063980881997,True,0.055110639808819965,False,>0 to 0.25,15 May 2025,a,eligible_grid_cell,,,,,,,,,,,,,,
detroit,Detroit,detroit_-8027_4938,1238.0,3.0,149859.66026588093,1135.498255186787,36.82664697709164,0.0024232633279483036,3.1268073018608815,0.03243214756946829,0.0002457408945926731,True,0.02457408945926731,False,>0 to 0.25,15 May 2025,a,eligible_grid_cell,,,,,,,,,,,,,,
detroit,Detroit,detroit_-8027_4939,1395.0,1.0,145650.6467687553,4071.9815328140485,13.45541481841029,0.0007168458781362007,39.000267862141406,0.003304389941354075,9.238142855467717e-05,True,0.009238142855467717,False,>0 to 0.25,15 May 2025,a,eligible_grid_cell,,,,,,,,,,,,,,
detroit,Detroit,detroit_-8027_4940,1442.0,2.0,159380.8749953863,5128.918549859645,45.353293663330945,0.0013869625520110957,23.201969963810598,0.00884266209775783,0.00028455919610583023,True,0.028455919610583025,False,>0 to 0.25,15 May 2025,a,eligible_grid_cell,,,,,,,,,,,,,,
detroit,Detroit,detroit_-8027_4941,1761.0,0.0,154360.05247861438,0.0,0.0,0.0,,,0.0,True,0.0,True,zero,15 May 2025,a,eligible_grid_cell,,,,,,,,,,,,,,
detroit,Detroit,detroit_-8027_4942,1447.0,1.0,158276.84213292258,154.18732220687764,10.094598345968286,0.000691085003455425,1.4096127533678147,0.06546970400344633,6.37781131461464e-05,True,0.00637781131461464,False,>0 to 0.25,15 May 2025,a,eligible_grid_cell,,,,,,,,,,,,,,
detroit,Detroit,detroit_-8026_4934,949.0,1.0,181775.8723545454,40800.58270322332,161.27894700404997,0.001053740779768177,213.00820886634423,0.003952858913245585,0.0008872406712453172,True,0.08872406712453172,False,>0 to 0.25,15 May 2025,a,eligible_grid_cell,,,,,,,,,,,,,,
detroit,Detroit,detroit_-8026_4935,1205.0,1.0,175973.76642793146,109.03362026615216,17.896306306536655,0.0008298755186721991,0.7466198802678986,0.16413566992319978,0.00010169871719979314,True,0.010169871719979314,False,>0 to 0.25,15 May 2025,a,eligible_grid_cell,,,,,,,,,,,,,,
detroit,Detroit,detroit_-8026_4936,992.0,4.0,169716.26006711592,32956.37432376034,385.9384540612142,0.004032258064516129,48.15791267766802,0.011710585948253619,0.002274021675404532,True,0.2274021675404532,False,>0 to 0.25,15 May 2025,a,eligible_grid_cell,,,,,,,,,,,,,,
detroit,Detroit,detroit_-8026_4937,389.0,2.0,124336.72417897191,1938.8596897688058,58.08606895092462,0.005141388174807198,3.0329591852300872,0.02995888214987385,0.0004671674385382292,True,0.04671674385382292,False,>0 to 0.25,15 May 2025,a,eligible_grid_cell,,,,,,,,,,,,,,
detroit,Detroit,detroit_-8026_4938,828.0,5.0,160057.97223557782,5117.331011387582,563.7062231810135,0.006038647342995169,5.294519252302612,0.11015629474165334,0.003521887821690848,True,0.35218878216908484,False,>0.25 to 1,15 May 2025,a,eligible_grid_cell,,,,,,,,,,,,,,
detroit,Detroit,detroit_-8026_4939,1612.0,2.0,172805.1941550444,218.16327043706963,12.532891340869664,0.0012406947890818859,1.017559667879608,0.05744730226935631,7.252612632479609e-05,True,0.007252612632479609,False,>0 to 0.25,15 May 2025,a,eligible_grid_cell,,,,,,,,,,,,,,
detroit,Detroit,detroit_-8026_4940,1344.0,0.0,181027.31291724506,0.0,0.0,0.0,,,0.0,True,0.0,True,zero,15 May 2025,a,eligible_grid_cell,,,,,,,,,,,,,,
detroit,Detroit,detroit_-8026_4941,1594.0,0.0,163069.71921551196,0.0,0.0,0.0,,,0.0,True,0.0,True,zero,15 May 2025,a,eligible_grid_cell,,,,,,,,,,,,,,
detroit,Detroit,detroit_-8026_4942,1359.0,0.0,146306.23153322624,0.0,0.0,0.0,,,0.0,True,0.0,True,zero,15 May 2025,a,eligible_grid_cell,,,,,,,,,,,,,,
detroit,Detroit,detroit_-8025_4925,394.0,3.0,36333.613809029564,283.2293190905363,39.57649637945295,0.007614213197969543,1.0237751402709683,0.13973304920032673,0.0010892529597377255,True,0.10892529597377254,False,>0 to 0.25,15 May 2025,a,eligible_grid_cell,,,,,,,,,,,,,,
detroit,Detroit,detroit_-8025_4926,366.0,3.0,33321.6052818551,279.7067092845026,51.863103878431396,0.00819672131147541,1.0240868722879706,0.18541959186856344,0.001556440736865485,True,0.1556440736865485,False,>0 to 0.25,15 May 2025,a,eligible_grid_cell,,,,,,,,,,,,,,
detroit,Detroit,detroit_-8025_4934,1128.0,12.0,120123.77094922855,2800.718898499449,118.52176700130916,0.010638297872340425,2.191635963295065,0.0423183372900472,0.0009866637224650856,True,0.09866637224650857,False,>0 to 0.25,15 May 2025,a,eligible_grid_cell,,,,,,,,,,,,,,
detroit,Detroit,detroit_-8025_4935,1413.0,2.0,134754.8856000251,124.25642385748208,13.959081329490784,0.0014154281670205238,0.6514581127386949,0.11234092287656193,0.00010358868450175275,True,0.010358868450175276,False,>0 to 0.25,15 May 2025,a,eligible_grid_cell,,,,,,,,,,,,,,
detroit,Detroit,detroit_-8025_4936,929.0,6.0,115147.2397311854,1770.5194376797938,61.56077281987875,0.006458557588805167,2.380738148021599,0.034769893800517704,0.000534626561293125,True,0.0534626561293125,False,>0 to 0.25,15 May 2025,a,eligible_grid_cell,,,,,,,,,,,,,,
detroit,Detroit,detroit_-8025_4937,1061.0,5.0,116771.1479432969,611.6833144221996,69.4661180799761,0.00471253534401508,1.111569095676101,0.1135654945003597,0.0005948911122609522,True,0.05948911122609522,False,>0 to 0.25,15 May 2025,a,eligible_grid_cell,,,,,,,,,,,,,,
detroit,Detroit,detroit_-8025_4938,628.0,1.0,170288.57475163,11622.333611483775,3.3532168045822415,0.0015923566878980893,42.86151034300055,0.0002885149331171324,1.9691378646353636e-05,True,0.0019691378646353635,False,>0 to 0.25,15 May 2025,a,eligible_grid_cell,,,,,,,,,,,,,,
detroit,Detroit,detroit_-8025_4939,1426.0,11.0,159553.85841698392,1207.5640562743376,106.13421288887855,0.007713884992987377,0.981137119882516,0.0878911659695564,0.0006651936464707954,True,0.06651936464707954,False,>0 to 0.25,15 May 2025,a,eligible_grid_cell,,,,,,,,,,,,,,
detroit,Detroit,detroit_-8025_4940,1446.0,3.0,192531.66295113208,328.24297295858184,49.57968488086004,0.002074688796680498,0.821751137142537,0.15104568556023917,0.00025751444786224195,True,0.025751444786224195,False,>0 to 0.25,15 May 2025,a,eligible_grid_cell,,,,,,,,,,,,,,
detroit,Detroit,detroit_-8025_4941,1566.0,1.0,162589.76924095818,113.16567110120356,4.951172177643065,0.0006385696040868455,1.0899667412766196,0.043751538160501466,3.0451929421865554e-05,True,0.0030451929421865553,False,>0 to 0.25,15 May 2025,a,eligible_grid_cell,,,,,,,,,,,,,,
detroit,Detroit,detroit_-8025_4942,1252.0,0.0,141589.32095217067,0.0,0.0,0.0,,,0.0,True,0.0,True,zero,15 May 2025,a,eligible_grid_cell,,,,,,,,,,,,,,
detroit,Detroit,detroit_-8025_4943,88.0,0.0,13934.75052668999,0.0,0.0,0.0,,,0.0,True,0.0,True,zero,15 May 2025,a,eligible_grid_cell,,,,,,,,,,,,,,
detroit,Detroit,detroit_-8024_4925,782.0,4.0,64846.46479190593,336.43154289809434,15.907257807808861,0.005115089514066497,1.0142783704191547,0.04728230198268655,0.00024530647675020814,True,0.024530647675020813,False,>0 to 0.25,15 May 2025,a,eligible_grid_cell,,,,,,,,,,,,,,
detroit,Detroit,detroit_-8024_4926,1147.0,6.0,117333.22716428802,612.8792168979321,67.76681130030603,0.0052310374891020054,0.9985413321974542,0.11057123399175699,0.000577558573458651,True,0.05775585734586511,False,>0 to 0.25,15 May 2025,a,eligible_grid_cell,,,,,,,,,,,,,,
detroit,Detroit,detroit_-8024_4927,190.0,1.0,50458.27929997187,51.49883422939394,43.4039749690074,0.005263157894736842,0.19391819616786463,0.8428147086916727,0.0008601953053328078,True,0.08601953053328078,False,>0 to 0.25,15 May 2025,a,eligible_grid_cell,,,,,,,,,,,,,,
detroit,Detroit,detroit_-8024_4928,102.0,0.0,58152.88798185569,0.0,0.0,0.0,,,0.0,True,0.0,True,zero,15 May 2025,a,eligible_grid_cell,,,,,,,,,,,,,,
detroit,Detroit,detroit_-8024_4932,335.0,0.0,81975.01833073267,0.0,0.0,0.0,,,0.0,True,0.0,True,zero,15 May 2025,a,eligible_grid_cell,,,,,,,,,,,,,,
detroit,Detroit,detroit_-8024_4934,1304.0,10.0,133717.0812569995,1310.0374888331935,83.10019313440381,0.007668711656441718,1.2775397648376827,0.06343344663244589,0.0006214628105341919,True,0.06214628105341919,False,>0 to 0.25,15 May 2025,a,eligible_grid_cell,,,,,,,,,,,,,,
detroit,Detroit,detroit_-8024_4935,1045.0,3.0,142436.13069838673,708.7215265372993,88.47267969999335,0.0028708133971291866,1.7332072314333236,0.124834192820778,0.0006211393083075053,True,0.062113930830750536,False,>0 to 0.25,15 May 2025,a,eligible_grid_cell,,,,,,,,,,,,,,
detroit,Detroit,detroit_-8024_4936,1206.0,8.0,150348.63199556255,954.1832874457222,139.5903276892383,0.006633499170812604,0.9567305579919613,0.14629299163571735,0.0009284442820428072,True,0.09284442820428072,False,>0 to 0.25,15 May 2025,a,eligible_grid_cell,,,,,,,,,,,,,,
detroit,Detroit,detroit_-8024_4937,1170.0,5.0,136802.9759070176,525.567002754933,35.145144540640004,0.004273504273504274,0.8989766328492981,0.06687091152301253,0.00025690336272017573,True,0.025690336272017573,False,>0 to 0.25,15 May 2025,a,eligible_grid_cell,,,,,,,,,,,,,,
detroit,Detroit,detroit_-8024_4938,1006.0,7.0,170663.51363270706,828.1478281451296,56.122785601767355,0.006958250497017893,0.6973762056947667,0.06776904278970355,0.00032885052233573385,True,0.03288505223357339,False,>0 to 0.25,15 May 2025,a,eligible_grid_cell,,,,,,,,,,,,,,
detroit,Detroit,detroit_-8024_4939,1381.0,6.0,156018.42216620833,657.3155140586292,70.86924929155228,0.004344677769732078,0.969706773844872,0.10781618229876604,0.0004542364184150921,True,0.04542364184150921,False,>0 to 0.25,15 May 2025,a,eligible_grid_cell,,,,,,,,,,,,,,
detroit,Detroit,detroit_-8024_4940,1439.0,4.0,186497.27783818074,513.3434804041801,77.75151259233401,0.002779708130646282,0.9902306307958134,0.15146099163685975,0.00041690427599590566,True,0.04169042759959057,False,>0 to 0.25,15 May 2025,a,eligible_grid_cell,,,,,,,,,,,,,,
detroit,Detroit,detroit_-8024_4941,1737.0,0.0,184451.72023226356,0.0,0.0,0.0,,,0.0,True,0.0,True,zero,15 May 2025,a,eligible_grid_cell,,,,,,,,,,,,,,
detroit,Detroit,detroit_-8024_4942,1192.0,0.0,153264.36708796246,0.0,0.0,0.0,,,0.0,True,0.0,True,zero,15 May 2025,a,eligible_grid_cell,,,,,,,,,,,,,,
detroit,Detroit,detroit_-8024_4943,128.0,0.0,17188.035614182787,0.0,0.0,0.0,,,0.0,True,0.0,True,zero,15 May 2025,a,eligible_grid_cell,,,,,,,,,,,,,,
detroit,Detroit,detroit_-8023_4926,643.0,0.0,59898.91312611791,0.0,0.0,0.0,,,0.0,True,0.0,True,zero,15 May 2025,a,eligible_grid_cell,,,,,,,,,,,,,,
detroit,Detroit,detroit_-8023_4927,731.0,4.0,114808.09926815928,2729.2897698278243,119.52996780742669,0.005471956224350205,4.344447026085077,0.043795264661460685,0.0010411283574013228,True,0.10411283574013229,False,>0 to 0.25,15 May 2025,a,eligible_grid_cell,,,,,,,,,,,,,,
detroit,Detroit,detroit_-8023_4928,99.0,1.0,41555.16787723111,1012.7836895480706,4.0467282347222,0.010101010101010102,2.412830711248226,0.003995649097121569,9.738206922127442e-05,True,0.009738206922127441,False,>0 to 0.25,15 May 2025,a,eligible_grid_cell,,,,,,,,,,,,,,
detroit,Detroit,detroit_-8023_4931,397.0,1.0,111273.53942965141,28.794732153638456,12.515942106311085,0.0025188916876574307,0.10273339666904023,0.43466082752673185,0.00011247905090880863,True,0.011247905090880863,False,>0 to 0.25,15 May 2025,a,eligible_grid_cell,,,,,,,,,,,,,,
detroit,Detroit,detroit_-8023_4932,1719.0,4.0,179019.72763447103,320.2504339709689,21.81063614178388,0.002326934264107039,0.7687846798652099,0.06810493859865009,0.00012183370196114715,True,0.012183370196114715,False,>0 to 0.25,15 May 2025,a,eligible_grid_cell,,,,,,,,,,,,,,
detroit,Detroit,detroit_-8023_4933,848.0,4.0,121557.75708934039,1386.846945498686,48.96207266537748,0.0047169811320754715,2.4186983988988375,0.035304597110946204,0.00040278854955667036,True,0.040278854955667034,False,>0 to 0.25,15 May 2025,a,eligible_grid_cell,,,,,,,,,,,,,,
detroit,Detroit,detroit_-8023_4934,1231.0,7.0,134973.31793695234,3449.601243532439,120.02387675493574,0.005686433793663688,4.4944958600442,0.034793550987948285,0.000889241507799344,True,0.08892415077993439,False,>0 to 0.25,15 May 2025,a,eligible_grid_cell,,,,,,,,,,,,,,
detroit,Detroit,detroit_-8023_4935,730.0,2.0,142858.51806175688,193.71001132985313,31.859314643440904,0.0027397260273972603,0.49492431459236763,0.16446911765025016,0.00022301305568400416,True,0.022301305568400417,False,>0 to 0.25,15 May 2025,a,eligible_grid_cell,,,,,,,,,,,,,,
detroit,Detroit,detroit_-8023_4936,772.0,2.0,145997.44150287053,10302.526476851132,917.3290447155797,0.0025906735751295338,27.23866376786026,0.0890392319570095,0.006283185754988341,True,0.6283185754988341,False,>0.25 to 1,15 May 2025,a,eligible_grid_cell,,,,,,,,,,,,,,
detroit,Detroit,detroit_-8023_4937,989.0,3.0,127207.21893724077,413.09484162408853,50.54856984652068,0.003033367037411527,1.0705650244786475,0.12236553147889288,0.0003973718651255117,True,0.03973718651255117,False,>0 to 0.25,15 May 2025,a,eligible_grid_cell,,,,,,,,,,,,,,
detroit,Detroit,detroit_-8023_4938,728.0,5.0,131382.56952372627,8224.315081802457,67.82954431175371,0.006868131868131868,9.114300932394151,0.008247439894640813,0.0005162750626482794,True,0.05162750626482794,False,>0 to 0.25,15 May 2025,a,eligible_grid_cell,,,,,,,,,,,,,,
detroit,Detroit,detroit_-8023_4939,1023.0,1.0,132097.17230961798,110.34011954647484,18.993512217831917,0.0009775171065493646,0.8545068779479479,0.172136048935781,0.0001437843966357863,True,0.01437843966357863,False,>0 to 0.25,15 May 2025,a,eligible_grid_cell,,,,,,,,,,,,,,
detroit,Detroit,detroit_-8023_4940,1831.0,3.0,185699.75700904158,801.0688150081857,107.79949370716572,0.0016384489350081922,2.632846741256232,0.1345695796509869,0.0005805042259797737,True,0.058050422597977366,False,>0 to 0.25,15 May 2025,a,eligible_grid_cell,,,,,,,,,,,,,,
detroit,Detroit,detroit_-8023_4941,1899.0,0.0,192394.53590391608,0.0,0.0,0.0,,,0.0,True,0.0,True,zero,15 May 2025,a,eligible_grid_cell,,,,,,,,,,,,,,
detroit,Detroit,detroit_-8023_4942,1296.0,0.0,147832.3416926336,0.0,0.0,0.0,,,0.0,True,0.0,True,zero,15 May 2025,a,eligible_grid_cell,,,,,,,,,,,,,,
detroit,Detroit,detroit_-8023_4943,109.0,0.0,26336.38371978749,0.0,0.0,0.0,,,0.0,True,0.0,True,zero,15 May 2025,a,eligible_grid_cell,,,,,,,,,,,,,,
detroit,Detroit,detroit_-8022_4927,52.0,0.0,35516.981553888334,0.0,0.0,0.0,,,0.0,True,0.0,True,zero,15 May 2025,a,eligible_grid_cell,,,,,,,,,,,,,,
detroit,Detroit,detroit_-8022_4928,211.0,1.0,40430.37103703283,712.8530304781899,86.49853929359332,0.004739336492890996,3.72027229958206,0.12134133628578267,0.002139444607479947,True,0.2139444607479947,False,>0 to 0.25,15 May 2025,a,eligible_grid_cell,,,,,,,,,,,,,,
detroit,Detroit,detroit_-8022_4929,831.0,2.0,75803.87983336269,4034.9939940952636,716.4010372485474,0.0024067388688327317,22.116809960546448,0.17754698973453628,0.009450717282853984,True,0.9450717282853984,False,>0.25 to 1,15 May 2025,a,eligible_grid_cell,,,,,,,,,,,,,,
detroit,Detroit,detroit_-8022_4930,785.0,2.0,86722.94045087598,181.04349350033917,12.569459315507276,0.0025477707006369425,0.8193860912630686,0.06942784340097662,0.00014493811268573417,True,0.014493811268573418,False,>0 to 0.25,15 May 2025,a,eligible_grid_cell,,,,,,,,,,,,,,
detroit,Detroit,detroit_-8022_4931,519.0,0.0,108625.24544115472,0.0,0.0,0.0,,,0.0,True,0.0,True,zero,15 May 2025,a,eligible_grid_cell,,,,,,,,,,,,,,
detroit,Detroit,detroit_-8022_4932,1394.0,1.0,164383.39456572864,845.0522914972314,38.16587362389104,0.0007173601147776184,7.166191557603566,0.045163919449612046,0.00023217596719375707,True,0.02321759671937571,False,>0 to 0.25,15 May 2025,a,eligible_grid_cell,,,,,,,,,,,,,,
detroit,Detroit,detroit_-8022_4933,1183.0,2.0,176438.3191353285,1024.9160656376923,15.13550420628064,0.0016906170752324597,3.4359761291973627,0.014767554840564903,8.57835433961014e-05,True,0.00857835433961014,False,>0 to 0.25,15 May 2025,a,eligible_grid_cell,,,,,,,,,,,,,,
detroit,Detroit,detroit_-8022_4934,822.0,3.0,138496.83317593427,3001.794069702673,80.38183320313652,0.0036496350364963502,5.938703118602798,0.026777930576396377,0.0005803875176050161,True,0.058038751760501606,False,>0 to 0.25,15 May 2025,a,eligible_grid_cell,,,,,,,,,,,,,,
detroit,Detroit,detroit_-8022_4935,854.0,3.0,123589.23678381564,1819.9234686504115,40.951811504164354,0.00351288056206089,4.191882407327831,0.022501941542922524,0.00033135419046075954,True,0.033135419046075955,False,>0 to 0.25,15 May 2025,a,eligible_grid_cell,,,,,,,,,,,,,,
detroit,Detroit,detroit_-8022_4936,1150.0,1.0,151300.74817541774,31.58280226539649,10.50131019374334,0.0008695652173913044,0.24005315930821694,0.33250090050587555,6.940686229501089e-05,True,0.006940686229501089,False,>0 to 0.25,15 May 2025,a,eligible_grid_cell,,,,,,,,,,,,,,
detroit,Detroit,detroit_-8022_4937,1494.0,8.0,170105.6637057227,1076.727575773846,145.49231637498116,0.00535475234270415,1.1820821858325994,0.1351245381362278,0.0008553055389541772,True,0.08553055389541772,False,>0 to 0.25,15 May 2025,a,eligible_grid_cell,,,,,,,,,,,,,,
detroit,Detroit,detroit_-8022_4938,747.0,3.0,166302.26165395122,378.80759653655986,31.631500747439723,0.004016064257028112,0.5671786456751555,0.08350281524617438,0.00019020487414212012,True,0.01902048741421201,False,>0 to 0.25,15 May 2025,a,eligible_grid_cell,,,,,,,,,,,,,,
detroit,Detroit,detroit_-8022_4939,1021.0,9.0,127569.6288156364,1450.886424368341,197.3998646379008,0.00881488736532811,1.2902366017096873,0.13605466377138442,0.001547389190284335,True,0.1547389190284335,False,>0 to 0.25,15 May 2025,a,eligible_grid_cell,,,,,,,,,,,,,,
detroit,Detroit,detroit_-8022_4940,1217.0,8.0,176958.7683367184,4260.057974152875,430.46190001591447,0.00657354149548069,3.662216489238163,0.10104601923909569,0.002432554792632985,True,0.2432554792632985,False,>0 to 0.25,15 May 2025,a,eligible_grid_cell,,,,,,,,,,,,,,
detroit,Detroit,detroit_-8022_4941,1235.0,0.0,174473.5794548607,0.0,0.0,0.0,,,0.0,True,0.0,True,zero,15 May 2025,a,eligible_grid_cell,,,,,,,,,,,,,,
detroit,Detroit,detroit_-8022_4942,1295.0,0.0,151495.73585656658,0.0,0.0,0.0,,,0.0,True,0.0,True,zero,15 May 2025,a,eligible_grid_cell,,,,,,,,,,,,,,
detroit,Detroit,detroit_-8022_4943,258.0,0.0,24118.43887811988,0.0,0.0,0.0,,,0.0,True,0.0,True,zero,15 May 2025,a,eligible_grid_cell,,,,,,,,,,,,,,
detroit,Detroit,detroit_-8021_4927,89.0,1.0,75004.69565321197,306.7472648083184,59.490098932966006,0.011235955056179775,0.3639839656728376,0.1939384821251477,0.0007931516609042921,True,0.07931516609042921,False,>0 to 0.25,15 May 2025,a,eligible_grid_cell,,,,,,,,,,,,,,
detroit,Detroit,detroit_-8021_4928,214.0,0.0,70969.02734960424,0.0,0.0,0.0,,,0.0,True,0.0,True,zero,15 May 2025,a,eligible_grid_cell,,,,,,,,,,,,,,
detroit,Detroit,detroit_-8021_4929,1303.0,1.0,136351.35484155963,150.1411959889583,31.774560209626696,0.0007674597083653108,1.4347783973319477,0.21163119156159824,0.00023303442966554134,True,0.023303442966554132,False,>0 to 0.25,15 May 2025,a,eligible_grid_cell,,,,,,,,,,,,,,
detroit,Detroit,detroit_-8021_4930,1817.0,8.0,225194.48602205855,3838.0119302795615,415.0791641782798,0.004402861860209136,3.8709138712186704,0.10814952421162624,0.0018432030531050456,True,0.18432030531050456,False,>0 to 0.25,15 May 2025,a,eligible_grid_cell,,,,,,,,,,,,,,
detroit,Detroit,detroit_-8021_4931,626.0,6.0,93618.13145165164,564.3378757257512,60.190209497960616,0.009584664536741214,0.6289300030638593,0.10665633494926181,0.000642933249837884,True,0.06429332498378841,False,>0 to 0.25,15 May 2025,a,eligible_grid_cell,,,,,,,,,,,,,,
detroit,Detroit,detroit_-8021_4932,1186.0,4.0,140575.85911566915,483.9329791950563,36.174548530352865,0.003372681281618887,1.020702482161396,0.0747511537455524,0.0002573311574115125,True,0.02573311574115125,False,>0 to 0.25,15 May 2025,a,eligible_grid_cell,,,,,,,,,,,,,,
detroit,Detroit,detroit_-8021_4933,463.0,2.0,172733.6537800708,441.1358406955577,21.364596552688965,0.004319654427645789,0.5912162736454781,0.04843087906664417,0.00012368520022097693,True,0.012368520022097693,False,>0 to 0.25,15 May 2025,a,eligible_grid_cell,,,,,,,,,,,,,,
detroit,Detroit,detroit_-8021_4934,1294.0,6.0,148033.17281230981,922.0919771920537,105.97375355579946,0.00463678516228748,1.3433779692962813,0.11492753019987202,0.0007158784179419218,True,0.07158784179419218,False,>0 to 0.25,15 May 2025,a,eligible_grid_cell,,,,,,,,,,,,,,
detroit,Detroit,detroit_-8021_4935,851.0,2.0,128064.48024493051,265.3250622268843,46.98478253277199,0.0023501762632197414,0.8815544619524452,0.17708384627681512,0.00036688379512344834,True,0.03668837951234483,False,>0 to 0.25,15 May 2025,a,eligible_grid_cell,,,,,,,,,,,,,,
detroit,Detroit,detroit_-8021_4936,903.0,1.0,129255.72895992077,36.8723435952873,3.160203423463057,0.0011074197120708748,0.2575957486330735,0.08570660596325554,2.4449232919052768e-05,True,0.0024449232919052767,False,>0 to 0.25,15 May 2025,a,eligible_grid_cell,,,,,,,,,,,,,,
detroit,Detroit,detroit_-8021_4937,1398.0,4.0,184925.79370517877,1127.2607472887403,43.74355412681959,0.002861230329041488,2.1304633782214317,0.03880517815601271,0.00023654652631400098,True,0.023654652631400097,False,>0 to 0.25,15 May 2025,a,eligible_grid_cell,,,,,,,,,,,,,,
detroit,Detroit,detroit_-8021_4938,696.0,3.0,179869.97937206036,375.05920505102915,35.66569877215213,0.004310344827586207,0.48375907906149906,0.09509351668171853,0.0001982860002356356,True,0.019828600023563563,False,>0 to 0.25,15 May 2025,a,eligible_grid_cell,,,,,,,,,,,,,,
detroit,Detroit,detroit_-8021_4939,1087.0,3.0,138885.2189516366,367.27803270327576,41.720606932531574,0.0027598896044158236,0.958180250238348,0.11359407102421964,0.0003003963074505413,True,0.03003963074505413,False,>0 to 0.25,15 May 2025,a,eligible_grid_cell,,,,,,,,,,,,,,
detroit,Detroit,detroit_-8021_4940,687.0,8.0,87857.99990836707,1067.3452637480011,138.4466330614809,0.011644832605531296,1.0432547362784959,0.12971119820715105,0.0015757999636444725,True,0.15757999636444725,False,>0 to 0.25,15 May 2025,a,eligible_grid_cell,,,,,,,,,,,,,,
detroit,Detroit,detroit_-8021_4941,131.0,0.0,37304.49918009206,0.0,0.0,0.0,,,0.0,True,0.0,True,zero,15 May 2025,a,eligible_grid_cell,,,,,,,,,,,,,,
detroit,Detroit,detroit_-8021_4942,221.0,0.0,54609.621958081414,0.0,0.0,0.0,,,0.0,True,0.0,True,zero,15 May 2025,a,eligible_grid_cell,,,,,,,,,,,,,,
detroit,Detroit,detroit_-8021_4943,103.0,0.0,14644.369177548113,0.0,0.0,0.0,,,0.0,True,0.0,True,zero,15 May 2025,a,eligible_grid_cell,,,,,,,,,,,,,,
detroit,Detroit,detroit_-8020_4928,248.0,0.0,41414.50046237063,0.0,0.0,0.0,,,0.0,True,0.0,True,zero,15 May 2025,a,eligible_grid_cell,,,,,,,,,,,,,,
detroit,Detroit,detroit_-8020_4929,640.0,1.0,111309.83542903922,98.40398101716708,8.966279598431832,0.0015625,0.5657949956375256,0.09111704125941428,8.055244681542896e-05,True,0.008055244681542896,False,>0 to 0.25,15 May 2025,a,eligible_grid_cell,,,,,,,,,,,,,,
detroit,Detroit,detroit_-8020_4930,959.0,3.0,154822.76883861233,5399.990512062799,35.32562580390334,0.0031282586027111575,11.149503267327132,0.006541794050376754,0.00022816815684731015,True,0.022816815684731016,False,>0 to 0.25,15 May 2025,a,eligible_grid_cell,,,,,,,,,,,,,,
detroit,Detroit,detroit_-8020_4931,567.0,1.0,83428.70553596501,2761.7086450174775,94.05400174493391,0.001763668430335097,18.769184918611447,0.0340564533896872,0.001127357797783264,True,0.1127357797783264,False,>0 to 0.25,15 May 2025,a,eligible_grid_cell,,,,,,,,,,,,,,
detroit,Detroit,detroit_-8020_4932,674.0,4.0,139583.96564902063,7941.888357874899,87.78407793429751,0.005934718100890208,9.587119710202257,0.011053300421587251,0.0006288980079203921,True,0.06288980079203921,False,>0 to 0.25,15 May 2025,a,eligible_grid_cell,,,,,,,,,,,,,,
detroit,Detroit,detroit_-8020_4933,554.0,7.0,72222.20077511897,913.1472995078168,94.9038742188018,0.01263537906137184,1.000649184041898,0.10393052059613456,0.0013140540332509062,True,0.13140540332509063,False,>0 to 0.25,15 May 2025,a,eligible_grid_cell,,,,,,,,,,,,,,
detroit,Detroit,detroit_-8020_4934,951.0,4.0,124967.45114772193,316.502657968642,39.11839029277189,0.004206098843322818,0.6021448484461336,0.12359577181385822,0.0003130286321238216,True,0.03130286321238216,False,>0 to 0.25,15 May 2025,a,eligible_grid_cell,,,,,,,,,,,,,,
detroit,Detroit,detroit_-8020_4935,1605.0,5.0,192662.56430430312,2443.4288736056756,34.778698361607965,0.003115264797507788,4.071059010657544,0.014233562817110513,0.00018051611887961975,True,0.018051611887961973,False,>0 to 0.25,15 May 2025,a,eligible_grid_cell,,,,,,,,,,,,,,
detroit,Detroit,detroit_-8020_4936,1114.0,2.0,155160.58452115054,215.85884041228127,17.599883305870243,0.0017953321364452424,0.7748963725594317,0.08153422520131771,0.00011343011732126554,True,0.011343011732126554,False,>0 to 0.25,15 May 2025,a,eligible_grid_cell,,,,,,,,,,,,,,
detroit,Detroit,detroit_-8020_4937,1045.0,5.0,147700.02854144116,10447.585594787899,70.77336227453138,0.004784688995215311,14.78364906813826,0.006774135673015099,0.00047916959105173115,True,0.047916959105173115,False,>0 to 0.25,15 May 2025,a,eligible_grid_cell,,,,,,,,,,,,,,
detroit,Detroit,detroit_-8020_4938,860.0,1.0,127012.97554589699,127.02709793493341,4.518631155641253,0.0011627906976744186,0.8600956221560759,0.035572182857832535,3.557613807739206e-05,True,0.003557613807739206,False,>0 to 0.25,15 May 2025,a,eligible_grid_cell,,,,,,,,,,,,,,
detroit,Detroit,detroit_-8020_4939,265.0,1.0,98250.02567758743,126.39986763889152,8.014873656871547,0.0037735849056603774,0.3409257625461087,0.06340887697579739,8.157630088741933e-05,True,0.008157630088741933,False,>0 to 0.25,15 May 2025,a,eligible_grid_cell,,,,,,,,,,,,,,
detroit,Detroit,detroit_-8020_4940,142.0,0.0,69052.56166141223,0.0,0.0,0.0,,,0.0,True,0.0,True,zero,15 May 2025,a,eligible_grid_cell,,,,,,,,,,,,,,
detroit,Detroit,detroit_-8020_4941,213.0,0.0,52101.50359058849,0.0,0.0,0.0,,,0.0,True,0.0,True,zero,15 May 2025,a,eligible_grid_cell,,,,,,,,,,,,,,
detroit,Detroit,detroit_-8020_4942,239.0,0.0,178445.60814583127,0.0,0.0,0.0,,,0.0,True,0.0,True,zero,15 May 2025,a,eligible_grid_cell,,,,,,,,,,,,,,
detroit,Detroit,detroit_-8019_4928,66.0,0.0,36012.60911629,0.0,0.0,0.0,,,0.0,True,0.0,True,zero,15 May 2025,a,eligible_grid_cell,,,,,,,,,,,,,,
detroit,Detroit,detroit_-8019_4929,90.0,1.0,124202.60636772211,12514.80467893691,47.27217882176818,0.011111111111111112,9.068508737808855,0.003777300567968896,0.00038060536895506984,True,0.03806053689550699,False,>0 to 0.25,15 May 2025,a,eligible_grid_cell,,,,,,,,,,,,,,
detroit,Detroit,detroit_-8019_4930,1334.0,4.0,157601.46839275616,1326.1154227790494,452.911234889347,0.0029985007496251873,2.806188914399357,0.3415322882982628,0.002873775476257962,True,0.2873775476257962,False,>0.25 to 1,15 May 2025,a,eligible_grid_cell,,,,,,,,,,,,,,
detroit,Detroit,detroit_-8019_4931,869.0,2.0,154912.41310799707,203.4096493521192,15.586161699049732,0.0023014959723820483,0.57052556906386,0.0766244951932874,0.00010061273584437583,True,0.010061273584437584,False,>0 to 0.25,15 May 2025,a,eligible_grid_cell,,,,,,,,,,,,,,
detroit,Detroit,detroit_-8019_4932,481.0,1.0,117562.37523859963,162.1153589490065,18.45124381159022,0.002079002079002079,0.6632860853331034,0.11381551958561849,0.00015694854560519345,True,0.015694854560519344,False,>0 to 0.25,15 May 2025,a,eligible_grid_cell,,,,,,,,,,,,,,
detroit,Detroit,detroit_-8019_4933,415.0,4.0,69331.2596031519,1071.865692211999,104.74254994767225,0.00963855421686747,1.6039816123856965,0.09771984560072638,0.0015107550410480425,True,0.15107550410480425,False,>0 to 0.25,15 May 2025,a,eligible_grid_cell,,,,,,,,,,,,,,
detroit,Detroit,detroit_-8019_4934,407.0,0.0,91153.77703935019,0.0,0.0,0.0,,,0.0,True,0.0,True,zero,15 May 2025,a,eligible_grid_cell,,,,,,,,,,,,,,
detroit,Detroit,detroit_-8019_4935,1077.0,4.0,132166.02395678023,815.1167131388278,112.55631245499367,0.003714020427112349,1.6605642542776242,0.13808613004825418,0.0008516281952447994,True,0.08516281952447993,False,>0 to 0.25,15 May 2025,a,eligible_grid_cell,,,,,,,,,,,,,,
detroit,Detroit,detroit_-8019_4936,1580.0,12.0,182916.00535341166,1819.8640256969845,133.07404783112446,0.007594936708860759,1.3099751964686877,0.07312307180760871,0.0007275145090448064,True,0.07275145090448064,False,>0 to 0.25,15 May 2025,a,eligible_grid_cell,,,,,,,,,,,,,,
detroit,Detroit,detroit_-8019_4937,747.0,8.0,121225.56773800518,2605.2200892189203,71.50131509691666,0.0107095046854083,2.006692403013197,0.027445402940353383,0.0005898204185064866,True,0.05898204185064866,False,>0 to 0.25,15 May 2025,a,eligible_grid_cell,,,,,,,,,,,,,,
detroit,Detroit,detroit_-8019_4938,90.0,1.0,13382.969607388835,1052.5420289495382,76.58453966803239,0.011111111111111112,7.078308132236809,0.07276150268741816,0.005722537068734693,True,0.5722537068734693,False,>0.25 to 1,15 May 2025,a,eligible_grid_cell,,,,,,,,,,,,,,
detroit,Detroit,detroit_-8019_4940,395.0,0.0,67739.44372056151,0.0,0.0,0.0,,,0.0,True,0.0,True,zero,15 May 2025,a,eligible_grid_cell,,,,,,,,,,,,,,
detroit,Detroit,detroit_-8019_4941,853.0,0.0,131926.968023066,0.0,0.0,0.0,,,0.0,True,0.0,True,zero,15 May 2025,a,eligible_grid_cell,,,,,,,,,,,,,,
detroit,Detroit,detroit_-8019_4942,650.0,0.0,101709.69968283542,0.0,0.0,0.0,,,0.0,True,0.0,True,zero,15 May 2025,a,eligible_grid_cell,,,,,,,,,,,,,,
detroit,Detroit,detroit_-8019_4943,208.0,0.0,24444.034757388625,0.0,0.0,0.0,,,0.0,True,0.0,True,zero,15 May 2025,a,eligible_grid_cell,,,,,,,,,,,,,,
detroit,Detroit,detroit_-8018_4929,137.0,1.0,76741.23069957305,661.1275930897276,36.78971276058343,0.0072992700729927005,1.1802583751604676,0.05564691769806432,0.00047939956689785156,True,0.04793995668978516,False,>0 to 0.25,15 May 2025,a,eligible_grid_cell,,,,,,,,,,,,,,
detroit,Detroit,detroit_-8018_4930,808.0,3.0,127088.4353643674,936.0561313283001,16.222155637082885,0.0037128712871287127,1.983745549427399,0.017330323571582203,0.00012764462471013467,True,0.012764462471013467,False,>0 to 0.25,15 May 2025,a,eligible_grid_cell,,,,,,,,,,,,,,
detroit,Detroit,detroit_-8018_4931,807.0,2.0,138759.71143995092,900.6643007050835,19.775244873260423,0.0024783147459727386,2.6190458423645,0.02195628810621161,0.000142514312461786,True,0.014251431246178599,False,>0 to 0.25,15 May 2025,a,eligible_grid_cell,,,,,,,,,,,,,,
detroit,Detroit,detroit_-8018_4932,521.0,1.0,134091.77887982683,1906.472741769321,9.883629870353555,0.0019193857965451055,7.407406380610312,0.005184249244067846,7.370794804065709e-05,True,0.007370794804065709,False,>0 to 0.25,15 May 2025,a,eligible_grid_cell,,,,,,,,,,,,,,
detroit,Detroit,detroit_-8018_4933,169.0,1.0,59608.633704061845,446.49399286344527,11.874065396913641,0.005917159763313609,1.26588180444707,0.026594009296212813,0.00019920042884835523,True,0.019920042884835523,False,>0 to 0.25,15 May 2025,a,eligible_grid_cell,,,,,,,,,,,,,,
detroit,Detroit,detroit_-8018_4934,414.0,3.0,74746.48467921758,308.36311802336866,423.5511983852445,0.007246376811594203,0.5693125298112723,1.3735468790828174,0.0056665032503262075,True,0.5666503250326207,False,>0.25 to 1,15 May 2025,a,eligible_grid_cell,,,,,,,,,,,,,,
detroit,Detroit,detroit_-8018_4935,724.0,6.0,123595.87408683098,2046.1806409736087,110.94558180670697,0.008287292817679558,1.9976864047313398,0.054220814910025304,0.0008976479403249604,True,0.08976479403249604,False,>0 to 0.25,15 May 2025,a,eligible_grid_cell,,,,,,,,,,,,,,
detroit,Detroit,detroit_-8018_4936,1033.0,3.0,154771.56844981425,333.3787331105145,70.97765835349581,0.002904162633107454,0.7416957234726849,0.21290397768104435,0.00045859623356153304,True,0.0458596233561533,False,>0 to 0.25,15 May 2025,a,eligible_grid_cell,,,,,,,,,,,,,,
detroit,Detroit,detroit_-8018_4937,861.0,9.0,110633.72920661274,1979.3529562329413,106.84776332128914,0.010452961672473868,1.7115765764885726,0.05398115731953099,0.0009657792798591,True,0.09657792798591,False,>0 to 0.25,15 May 2025,a,eligible_grid_cell,,,,,,,,,,,,,,
detroit,Detroit,detroit_-8018_4940,175.0,0.0,26891.107427028546,0.0,0.0,0.0,,,0.0,True,0.0,True,zero,15 May 2025,a,eligible_grid_cell,,,,,,,,,,,,,,
detroit,Detroit,detroit_-8018_4941,738.0,0.0,106052.85231543538,0.0,0.0,0.0,,,0.0,True,0.0,True,zero,15 May 2025,a,eligible_grid_cell,,,,,,,,,,,,,,
detroit,Detroit,detroit_-8018_4942,977.0,0.0,105857.51840801862,0.0,0.0,0.0,,,0.0,True,0.0,True,zero,15 May 2025,a,eligible_grid_cell,,,,,,,,,,,,,,
detroit,Detroit,detroit_-8018_4943,241.0,0.0,18708.818477527937,0.0,0.0,0.0,,,0.0,True,0.0,True,zero,15 May 2025,a,eligible_grid_cell,,,,,,,,,,,,,,
detroit,Detroit,detroit_-8017_4930,171.0,1.0,126974.38462686751,149.5570667572685,32.39469992097545,0.005847953216374269,0.20141273762142303,0.21660427436406016,0.00025512783555653315,True,0.025512783555653316,False,>0 to 0.25,15 May 2025,a,eligible_grid_cell,,,,,,,,,,,,,,
detroit,Detroit,detroit_-8017_4931,481.0,4.0,89114.92392035433,2167.826054484661,327.9632884035274,0.008316008316008316,2.9252236503591917,0.15128671773505892,0.003680228563025444,True,0.36802285630254444,False,>0.25 to 1,15 May 2025,a,eligible_grid_cell,,,,,,,,,,,,,,
detroit,Detroit,detroit_-8017_4932,227.0,1.0,92775.0863972994,12155.754105438267,14.803275875608875,0.004405286343612335,29.74242643243509,0.001217799878741061,0.00015956089560742017,True,0.01595608956074202,False,>0 to 0.25,15 May 2025,a,eligible_grid_cell,,,,,,,,,,,,,,
detroit,Detroit,detroit_-8017_4933,376.0,1.0,115082.17594433078,85.9806473093765,4.088156442113991,0.0026595744680851063,0.28091859684651843,0.047547402468417606,3.552380208809723e-05,True,0.0035523802088097234,False,>0 to 0.25,15 May 2025,a,eligible_grid_cell,,,,,,,,,,,,,,
detroit,Detroit,detroit_-8017_4934,320.0,0.0,126929.65563036963,0.0,0.0,0.0,,,0.0,True,0.0,True,zero,15 May 2025,a,eligible_grid_cell,,,,,,,,,,,,,,
detroit,Detroit,detroit_-8017_4935,379.0,2.0,186625.08134090787,2120.834552115486,47.523560606885155,0.005277044854881266,2.153505545654593,0.022407952831342476,0.00025464723318766524,True,0.025464723318766525,False,>0 to 0.25,15 May 2025,a,eligible_grid_cell,,,,,,,,,,,,,,
detroit,Detroit,detroit_-8017_4936,814.0,2.0,147170.25734837336,766.3664096889979,27.421874062890378,0.002457002457002457,2.119389707969887,0.03578167533989199,0.00018632755392945208,True,0.01863275539294521,False,>0 to 0.25,15 May 2025,a,eligible_grid_cell,,,,,,,,,,,,,,
detroit,Detroit,detroit_-8017_4937,765.0,8.0,147872.22620353475,2592.444529192891,136.87550777327294,0.01045751633986928,1.6764642994070533,0.0527978540068846,0.0009256336452585378,True,0.09256336452585379,False,>0 to 0.25,15 May 2025,a,eligible_grid_cell,,,,,,,,,,,,,,
detroit,Detroit,detroit_-8017_4938,229.0,0.0,27770.043005731353,0.0,0.0,0.0,,,0.0,True,0.0,True,zero,15 May 2025,a,eligible_grid_cell,,,,,,,,,,,,,,
detroit,Detroit,detroit_-8017_4940,459.0,0.0,90370.33440098047,0.0,0.0,0.0,,,0.0,True,0.0,True,zero,15 May 2025,a,eligible_grid_cell,,,,,,,,,,,,,,
detroit,Detroit,detroit_-8017_4941,1400.0,1.0,137729.175653764,80.237571985387,9.02827374604623,0.0007142857142857143,0.8156049743732847,0.11251927896933961,6.555091688592051e-05,True,0.0065550916885920504,False,>0 to 0.25,15 May 2025,a,eligible_grid_cell,,,,,,,,,,,,,,
detroit,Detroit,detroit_-8017_4942,1514.0,0.0,137925.73575568685,0.0,0.0,0.0,,,0.0,True,0.0,True,zero,15 May 2025,a,eligible_grid_cell,,,,,,,,,,,,,,
detroit,Detroit,detroit_-8017_4943,265.0,0.0,40113.20105808188,0.0,0.0,0.0,,,0.0,True,0.0,True,zero,15 May 2025,a,eligible_grid_cell,,,,,,,,,,,,,,
detroit,Detroit,detroit_-8016_4931,335.0,2.0,186353.67366545735,5002.677427698612,17.873641616268497,0.005970149253731343,4.496549237037338,0.0035728151324141903,9.591247258347753e-05,True,0.009591247258347754,False,>0 to 0.25,15 May 2025,a,eligible_grid_cell,,,,,,,,,,,,,,
detroit,Detroit,detroit_-8016_4932,392.0,1.0,118553.8578208744,26735.19518836953,5.452256986327302,0.002551020408163265,88.40029929414538,0.0002039355593969693,4.598970532502818e-05,True,0.004598970532502819,False,>0 to 0.25,15 May 2025,a,eligible_grid_cell,,,,,,,,,,,,,,
detroit,Detroit,detroit_-8016_4933,581.0,3.0,135580.5585566932,673.4797135269416,40.393503390360586,0.0051635111876075735,0.9620152961078461,0.05997731272234483,0.0002979299083907372,True,0.02979299083907372,False,>0 to 0.25,15 May 2025,a,eligible_grid_cell,,,,,,,,,,,,,,
detroit,Detroit,detroit_-8016_4934,185.0,7.0,169308.87634502962,6591.616914897074,734.8853042900787,0.03783783783783784,1.0289302145631487,0.11148786614544236,0.004340500747240667,True,0.43405007472406665,False,>0.25 to 1,15 May 2025,a,eligible_grid_cell,,,,,,,,,,,,,,
detroit,Detroit,detroit_-8016_4935,210.0,1.0,235850.27560072683,2865.6211356683248,24.5634236901096,0.004761904761904762,2.551535871465794,0.00857176246516652,0.00010414837815026875,True,0.010414837815026876,False,>0 to 0.25,15 May 2025,a,eligible_grid_cell,,,,,,,,,,,,,,
detroit,Detroit,detroit_-8016_4936,693.0,6.0,149715.05288449035,2085.816836835428,72.54445699520669,0.008658008658008658,1.6091357549755714,0.03477987890119351,0.00048455018782364465,True,0.04845501878236447,False,>0 to 0.25,15 May 2025,a,eligible_grid_cell,,,,,,,,,,,,,,
detroit,Detroit,detroit_-8016_4937,662.0,2.0,97173.89281556658,415.6245476443943,21.482603913136238,0.0030211480362537764,1.41572722141946,0.051687524317058905,0.00022107382230646702,True,0.0221073822306467,False,>0 to 0.25,15 May 2025,a,eligible_grid_cell,,,,,,,,,,,,,,
detroit,Detroit,detroit_-8016_4938,154.0,2.0,70380.57458321996,10789.01457378614,20.55454588987349,0.012987012987012988,11.803741687263805,0.0019051365395144125,0.00029204856612202306,True,0.029204856612202307,False,>0 to 0.25,15 May 2025,a,eligible_grid_cell,,,,,,,,,,,,,,
detroit,Detroit,detroit_-8016_4939,394.0,2.0,88383.28703494807,142.30880709917412,21.616136426317738,0.005076142131979695,0.3171961118333595,0.15189598498463688,0.0002445726692397217,True,0.02445726692397217,False,>0 to 0.25,15 May 2025,a,eligible_grid_cell,,,,,,,,,,,,,,
detroit,Detroit,detroit_-8016_4940,912.0,0.0,108469.79347493954,0.0,0.0,0.0,,,0.0,True,0.0,True,zero,15 May 2025,a,eligible_grid_cell,,,,,,,,,,,,,,
detroit,Detroit,detroit_-8016_4941,1334.0,0.0,149604.47142693884,0.0,0.0,0.0,,,0.0,True,0.0,True,zero,15 May 2025,a,eligible_grid_cell,,,,,,,,,,,,,,
detroit,Detroit,detroit_-8016_4942,1498.0,1.0,136456.26051812674,125.39021020614288,8.055954859439664,0.0006675567423230974,1.376518264355121,0.06424707994504185,5.9036901853026505e-05,True,0.0059036901853026505,False,>0 to 0.25,15 May 2025,a,eligible_grid_cell,,,,,,,,,,,,,,
detroit,Detroit,detroit_-8016_4943,401.0,0.0,36572.796493379166,0.0,0.0,0.0,,,0.0,True,0.0,True,zero,15 May 2025,a,eligible_grid_cell,,,,,,,,,,,,,,
detroit,Detroit,detroit_-8015_4931,93.0,1.0,146526.32883653947,2212.4042261302043,1389.0436117966601,0.010752688172043012,1.404209022800549,0.627843499569826,0.009479822655942174,True,0.9479822655942174,False,>0.25 to 1,15 May 2025,a,eligible_grid_cell,,,,,,,,,,,,,,
detroit,Detroit,detroit_-8015_4932,310.0,5.0,215734.6560172651,62677.3670626443,310.5308216097869,0.016129032258064516,18.012853519338833,0.004954433093837843,0.001439410928881706,True,0.1439410928881706,False,>0 to 0.25,15 May 2025,a,eligible_grid_cell,,,,,,,,,,,,,,
detroit,Detroit,detroit_-8015_4933,292.0,14.0,174746.30645708917,1995.5853661694553,313.3562260694511,0.04794520547945205,0.23818648822795488,0.15702471634723467,0.0017932065771381503,True,0.17932065771381503,False,>0 to 0.25,15 May 2025,a,eligible_grid_cell,,,,,,,,,,,,,,
detroit,Detroit,detroit_-8015_4934,282.0,8.0,261255.3037535458,44284.169602566464,1360.9390421440992,0.028368794326241134,5.97506330421926,0.03073195352556022,0.005209230291561605,True,0.5209230291561605,False,>0.25 to 1,15 May 2025,a,eligible_grid_cell,,,,,,,,,,,,,,
detroit,Detroit,detroit_-8015_4935,269.0,7.0,162744.23951360362,9824.855526973948,177.0990915834426,0.026022304832713755,2.3199295011738568,0.018025617893028607,0.0010882049780240551,True,0.10882049780240552,False,>0 to 0.25,15 May 2025,a,eligible_grid_cell,,,,,,,,,,,,,,
detroit,Detroit,detroit_-8015_4936,347.0,0.0,159513.62683502585,0.0,0.0,0.0,,,0.0,True,0.0,True,zero,15 May 2025,a,eligible_grid_cell,,,,,,,,,,,,,,
detroit,Detroit,detroit_-8015_4939,935.0,1.0,106748.80130477675,111.87277995377738,11.996151602995065,0.0010695187165775401,0.9798803169521043,0.10723029862985017,0.00011237738931367529,True,0.011237738931367529,False,>0 to 0.25,15 May 2025,a,eligible_grid_cell,,,,,,,,,,,,,,
detroit,Detroit,detroit_-8015_4940,644.0,3.0,121673.20559614831,343.59630363714325,72.88812258337465,0.004658385093167702,0.6062030898206919,0.212133023003497,0.000599048263964552,True,0.059904826396455196,False,>0 to 0.25,15 May 2025,a,eligible_grid_cell,,,,,,,,,,,,,,
detroit,Detroit,detroit_-8015_4941,1094.0,0.0,137311.80087329636,0.0,0.0,0.0,,,0.0,True,0.0,True,zero,15 May 2025,a,eligible_grid_cell,,,,,,,,,,,,,,
detroit,Detroit,detroit_-8015_4942,1547.0,1.0,127878.30587544004,73.64071107522425,4.0766203111893695,0.0006464124111182935,0.8908640074129375,0.055358242087384074,3.1878904582613136e-05,True,0.0031878904582613135,False,>0 to 0.25,15 May 2025,a,eligible_grid_cell,,,,,,,,,,,,,,
detroit,Detroit,detroit_-8015_4943,368.0,0.0,37455.83526593107,0.0,0.0,0.0,,,0.0,True,0.0,True,zero,15 May 2025,a,eligible_grid_cell,,,,,,,,,,,,,,
detroit,Detroit,detroit_-8014_4932,250.0,5.0,255276.94359546065,7759.974644121739,96.2483499287716,0.02,1.519912949212333,0.012403178404929547,0.00037703502938086375,True,0.03770350293808637,False,>0 to 0.25,15 May 2025,a,eligible_grid_cell,,,,,,,,,,,,,,
detroit,Detroit,detroit_-8014_4933,268.0,3.0,245432.20984661832,67400.9307238498,70.48447591191035,0.011194029850746268,24.532842755616596,0.001045749296856066,0.00028718510889813234,True,0.028718510889813233,False,>0 to 0.25,15 May 2025,a,eligible_grid_cell,,,,,,,,,,,,,,
detroit,Detroit,detroit_-8014_4934,174.0,6.0,213857.49244206044,32589.257643638877,1578.7033541509502,0.034482758620689655,4.419244146527046,0.048442446017456266,0.007382034345037792,True,0.7382034345037791,False,>0.25 to 1,15 May 2025,a,eligible_grid_cell,,,,,,,,,,,,,,
detroit,Detroit,detroit_-8014_4935,118.0,4.0,172345.33079071963,2732.20063793167,101.79850406208209,0.03389830508474576,0.46766523032096186,0.037258795217596306,0.0005906658659972451,True,0.05906658659972452,False,>0 to 0.25,15 May 2025,a,eligible_grid_cell,,,,,,,,,,,,,,
detroit,Detroit,detroit_-8014_4936,70.0,2.0,112984.37009064713,243.78644602589424,10.4051785906418,0.02857142857142857,0.07551952189546811,0.04268153033223428,9.209396469877865e-05,True,0.009209396469877866,False,>0 to 0.25,15 May 2025,a,eligible_grid_cell,,,,,,,,,,,,,,
detroit,Detroit,detroit_-8014_4939,1391.0,1.0,152034.53380151006,45.80039354220303,23.654681820416382,0.0007189072609633358,0.41903866065310774,0.5164733311433152,0.00015558755783274178,True,0.015558755783274177,False,>0 to 0.25,15 May 2025,a,eligible_grid_cell,,,,,,,,,,,,,,
detroit,Detroit,detroit_-8014_4940,603.0,2.0,99683.20060183336,240.24058124745727,12.722176623221992,0.003316749585406302,0.7266273033851222,0.0529559850261836,0.00012762608490109021,True,0.012762608490109021,False,>0 to 0.25,15 May 2025,a,eligible_grid_cell,,,,,,,,,,,,,,
detroit,Detroit,detroit_-8014_4941,1015.0,1.0,135752.95236683413,72.71339926047177,26.9906081197349,0.0009852216748768472,0.5436647893295466,0.371191670231919,0.00019882151842120076,True,0.019882151842120076,False,>0 to 0.25,15 May 2025,a,eligible_grid_cell,,,,,,,,,,,,,,
detroit,Detroit,detroit_-8014_4942,1325.0,0.0,123700.69495181696,0.0,0.0,0.0,,,0.0,True,0.0,True,zero,15 May 2025,a,eligible_grid_cell,,,,,,,,,,,,,,
detroit,Detroit,detroit_-8014_4943,306.0,1.0,26026.09260647293,49.44838748761709,9.12066320366403,0.0032679738562091504,0.5813860267079646,0.18444814213502989,0.00035044304735147363,True,0.035044304735147365,False,>0 to 0.25,15 May 2025,a,eligible_grid_cell,,,,,,,,,,,,,,
detroit,Detroit,detroit_-8013_4932,222.0,4.0,338421.3231511267,10470.162274694707,289.1935223270671,0.018018018018018018,1.7170726738931303,0.02762072972125922,0.0008545369412137301,True,0.08545369412137302,False,>0 to 0.25,15 May 2025,a,eligible_grid_cell,,,,,,,,,,,,,,
detroit,Detroit,detroit_-8013_4933,163.0,2.0,213527.5763855849,63085.296238613264,785.4437514172148,0.012269938650306749,24.07863064095583,0.012450504289404607,0.0036784183322479728,True,0.3678418332247973,False,>0.25 to 1,15 May 2025,a,eligible_grid_cell,,,,,,,,,,,,,,
detroit,Detroit,detroit_-8013_4934,133.0,2.0,160560.7499355391,1691.4940492990863,8.515308077614751,0.015037593984962405,0.700571928840322,0.005034193339990339,5.303480508800204e-05,True,0.0053034805088002035,False,>0 to 0.25,15 May 2025,a,eligible_grid_cell,,,,,,,,,,,,,,
detroit,Detroit,detroit_-8013_4935,238.0,0.0,77463.62237623268,0.0,0.0,0.0,,,0.0,True,0.0,True,zero,15 May 2025,a,eligible_grid_cell,,,,,,,,,,,,,,
detroit,Detroit,detroit_-8013_4936,204.0,1.0,411983.0006845184,230.9381418969752,7.536443015920799,0.004901960784313725,0.1143527302551474,0.03263403331305451,1.8293092198947142e-05,True,0.0018293092198947143,False,>0 to 0.25,15 May 2025,a,eligible_grid_cell,,,,,,,,,,,,,,
detroit,Detroit,detroit_-8013_4937,220.0,2.0,46620.99577161211,277.37983382398215,34.946116237493584,0.00909090909090909,0.6544643934700533,0.12598650650165671,0.0007495789323910697,True,0.07495789323910697,False,>0 to 0.25,15 May 2025,a,eligible_grid_cell,,,,,,,,,,,,,,
detroit,Detroit,detroit_-8013_4938,238.0,3.0,33454.47107158385,330.6163407147573,53.59458345204652,0.012605042016806723,0.7840176670929199,0.16210506515249892,0.0016020155672874959,True,0.16020155672874958,False,>0 to 0.25,15 May 2025,a,eligible_grid_cell,,,,,,,,,,,,,,
detroit,Detroit,detroit_-8013_4939,648.0,3.0,115685.34623843114,417.7792505344539,166.4297606493946,0.004629629629629629,0.7800496869279703,0.3983677036053979,0.0014386416781463197,True,0.143864167814632,False,>0 to 0.25,15 May 2025,a,eligible_grid_cell,,,,,,,,,,,,,,
detroit,Detroit,detroit_-8013_4940,708.0,5.0,116580.89046982271,1801.098639221876,326.4827059259804,0.007062146892655367,2.1876275458698298,0.18126864282515356,0.002800482176883795,True,0.2800482176883795,False,>0.25 to 1,15 May 2025,a,eligible_grid_cell,,,,,,,,,,,,,,
detroit,Detroit,detroit_-8013_4941,808.0,3.0,124556.01329602647,843.9856781983387,31.35612138595242,0.0037128712871287127,1.8249899782398076,0.0371524330281155,0.0002517431359289719,True,0.025174313592897186,False,>0 to 0.25,15 May 2025,a,eligible_grid_cell,,,,,,,,,,,,,,
detroit,Detroit,detroit_-8013_4942,753.0,3.0,167876.497058484,51509.901686369354,1771.0965966661777,0.00398406374501992,77.01486241266144,0.03438361438641318,0.010549997335536323,True,1.0549997335536323,False,>1 to 2.5,15 May 2025,a,eligible_grid_cell,,,,,,,,,,,,,,
detroit,Detroit,detroit_-8013_4943,109.0,2.0,51652.683986595366,897.2600975096751,244.02311149401797,0.01834862385321101,0.9467208969618643,0.2719647426329317,0.004724306515366086,True,0.47243065153660857,False,>0.25 to 1,15 May 2025,a,eligible_grid_cell,,,,,,,,,,,,,,
detroit,Detroit,detroit_-8012_4932,152.0,2.0,128835.79417252794,4348.144745474732,108.48413222677499,0.013157894736842105,2.564962654815881,0.024949521825297617,0.0008420341018079228,True,0.08420341018079229,False,>0 to 0.25,15 May 2025,a,eligible_grid_cell,,,,,,,,,,,,,,
detroit,Detroit,detroit_-8012_4933,214.0,3.0,133610.874743551,922.5722291448066,24.046234806863232,0.014018691588785047,0.4925508681233998,0.026064338430339794,0.00017997213814382183,True,0.01799721381438218,False,>0 to 0.25,15 May 2025,a,eligible_grid_cell,,,,,,,,,,,,,,
detroit,Detroit,detroit_-8012_4934,283.0,2.0,91591.07019633839,1647.9836249301911,26.41805132395204,0.007067137809187279,2.545987097079956,0.016030530233618744,0.00028843479246744487,True,0.028843479246744488,False,>0 to 0.25,15 May 2025,a,eligible_grid_cell,,,,,,,,,,,,,,
detroit,Detroit,detroit_-8012_4935,475.0,2.0,72095.15198664827,1362.3823948524318,36.48170752858225,0.004210526315789474,4.488038513843145,0.026777876509872112,0.0005060216467168071,True,0.05060216467168071,False,>0 to 0.25,15 May 2025,a,eligible_grid_cell,,,,,,,,,,,,,,
detroit,Detroit,detroit_-8012_4936,413.0,5.0,120480.15095649853,1993.1139456179787,59.46597377578493,0.012106537530266344,1.3664592100941841,0.029835712055763623,0.0004935748611176306,True,0.04935748611176306,False,>0 to 0.25,15 May 2025,a,eligible_grid_cell,,,,,,,,,,,,,,
detroit,Detroit,detroit_-8012_4937,342.0,3.0,138146.75322817272,15561.248976180568,85.35491880065128,0.008771929824561403,12.84128900484945,0.005485094347587594,0.000617856857335425,True,0.061785685733542504,False,>0 to 0.25,15 May 2025,a,eligible_grid_cell,,,,,,,,,,,,,,
detroit,Detroit,detroit_-8012_4939,103.0,0.0,92095.106296264,0.0,0.0,0.0,,,0.0,True,0.0,True,zero,15 May 2025,a,eligible_grid_cell,,,,,,,,,,,,,,
detroit,Detroit,detroit_-8012_4940,321.0,2.0,193308.76873320277,3790.749828645885,418.1611206835718,0.006230529595015576,3.1473758354820194,0.11031092516937355,0.0021631771979299164,True,0.21631771979299164,False,>0 to 0.25,15 May 2025,a,eligible_grid_cell,,,,,,,,,,,,,,
detroit,Detroit,detroit_-8012_4941,825.0,3.0,202759.3096266418,1358.4737856675574,28.205748454410895,0.0036363636363636364,1.8424815696329007,0.020762821301369846,0.0001391095112049285,True,0.013910951120492851,False,>0 to 0.25,15 May 2025,a,eligible_grid_cell,,,,,,,,,,,,,,
detroit,Detroit,detroit_-8012_4942,1031.0,5.0,204583.653000902,22363.336929172205,273.00612626269725,0.004849660523763337,22.540022172616975,0.01220775446559454,0.001334447411893137,True,0.13344474118931368,False,>0 to 0.25,15 May 2025,a,eligible_grid_cell,,,,,,,,,,,,,,
detroit,Detroit,detroit_-8012_4943,395.0,1.0,45420.75086334484,107.04714142092541,11.982643509433943,0.002531645569620253,0.930931789051268,0.11193800554016096,0.00026381429812742484,True,0.026381429812742482,False,>0 to 0.25,15 May 2025,a,eligible_grid_cell,,,,,,,,,,,,,,
detroit,Detroit,detroit_-8011_4932,105.0,1.0,107241.04522731253,1354.2526618979175,8.422122467003033,0.009523809523809525,1.325952476478346,0.006219018580476592,7.853450560045509e-05,True,0.00785345056004551,False,>0 to 0.25,15 May 2025,a,eligible_grid_cell,,,,,,,,,,,,,,
detroit,Detroit,detroit_-8011_4933,225.0,2.0,130542.61171507413,1095.3043855887925,43.94705419596839,0.008888888888888889,0.9439197037645171,0.04012314273017741,0.00033664911111084883,True,0.03366491111108488,False,>0 to 0.25,15 May 2025,a,eligible_grid_cell,,,,,,,,,,,,,,
detroit,Detroit,detroit_-8011_4934,317.0,0.0,77410.03903779003,0.0,0.0,0.0,,,0.0,True,0.0,True,zero,15 May 2025,a,eligible_grid_cell,,,,,,,,,,,,,,
detroit,Detroit,detroit_-8011_4935,405.0,2.0,189513.2225206159,25990.16863159771,70.0927393572527,0.0049382716049382715,27.771197586627537,0.0026968943661272366,0.0003698567225283068,True,0.03698567225283068,False,>0 to 0.25,15 May 2025,a,eligible_grid_cell,,,,,,,,,,,,,,
detroit,Detroit,detroit_-8011_4936,433.0,5.0,123401.49853732839,650.999679479682,59.37131199894083,0.011547344110854504,0.45685484302191676,0.09120021694387614,0.0004811231038736639,True,0.048112310387366394,False,>0 to 0.25,15 May 2025,a,eligible_grid_cell,,,,,,,,,,,,,,
detroit,Detroit,detroit_-8011_4937,462.0,2.0,105935.44719761483,302.519410741621,6.464072267975663,0.004329004329004329,0.6596657278555187,0.021367462841901958,6.101897371441127e-05,True,0.006101897371441127,False,>0 to 0.25,15 May 2025,a,eligible_grid_cell,,,,,,,,,,,,,,
detroit,Detroit,detroit_-8011_4938,585.0,0.0,81669.42577140545,0.0,0.0,0.0,,,0.0,True,0.0,True,zero,15 May 2025,a,eligible_grid_cell,,,,,,,,,,,,,,
detroit,Detroit,detroit_-8011_4939,306.0,0.0,63268.87016676833,0.0,0.0,0.0,,,0.0,True,0.0,True,zero,15 May 2025,a,eligible_grid_cell,,,,,,,,,,,,,,
detroit,Detroit,detroit_-8011_4940,367.0,0.0,79303.31728315837,0.0,0.0,0.0,,,0.0,True,0.0,True,zero,15 May 2025,a,eligible_grid_cell,,,,,,,,,,,,,,
detroit,Detroit,detroit_-8011_4941,621.0,3.0,87369.74171755632,531.8636070162212,91.31073440797111,0.004830917874396135,1.2601132209852333,0.17168073393896688,0.001045107065820968,True,0.1045107065820968,False,>0 to 0.25,15 May 2025,a,eligible_grid_cell,,,,,,,,,,,,,,
detroit,Detroit,detroit_-8011_4942,1357.0,6.0,215566.4660763894,774.5383099184276,72.301912323661,0.004421518054532056,0.8126252238964127,0.09334840045713899,0.0003354042659772493,True,0.03354042659772493,False,>0 to 0.25,15 May 2025,a,eligible_grid_cell,,,,,,,,,,,,,,
detroit,Detroit,detroit_-8011_4943,385.0,1.0,65311.55953728506,797.5652817462383,201.18247213863535,0.0025974025974025974,4.7015051492838085,0.25224577441253976,0.0030803501487938643,True,0.30803501487938645,False,>0.25 to 1,15 May 2025,a,eligible_grid_cell,,,,,,,,,,,,,,
detroit,Detroit,detroit_-8010_4933,154.0,1.0,152701.37192912612,413.5154098740231,34.60664394907562,0.006493506493506494,0.41703209549522735,0.08368888588606284,0.00022662955487484247,True,0.022662955487484246,False,>0 to 0.25,15 May 2025,a,eligible_grid_cell,,,,,,,,,,,,,,
detroit,Detroit,detroit_-8010_4934,547.0,5.0,158594.11226064316,13663.821167343272,165.22887972781882,0.009140767824497258,9.425457316162362,0.012092435761872982,0.0010418348914256771,True,0.10418348914256771,False,>0 to 0.25,15 May 2025,a,eligible_grid_cell,,,,,,,,,,,,,,
detroit,Detroit,detroit_-8010_4935,820.0,1.0,115460.66242151853,2045.2447556669656,22.66710660759748,0.0012195121951219512,14.525299478399223,0.011082833262274085,0.00019631886854109184,True,0.019631886854109184,False,>0 to 0.25,15 May 2025,a,eligible_grid_cell,,,,,,,,,,,,,,
detroit,Detroit,detroit_-8010_4936,855.0,4.0,106779.73246084164,2573.0498978233413,144.70610725561724,0.004678362573099415,5.150691081394419,0.05623913760010276,0.001355183272337604,True,0.1355183272337604,False,>0 to 0.25,15 May 2025,a,eligible_grid_cell,,,,,,,,,,,,,,
detroit,Detroit,detroit_-8010_4937,900.0,1.0,99734.67420637047,150.44365690168632,6.90276149533687,0.0011111111111111111,1.3575949617216394,0.04588270211915792,6.921125025238175e-05,True,0.006921125025238175,False,>0 to 0.25,15 May 2025,a,eligible_grid_cell,,,,,,,,,,,,,,
detroit,Detroit,detroit_-8010_4938,643.0,4.0,133629.5209885408,12884.776692982594,26.96540635210394,0.006220839813374806,15.499777579645494,0.002092811307066738,0.00020179228476330702,True,0.0201792284763307,False,>0 to 0.25,15 May 2025,a,eligible_grid_cell,,,,,,,,,,,,,,
detroit,Detroit,detroit_-8010_4940,550.0,0.0,62246.23506405446,0.0,0.0,0.0,,,0.0,True,0.0,True,zero,15 May 2025,a,eligible_grid_cell,,,,,,,,,,,,,,
detroit,Detroit,detroit_-8010_4941,1032.0,3.0,86617.35871311116,632.6197553679515,23.492918273127902,0.0029069767441860465,2.5124432224649937,0.03713592260403516,0.0002712264449316648,True,0.02712264449316648,False,>0 to 0.25,15 May 2025,a,eligible_grid_cell,,,,,,,,,,,,,,
detroit,Detroit,detroit_-8010_4942,550.0,1.0,120739.33689553084,7900.664938263018,13.633848669282715,0.0018181818181818182,35.98964370497137,0.0017256583813919026,0.00011291969145962215,True,0.011291969145962215,False,>0 to 0.25,15 May 2025,a,eligible_grid_cell,,,,,,,,,,,,,,
detroit,Detroit,detroit_-8009_4933,61.0,0.0,31758.086264836682,0.0,0.0,0.0,,,0.0,True,0.0,True,zero,15 May 2025,a,eligible_grid_cell,,,,,,,,,,,,,,
detroit,Detroit,detroit_-8009_4934,648.0,3.0,148841.87330071948,1370.5644136143735,67.87187096135528,0.004629629629629629,1.9889692784407709,0.04952110990709842,0.0004559998437014243,True,0.045599984370142434,False,>0 to 0.25,15 May 2025,a,eligible_grid_cell,,,,,,,,,,,,,,
detroit,Detroit,detroit_-8009_4935,969.0,5.0,115408.51505149798,948.2489226245243,96.836855677864,0.005159958720330237,1.5923490664673232,0.10212176715143839,0.0008390789504106619,True,0.08390789504106619,False,>0 to 0.25,15 May 2025,a,eligible_grid_cell,,,,,,,,,,,,,,
detroit,Detroit,detroit_-8009_4936,1009.0,5.0,121372.23691039404,1405.9283053791994,88.21265728272361,0.004955401387512388,2.337571913047815,0.06274335394288215,0.0007267943602938514,True,0.07267943602938515,False,>0 to 0.25,15 May 2025,a,eligible_grid_cell,,,,,,,,,,,,,,
detroit,Detroit,detroit_-8009_4937,835.0,1.0,96408.84016472801,338.72415713048736,7.193312410876075,0.0011976047904191617,2.933700589289263,0.021236490694417704,7.461258115526846e-05,True,0.007461258115526846,False,>0 to 0.25,15 May 2025,a,eligible_grid_cell,,,,,,,,,,,,,,
detroit,Detroit,detroit_-8009_4938,333.0,2.0,110918.48542280823,1278.8439240208506,6.607538033752787,0.006006006006006006,1.9196756297006492,0.005166805666932234,5.957111664990402e-05,True,0.005957111664990402,False,>0 to 0.25,15 May 2025,a,eligible_grid_cell,,,,,,,,,,,,,,
detroit,Detroit,detroit_-8009_4939,551.0,0.0,85438.64210493735,0.0,0.0,0.0,,,0.0,True,0.0,True,zero,15 May 2025,a,eligible_grid_cell,,,,,,,,,,,,,,
detroit,Detroit,detroit_-8009_4940,1661.0,2.0,154158.72071498114,205.30037941958352,17.092632619128494,0.0012040939193257074,1.1060156980882025,0.08325670253241643,0.00011087684524011123,True,0.011087684524011123,False,>0 to 0.25,15 May 2025,a,eligible_grid_cell,,,,,,,,,,,,,,
detroit,Detroit,detroit_-8009_4941,1099.0,2.0,121375.31386116572,181.50737181902565,16.648735919322682,0.0018198362147406734,0.8217346480243877,0.09172484705427021,0.00013716739746902915,True,0.013716739746902915,False,>0 to 0.25,15 May 2025,a,eligible_grid_cell,,,,,,,,,,,,,,
detroit,Detroit,detroit_-8009_4942,1100.0,4.0,96236.2601341419,593.79257250967,39.54348991284066,0.0036363636363636364,1.696792427433779,0.06659478704105329,0.0004109001103920886,True,0.04109001103920886,False,>0 to 0.25,15 May 2025,a,eligible_grid_cell,,,,,,,,,,,,,,
detroit,Detroit,detroit_-8009_4943,421.0,1.0,75361.65149070937,575.9216858006597,14.310718463094254,0.0023752969121140144,3.2173263845202325,0.024848375770395174,0.00018989390731250747,True,0.018989390731250746,False,>0 to 0.25,15 May 2025,a,eligible_grid_cell,,,,,,,,,,,,,,
detroit,Detroit,detroit_-8008_4934,453.0,6.0,124050.91474597738,1995.91869524873,53.17520680196936,0.013245033112582781,1.2147581644186596,0.026641970401175434,0.00042865630544408124,True,0.042865630544408125,False,>0 to 0.25,15 May 2025,a,eligible_grid_cell,,,,,,,,,,,,,,
detroit,Detroit,detroit_-8008_4935,592.0,4.0,74360.0070188643,626.917875054237,81.07576251627627,0.006756756756756757,1.2477654215993936,0.12932437523696722,0.0010903140783150849,True,0.10903140783150848,False,>0 to 0.25,15 May 2025,a,eligible_grid_cell,,,,,,,,,,,,,,
detroit,Detroit,detroit_-8008_4936,906.0,1.0,106273.892667489,122.5741500966645,5.007549436471761,0.0011037527593818985,1.0449620052503337,0.0408532258434809,4.711928123438031e-05,True,0.00471192812343803,False,>0 to 0.25,15 May 2025,a,eligible_grid_cell,,,,,,,,,,,,,,
detroit,Detroit,detroit_-8008_4937,907.0,1.0,125357.06819783186,138.3914235466761,7.922126106817375,0.0011025358324145535,1.0013078876313908,0.05724434292089952,6.319648521386203e-05,True,0.006319648521386203,False,>0 to 0.25,15 May 2025,a,eligible_grid_cell,,,,,,,,,,,,,,
detroit,Detroit,detroit_-8008_4938,342.0,1.0,128687.0645554679,61.753465266972775,12.291962188472265,0.0029239766081871343,0.1641166126079555,0.19904894624668618,9.551824210874022e-05,True,0.009551824210874022,False,>0 to 0.25,15 May 2025,a,eligible_grid_cell,,,,,,,,,,,,,,
detroit,Detroit,detroit_-8008_4939,1031.0,1.0,126629.70345151746,83.78691492207469,6.169646663883057,0.0009699321047526673,0.6821804594822639,0.07363496638611274,4.872195461031954e-05,True,0.004872195461031954,False,>0 to 0.25,15 May 2025,a,eligible_grid_cell,,,,,,,,,,,,,,
detroit,Detroit,detroit_-8008_4940,778.0,4.0,103169.07394954935,725.6732860852882,36.902617829740336,0.005141388174807198,1.3680791029742987,0.05085293690334797,0.00035769069564185545,True,0.035769069564185546,False,>0 to 0.25,15 May 2025,a,eligible_grid_cell,,,,,,,,,,,,,,
detroit,Detroit,detroit_-8008_4941,1202.0,3.0,123309.28792480438,269.0659251506447,74.46485289311664,0.0024958402662229617,0.8742711044559192,0.27675318920976427,0.0006038868129586985,True,0.06038868129586985,False,>0 to 0.25,15 May 2025,a,eligible_grid_cell,,,,,,,,,,,,,,
detroit,Detroit,detroit_-8008_4942,1536.0,3.0,134407.57671741975,236.48730046596745,25.42458706759689,0.001953125,0.900853216728538,0.1075093124133983,0.0001891603709294594,True,0.01891603709294594,False,>0 to 0.25,15 May 2025,a,eligible_grid_cell,,,,,,,,,,,,,,
detroit,Detroit,detroit_-8008_4943,688.0,1.0,56412.583246043054,134.78602594668007,19.45416765580645,0.0014534883720930232,1.6438315800370735,0.14433371352236704,0.0003448551109768763,True,0.03448551109768763,False,>0 to 0.25,15 May 2025,a,eligible_grid_cell,,,,,,,,,,,,,,
detroit,Detroit,detroit_-8007_4934,175.0,0.0,82923.7518209288,0.0,0.0,0.0,,,0.0,True,0.0,True,zero,15 May 2025,a,eligible_grid_cell,,,,,,,,,,,,,,
detroit,Detroit,detroit_-8007_4935,564.0,3.0,100524.27064471242,2264.36664099029,96.65325449757981,0.005319148936170213,4.234807432831311,0.04268445434053463,0.0009614917261044935,True,0.09614917261044935,False,>0 to 0.25,15 May 2025,a,eligible_grid_cell,,,,,,,,,,,,,,
detroit,Detroit,detroit_-8007_4936,593.0,2.0,97659.6232395647,215.74172947171607,30.295411227650682,0.003372681281618887,0.6550037842297224,0.1404244385257996,0.00031021429555727745,True,0.031021429555727745,False,>0 to 0.25,15 May 2025,a,eligible_grid_cell,,,,,,,,,,,,,,
detroit,Detroit,detroit_-8007_4937,245.0,3.0,302191.85405830713,171609.35372634119,227.2479160534947,0.012244897959183673,46.37704060992685,0.001324216373519349,0.000751998814665758,True,0.0751998814665758,False,>0 to 0.25,15 May 2025,a,eligible_grid_cell,,,,,,,,,,,,,,
detroit,Detroit,detroit_-8007_4938,323.0,0.0,49540.60931781228,0.0,0.0,0.0,,,0.0,True,0.0,True,zero,15 May 2025,a,eligible_grid_cell,,,,,,,,,,,,,,
detroit,Detroit,detroit_-8007_4939,1317.0,2.0,132556.53432921495,242.76181201296762,5.488911560518806,0.0015186028853454822,1.2059658470967354,0.022610275953227787,4.1408079867919956e-05,True,0.004140807986791996,False,>0 to 0.25,15 May 2025,a,eligible_grid_cell,,,,,,,,,,,,,,
detroit,Detroit,detroit_-8007_4940,926.0,0.0,93629.84266826161,0.0,0.0,0.0,,,0.0,True,0.0,True,zero,15 May 2025,a,eligible_grid_cell,,,,,,,,,,,,,,
detroit,Detroit,detroit_-8007_4941,966.0,2.0,122879.54942495043,228.68842343275742,11.359835103070285,0.002070393374741201,0.898900663576114,0.0496738528892368,9.244691371535657e-05,True,0.009244691371535656,False,>0 to 0.25,15 May 2025,a,eligible_grid_cell,,,,,,,,,,,,,,
detroit,Detroit,detroit_-8007_4942,1215.0,4.0,141335.7958951121,2578.2746958379607,99.0433721622501,0.0032921810699588477,5.5410657569153345,0.0384145926429535,0.0007007663666163666,True,0.07007663666163666,False,>0 to 0.25,15 May 2025,a,eligible_grid_cell,,,,,,,,,,,,,,
detroit,Detroit,detroit_-8007_4943,850.0,2.0,76210.01692371507,222.71393900755402,12.5642505478428,0.002352941176470588,1.242007650686614,0.056414298107388086,0.00016486350554703854,True,0.016486350554703853,False,>0 to 0.25,15 May 2025,a,eligible_grid_cell,,,,,,,,,,,,,,
detroit,Detroit,detroit_-8006_4935,246.0,3.0,87969.35155336413,623.6482881376645,80.35545892351664,0.012195121951219513,0.5813292780300462,0.12884739756678193,0.0009134483488237521,True,0.09134483488237521,False,>0 to 0.25,15 May 2025,a,eligible_grid_cell,,,,,,,,,,,,,,
detroit,Detroit,detroit_-8006_4937,377.0,0.0,72923.24331983805,0.0,0.0,0.0,,,0.0,True,0.0,True,zero,15 May 2025,a,eligible_grid_cell,,,,,,,,,,,,,,
detroit,Detroit,detroit_-8006_4938,557.0,0.0,67928.48887428871,0.0,0.0,0.0,,,0.0,True,0.0,True,zero,15 May 2025,a,eligible_grid_cell,,,,,,,,,,,,,,
detroit,Detroit,detroit_-8006_4939,1045.0,2.0,122118.0378386329,150.2787052944429,33.662846896318364,0.0019138755980861245,0.6429895608059456,0.22400277424777076,0.00027565826877107654,True,0.027565826877107655,False,>0 to 0.25,15 May 2025,a,eligible_grid_cell,,,,,,,,,,,,,,
detroit,Detroit,detroit_-8006_4940,1116.0,0.0,112355.80455968148,0.0,0.0,0.0,,,0.0,True,0.0,True,zero,15 May 2025,a,eligible_grid_cell,,,,,,,,,,,,,,
detroit,Detroit,detroit_-8006_4941,839.0,1.0,77836.46682862955,34.630388737138304,1.6989940723710746,0.0011918951132300357,0.37328128233811564,0.04906078546409848,2.182773886835979e-05,True,0.002182773886835979,False,>0 to 0.25,15 May 2025,a,eligible_grid_cell,,,,,,,,,,,,,,
detroit,Detroit,detroit_-8006_4942,1167.0,3.0,125058.53008728904,2958.4508892229915,34.49915068529467,0.002570694087403599,9.20239023363281,0.011661221354381022,0.0002758640347141036,True,0.02758640347141036,False,>0 to 0.25,15 May 2025,a,eligible_grid_cell,,,,,,,,,,,,,,
detroit,Detroit,detroit_-8006_4943,852.0,0.0,89624.21182028957,0.0,0.0,0.0,,,0.0,True,0.0,True,zero,15 May 2025,a,eligible_grid_cell,,,,,,,,,,,,,,
detroit,Detroit,detroit_-8005_4935,283.0,2.0,151426.57187353136,337.11211225907437,15.07707001147528,0.007067137809187279,0.31501316641109933,0.04472420142497991,9.956687142113583e-05,True,0.009956687142113584,False,>0 to 0.25,15 May 2025,a,eligible_grid_cell,,,,,,,,,,,,,,
detroit,Detroit,detroit_-8005_4936,338.0,0.0,53605.82993317967,0.0,0.0,0.0,,,0.0,True,0.0,True,zero,15 May 2025,a,eligible_grid_cell,,,,,,,,,,,,,,
detroit,Detroit,detroit_-8005_4937,659.0,1.0,77250.19062377812,119.93759905768309,13.170293633817709,0.0015174506828528073,1.0231544691448886,0.10980954877613945,0.00017048881727631368,True,0.017048881727631367,False,>0 to 0.25,15 May 2025,a,eligible_grid_cell,,,,,,,,,,,,,,
detroit,Detroit,detroit_-8005_4938,858.0,1.0,112768.69694910062,123.3164305202458,12.876221145695332,0.0011655011655011655,0.938252371880535,0.1044161032830199,0.00011418258341237334,True,0.011418258341237334,False,>0 to 0.25,15 May 2025,a,eligible_grid_cell,,,,,,,,,,,,,,
detroit,Detroit,detroit_-8005_4939,1058.0,3.0,109450.32593790255,595.9961061456779,27.054621806027765,0.002835538752362949,1.9203959266412853,0.04539395732128301,0.0002471863064288854,True,0.02471863064288854,False,>0 to 0.25,15 May 2025,a,eligible_grid_cell,,,,,,,,,,,,,,
detroit,Detroit,detroit_-8005_4940,1414.0,2.0,150454.72682614197,199.9805597328729,26.122527339544686,0.0014144271570014145,0.9397262466503966,0.13062533365462248,0.0001736238394805009,True,0.017362383948050092,False,>0 to 0.25,15 May 2025,a,eligible_grid_cell,,,,,,,,,,,,,,
detroit,Detroit,detroit_-8005_4941,1273.0,1.0,123038.50196414563,108.13523335721588,4.902634104761761,0.0007855459544383347,1.1188054947535844,0.04533798977957824,3.984634099487351e-05,True,0.003984634099487351,False,>0 to 0.25,15 May 2025,a,eligible_grid_cell,,,,,,,,,,,,,,
detroit,Detroit,detroit_-8005_4942,1123.0,3.0,121582.49726967751,367.3864669092527,112.44845856463178,0.0026714158504007124,1.131124988119449,0.306076757564419,0.0009248737366795003,True,0.09248737366795003,False,>0 to 0.25,15 May 2025,a,eligible_grid_cell,,,,,,,,,,,,,,
detroit,Detroit,detroit_-8005_4943,1054.0,0.0,86327.67031775876,0.0,0.0,0.0,,,0.0,True,0.0,True,zero,15 May 2025,a,eligible_grid_cell,,,,,,,,,,,,,,
detroit,Detroit,detroit_-8004_4934,69.0,0.0,32174.715329072,0.0,0.0,0.0,,,0.0,True,0.0,True,zero,15 May 2025,a,eligible_grid_cell,,,,,,,,,,,,,,
detroit,Detroit,detroit_-8004_4935,510.0,6.0,122595.39269499623,2173.12868830011,82.59190290067683,0.011764705882352941,1.5067119118013037,0.038005988023324486,0.0006736949985237727,True,0.06736949985237728,False,>0 to 0.25,15 May 2025,a,eligible_grid_cell,,,,,,,,,,,,,,
detroit,Detroit,detroit_-8004_4936,352.0,1.0,58476.72055322889,171.14331175627592,10.841309758028832,0.002840909090909091,1.0301953524116143,0.06334638290433382,0.0001853953103981001,True,0.01853953103981001,False,>0 to 0.25,15 May 2025,a,eligible_grid_cell,,,,,,,,,,,,,,
detroit,Detroit,detroit_-8004_4937,665.0,4.0,89631.44396824826,1559.7080117801147,60.56733102743512,0.006015037593984963,2.8929742228664863,0.038832480547630735,0.0006757375352436692,True,0.06757375352436693,False,>0 to 0.25,15 May 2025,a,eligible_grid_cell,,,,,,,,,,,,,,
detroit,Detroit,detroit_-8004_4938,919.0,0.0,105735.51466653343,0.0,0.0,0.0,,,0.0,True,0.0,True,zero,15 May 2025,a,eligible_grid_cell,,,,,,,,,,,,,,
detroit,Detroit,detroit_-8004_4939,1298.0,0.0,134721.63826112408,0.0,0.0,0.0,,,0.0,True,0.0,True,zero,15 May 2025,a,eligible_grid_cell,,,,,,,,,,,,,,
detroit,Detroit,detroit_-8004_4940,1586.0,0.0,143592.84695033048,0.0,0.0,0.0,,,0.0,True,0.0,True,zero,15 May 2025,a,eligible_grid_cell,,,,,,,,,,,,,,
detroit,Detroit,detroit_-8004_4941,1511.0,0.0,138863.1835916552,0.0,0.0,0.0,,,0.0,True,0.0,True,zero,15 May 2025,a,eligible_grid_cell,,,,,,,,,,,,,,
detroit,Detroit,detroit_-8004_4942,806.0,0.0,66711.62281900417,0.0,0.0,0.0,,,0.0,True,0.0,True,zero,15 May 2025,a,eligible_grid_cell,,,,,,,,,,,,,,
detroit,Detroit,detroit_-8004_4943,1011.0,1.0,80495.509080172,34.59525617319534,6.064296532511941,0.0009891196834817012,0.4345062773162319,0.17529271938765417,7.533707907197675e-05,True,0.007533707907197675,False,>0 to 0.25,15 May 2025,a,eligible_grid_cell,,,,,,,,,,,,,,
detroit,Detroit,detroit_-8003_4934,211.0,3.0,20543.949491767304,368.15596648297367,49.37895531297647,0.014218009478672985,1.2604020624018273,0.1341250986224615,0.002403576553416099,True,0.2403576553416099,False,>0 to 0.25,15 May 2025,a,eligible_grid_cell,,,,,,,,,,,,,,
detroit,Detroit,detroit_-8003_4935,1253.0,9.0,127534.51451555017,1113.3125984543217,107.39245226161329,0.007182761372705506,1.215340447827623,0.09646208298613762,0.0008420657942640227,True,0.08420657942640228,False,>0 to 0.25,15 May 2025,a,eligible_grid_cell,,,,,,,,,,,,,,
detroit,Detroit,detroit_-8003_4936,377.0,2.0,63887.7327896256,624.783292982075,113.9810398415652,0.005305039787798408,1.8434157166748835,0.18243291893663893,0.0017840833422104782,True,0.17840833422104782,False,>0 to 0.25,15 May 2025,a,eligible_grid_cell,,,,,,,,,,,,,,
detroit,Detroit,detroit_-8003_4937,337.0,2.0,39745.38151508796,455.6219660595597,17.253963121383833,0.005934718100890208,1.931603078256825,0.0378690326776922,0.000434112404099932,True,0.0434112404099932,False,>0 to 0.25,15 May 2025,a,eligible_grid_cell,,,,,,,,,,,,,,
detroit,Detroit,detroit_-8003_4938,1363.0,4.0,147654.43094861082,527.7946974228066,49.17338909609959,0.00293470286133529,1.218019953694545,0.09316764517758634,0.0003330302299780881,True,0.03330302299780881,False,>0 to 0.25,15 May 2025,a,eligible_grid_cell,,,,,,,,,,,,,,
detroit,Detroit,detroit_-8003_4939,1674.0,3.0,167633.0587202472,279.63089093551304,23.605358491682793,0.0017921146953405018,0.9308070754851056,0.08441613304134747,0.0001408156521863409,True,0.01408156521863409,False,>0 to 0.25,15 May 2025,a,eligible_grid_cell,,,,,,,,,,,,,,
detroit,Detroit,detroit_-8003_4940,1360.0,1.0,138925.10853690447,66.62520059011027,10.342256438354227,0.0007352941176470588,0.652223876279931,0.1552303985091403,7.444483252361022e-05,True,0.007444483252361023,False,>0 to 0.25,15 May 2025,a,eligible_grid_cell,,,,,,,,,,,,,,
detroit,Detroit,detroit_-8003_4941,1170.0,0.0,96171.9406942643,0.0,0.0,0.0,,,0.0,True,0.0,True,zero,15 May 2025,a,eligible_grid_cell,,,,,,,,,,,,,,
detroit,Detroit,detroit_-8003_4943,61.0,0.0,7478.338995080718,0.0,0.0,0.0,,,0.0,True,0.0,True,zero,15 May 2025,a,eligible_grid_cell,,,,,,,,,,,,,,
detroit,Detroit,detroit_-8002_4935,205.0,2.0,21978.148308567106,212.23932032976643,15.176871939537781,0.00975609756097561,0.9898254406319171,0.07150829505087344,0.0006905437039762726,True,0.06905437039762727,False,>0 to 0.25,15 May 2025,a,eligible_grid_cell,,,,,,,,,,,,,,
detroit,Detroit,detroit_-8002_4938,1256.0,3.0,134116.45164410552,440.7254837501714,39.506547337891185,0.0023885350318471337,1.375797427793401,0.08963980707838028,0.0002945689872762714,True,0.02945689872762714,False,>0 to 0.25,15 May 2025,a,eligible_grid_cell,,,,,,,,,,,,,,
detroit,Detroit,detroit_-8002_4939,1215.0,0.0,138689.2860878394,0.0,0.0,0.0,,,0.0,True,0.0,True,zero,15 May 2025,a,eligible_grid_cell,,,,,,,,,,,,,,
detroit,Detroit,detroit_-8002_4940,1332.0,2.0,115312.39008263593,244.33614439668543,25.446645094557795,0.0015015015015015015,1.4111915645107813,0.10414605320629343,0.00022067572336608452,True,0.02206757233660845,False,>0 to 0.25,15 May 2025,a,eligible_grid_cell,,,,,,,,,,,,,,
detroit,Detroit,detroit_-8002_4941,343.0,0.0,34695.427842871904,0.0,0.0,0.0,,,0.0,True,0.0,True,zero,15 May 2025,a,eligible_grid_cell,,,,,,,,,,,,,,
detroit,Detroit,detroit_-8001_4938,240.0,1.0,37195.66647399719,76.88181952821614,2.526407540973071,0.004166666666666667,0.49606952733784393,0.03286092286155978,6.792209363258047e-05,True,0.0067922093632580465,False,>0 to 0.25,15 May 2025,a,eligible_grid_cell,,,,,,,,,,,,,,
detroit,Detroit,detroit_-8001_4939,799.0,2.0,111807.30504545178,3892.7530240041074,17.681843326678624,0.0025031289111389237,13.909241730291603,0.004542246378757156,0.00015814568931332904,True,0.015814568931332904,False,>0 to 0.25,15 May 2025,a,eligible_grid_cell,,,,,,,,,,,,,,
detroit,Detroit,detroit_-8001_4940,953.0,5.0,112620.54948193628,20843.707007937377,84.73483870004205,0.005246589716684155,35.27607149839098,0.0040652480227137446,0.0007523923394960265,True,0.07523923394960265,False,>0 to 0.25,15 May 2025,a,eligible_grid_cell,,,,,,,,,,,,,,
detroit,Detroit,detroit_-8000_4940,106.0,0.0,33007.4563511847,0.0,0.0,0.0,,,0.0,True,0.0,True,zero,15 May 2025,a,eligible_grid_cell,,,,,,,,,,,,,,
windsor,Windsor,windsor_-8017_4928,240.0,4.0,92503.78061046285,8505.603970839305,1108.3478851471934,0.016666666666666666,5.5169230369016455,0.13030795801768622,0.011981649591323095,True,1.1981649591323096,False,>1 to 2.5,6 June 2025,a,eligible_grid_cell,,,,,,,,,,,,,,
windsor,Windsor,windsor_-8016_4926,69.0,0.0,10577.762151974206,0.0,0.0,0.0,,,0.0,True,0.0,True,zero,6 June 2025,a,eligible_grid_cell,,,,,,,,,,,,,,
windsor,Windsor,windsor_-8016_4927,84.0,1.0,15678.8590814433,4121.517286211037,2393.697292190157,0.011904761904761904,22.081163574681312,0.5807806023763431,0.15267037478659498,True,15.267037478659498,False,>10,6 June 2025,a,eligible_grid_cell,,,,,,,,,,,,,,
windsor,Windsor,windsor_-8016_4928,724.0,6.0,138973.25258285113,709.6580779257881,198.0797102438014,0.008287292817679558,0.6161766609393237,0.27911992606743136,0.0014253081550761936,True,0.14253081550761937,False,>0 to 0.25,6 June 2025,a,eligible_grid_cell,,,,,,,,,,,,,,
windsor,Windsor,windsor_-8016_4929,790.0,16.0,139826.37920276308,6181.094323838446,2746.5572335729107,0.020253164556962026,2.182646321671272,0.44434805386812226,0.019642625727940156,True,1.9642625727940157,False,>1 to 2.5,6 June 2025,a,eligible_grid_cell,,,,,,,,,,,,,,
windsor,Windsor,windsor_-8015_4925,89.0,2.0,12154.43359035213,379.25497348086384,101.90397508305847,0.02247191011235955,1.3885341669310562,0.2686951581617169,0.00838409904711209,True,0.8384099047112089,False,>0.25 to 1,6 June 2025,a,eligible_grid_cell,,,,,,,,,,,,,,
windsor,Windsor,windsor_-8015_4926,129.0,2.0,18725.143366025095,427.5074675348669,8.684663480107838,0.015503875968992248,1.4725778658672173,0.020314647438057977,0.00046379690186326125,True,0.04637969018632612,False,>0 to 0.25,6 June 2025,a,eligible_grid_cell,,,,,,,,,,,,,,
windsor,Windsor,windsor_-8015_4927,676.0,12.0,110606.37220149046,15488.047203502301,252.90008391886232,0.01775147928994083,7.888273599715253,0.016328726313648772,0.0022864874679928648,True,0.22864874679928648,False,>0 to 0.25,6 June 2025,a,eligible_grid_cell,,,,,,,,,,,,,,
windsor,Windsor,windsor_-8015_4928,1047.0,9.0,153052.03370242775,968.1045136317642,196.36298185537203,0.008595988538681949,0.7358466422262386,0.20283242056039227,0.0012829818533293836,True,0.12829818533293835,False,>0 to 0.25,6 June 2025,a,eligible_grid_cell,,,,,,,,,,,,,,
windsor,Windsor,windsor_-8015_4929,525.0,13.0,184198.33371516288,21801.293863308198,727.6990614842535,0.024761904761904763,4.779830793247839,0.033378709816346205,0.00395062781951947,True,0.39506278195194694,False,>0.25 to 1,6 June 2025,a,eligible_grid_cell,,,,,,,,,,,,,,
windsor,Windsor,windsor_-8015_4930,739.0,18.0,105031.62271986947,3175.33985139704,640.2625958946032,0.02435723951285521,1.2412008717079328,0.2016359274466038,0.006095903112934395,True,0.6095903112934395,False,>0.25 to 1,6 June 2025,a,eligible_grid_cell,,,,,,,,,,,,,,
windsor,Windsor,windsor_-8014_4925,86.0,3.0,15782.25144200008,701.3138885954401,64.66468484382979,0.03488372093023256,1.2738569998680407,0.09220505382167365,0.004097304182579596,True,0.4097304182579596,False,>0.25 to 1,6 June 2025,a,eligible_grid_cell,,,,,,,,,,,,,,
windsor,Windsor,windsor_-8014_4926,141.0,3.0,59313.16247138204,4833.011630019595,565.284073173472,0.02127659574468085,3.8296987910654594,0.11696311046766096,0.009530499633133125,True,0.9530499633133125,False,>0.25 to 1,6 June 2025,a,eligible_grid_cell,,,,,,,,,,,,,,
windsor,Windsor,windsor_-8014_4927,352.0,6.0,134641.5018873442,3919.5493850071425,1131.3059852276451,0.017045454545454544,1.707845605036039,0.288631644636258,0.008402357143744722,True,0.8402357143744722,False,>0.25 to 1,6 June 2025,a,eligible_grid_cell,,,,,,,,,,,,,,
windsor,Windsor,windsor_-8014_4928,982.0,6.0,171112.78791281505,9198.151947427627,3258.229011111941,0.006109979633401222,8.79788639465118,0.35422648263851997,0.019041411520757088,True,1.9041411520757088,False,>1 to 2.5,6 June 2025,a,eligible_grid_cell,,,,,,,,,,,,,,
windsor,Windsor,windsor_-8014_4929,1290.0,14.0,159632.91430972551,2276.6209901990715,493.1645033645934,0.010852713178294573,1.314104698115899,0.21662125821016448,0.0030893660339229158,True,0.30893660339229156,False,>0.25 to 1,6 June 2025,a,eligible_grid_cell,,,,,,,,,,,,,,
windsor,Windsor,windsor_-8014_4930,1133.0,7.0,214353.77966588738,3523.7335559659537,422.7798583781059,0.00617828773168579,2.6607482566786502,0.11998065451410392,0.0019723461794659823,True,0.19723461794659822,False,>0 to 0.25,6 June 2025,a,eligible_grid_cell,,,,,,,,,,,,,,
windsor,Windsor,windsor_-8013_4925,394.0,6.0,78168.65627156277,1196.8583831142819,211.9205938034217,0.015228426395939087,1.0054375275191092,0.17706405101328224,0.0027110686547712473,True,0.2711068654771247,False,>0.25 to 1,6 June 2025,a,eligible_grid_cell,,,,,,,,,,,,,,
windsor,Windsor,windsor_-8013_4926,804.0,7.0,152546.61852369842,6150.438342406823,1145.1518258681883,0.008706467661691543,4.630858305247359,0.1861902781745571,0.00750689747796859,True,0.750689747796859,False,>0.25 to 1,6 June 2025,a,eligible_grid_cell,,,,,,,,,,,,,,
windsor,Windsor,windsor_-8013_4927,596.0,6.0,118486.06042435161,1167.8676756931575,143.27694882903702,0.010067114093959731,0.9790872335815403,0.1226825194421095,0.0012092304218394817,True,0.12092304218394817,False,>0 to 0.25,6 June 2025,a,eligible_grid_cell,,,,,,,,,,,,,,
windsor,Windsor,windsor_-8013_4928,631.0,2.0,119050.3959414616,307.1205071498056,127.13445598589112,0.003169572107765452,0.8139117828168229,0.41395625829661115,0.0010679045204385926,True,0.10679045204385926,False,>0 to 0.25,6 June 2025,a,eligible_grid_cell,,,,,,,,,,,,,,
windsor,Windsor,windsor_-8013_4929,819.0,10.0,118677.02741438564,1397.5033670088026,275.70778303216787,0.01221001221001221,0.9644286535622059,0.19728595260724782,0.0023231773582386467,True,0.23231773582386467,False,>0 to 0.25,6 June 2025,a,eligible_grid_cell,,,,,,,,,,,,,,
windsor,Windsor,windsor_-8013_4930,1045.0,6.0,282936.2628997905,17921.758871673363,4149.459030562571,0.005741626794258373,11.032071221597455,0.23153190823926836,0.014665702402495553,True,1.4665702402495553,False,>1 to 2.5,6 June 2025,a,eligible_grid_cell,,,,,,,,,,,,,,
windsor,Windsor,windsor_-8012_4924,269.0,1.0,51774.31815788144,252.29341910244113,167.53963518678876,0.0037174721189591076,1.3108222793316593,0.664066608565644,0.0032359602433756963,True,0.3235960243375696,False,>0.25 to 1,6 June 2025,a,eligible_grid_cell,,,,,,,,,,,,,,
windsor,Windsor,windsor_-8012_4925,727.0,9.0,133222.9547073129,15678.2647768868,3859.500489750167,0.012379642365887207,9.50628509081554,0.24616885507890626,0.028970236384783552,True,2.8970236384783554,False,>2.5 to 5,6 June 2025,a,eligible_grid_cell,,,,,,,,,,,,,,
windsor,Windsor,windsor_-8012_4926,919.0,7.0,162042.50668786175,1141.9768989769484,246.41175664318632,0.007616974972796518,0.9252217578241415,0.215776480998816,0.0015206612245134102,True,0.15206612245134102,False,>0 to 0.25,6 June 2025,a,eligible_grid_cell,,,,,,,,,,,,,,
windsor,Windsor,windsor_-8012_4927,734.0,11.0,153013.73838362686,9278.276251142286,1814.5003669741006,0.014986376021798364,4.046133872611773,0.195564382635267,0.011858414715840053,True,1.1858414715840053,False,>1 to 2.5,6 June 2025,a,eligible_grid_cell,,,,,,,,,,,,,,
windsor,Windsor,windsor_-8012_4928,398.0,2.0,78534.46959599163,6119.337558490121,3195.58013295739,0.005025125628140704,15.505906901823497,0.5222101416065473,0.04069015999466929,True,4.069015999466929,False,>2.5 to 5,6 June 2025,a,eligible_grid_cell,,,,,,,,,,,,,,
windsor,Windsor,windsor_-8012_4929,1380.0,5.0,205140.37193355014,1755.4566946813538,179.77755167166575,0.0036231884057971015,2.361826895239308,0.10241070156635139,0.0008763635844917937,True,0.08763635844917937,False,>0 to 0.25,6 June 2025,a,eligible_grid_cell,,,,,,,,,,,,,,
windsor,Windsor,windsor_-8012_4930,736.0,5.0,235807.3200855539,626.9225957778887,181.43417002536214,0.006793478260869565,0.3913492001224719,0.2894044196959239,0.0007694170391298095,True,0.07694170391298095,False,>0 to 0.25,6 June 2025,a,eligible_grid_cell,,,,,,,,,,,,,,
windsor,Windsor,windsor_-8012_4931,197.0,2.0,89707.85133504258,34064.96385336545,117.29114108736707,0.01015228426395939,37.403626211318894,0.003443160591399814,0.0013074791040229678,True,0.13074791040229677,False,>0 to 0.25,6 June 2025,a,eligible_grid_cell,,,,,,,,,,,,,,
windsor,Windsor,windsor_-8011_4924,252.0,2.0,105483.88399216789,1596.8898735248047,39.05460346523618,0.007936507936507936,1.9074773932202285,0.02445666674498424,0.0003702423724569713,True,0.03702423724569713,False,>0 to 0.25,6 June 2025,a,eligible_grid_cell,,,,,,,,,,,,,,
windsor,Windsor,windsor_-8011_4925,1237.0,6.0,160391.79344941836,1103.2429231051906,217.46124105351004,0.004850444624090542,1.418101955770678,0.19711093223371243,0.0013558127655832297,True,0.13558127655832297,False,>0 to 0.25,6 June 2025,a,eligible_grid_cell,,,,,,,,,,,,,,
windsor,Windsor,windsor_-8011_4926,921.0,2.0,139227.18922115644,295.7207826175394,119.96514505219996,0.002171552660152009,0.9781093847916565,0.4056703218162143,0.0008616502690551373,True,0.08616502690551373,False,>0 to 0.25,6 June 2025,a,eligible_grid_cell,,,,,,,,,,,,,,
windsor,Windsor,windsor_-8011_4927,228.0,1.0,127635.84410837157,4509.312159301295,595.9180710173589,0.0043859649122807015,8.055128866838913,0.13215276520348387,0.004668892779926175,True,0.4668892779926175,False,>0.25 to 1,6 June 2025,a,eligible_grid_cell,,,,,,,,,,,,,,
windsor,Windsor,windsor_-8011_4928,372.0,2.0,114509.40479590718,14366.803336970755,2473.1166499994893,0.005376344086021506,23.336296485335254,0.17214105267490537,0.02159749807806078,True,2.159749807806078,False,>1 to 2.5,6 June 2025,a,eligible_grid_cell,,,,,,,,,,,,,,
windsor,Windsor,windsor_-8011_4929,746.0,9.0,215033.450184345,899.0466337447342,230.7235586863092,0.012064343163538873,0.34655527531419467,0.2566313581813804,0.0010729658966477694,True,0.10729658966477694,False,>0 to 0.25,6 June 2025,a,eligible_grid_cell,,,,,,,,,,,,,,
windsor,Windsor,windsor_-8011_4930,1666.0,13.0,246889.44508540886,10397.624449604717,299.27818768348754,0.0078031212484993995,5.397134590420214,0.028783323453739965,0.0012121951490471994,True,0.12121951490471994,False,>0 to 0.25,6 June 2025,a,eligible_grid_cell,,,,,,,,,,,,,,
windsor,Windsor,windsor_-8011_4931,1037.0,3.0,137143.7668664521,412.70577185803734,146.12179767615856,0.0028929604628736743,1.040212265798268,0.3540580424119234,0.001065464373735987,True,0.1065464373735987,False,>0 to 0.25,6 June 2025,a,eligible_grid_cell,,,,,,,,,,,,,,
windsor,Windsor,windsor_-8010_4923,72.0,2.0,29462.707791460034,576.7853174007535,21.630470154620866,0.027777777777777776,0.7047645305855352,0.03750176972620803,0.0007341643649227178,True,0.07341643649227178,False,>0 to 0.25,6 June 2025,a,eligible_grid_cell,,,,,,,,,,,,,,
windsor,Windsor,windsor_-8010_4924,835.0,1.0,120215.73414738376,314.31890943525406,32.65341081763269,0.0011976047904191617,2.1832108021456436,0.10388624367621414,0.00027162343639310814,True,0.027162343639310815,False,>0 to 0.25,6 June 2025,a,eligible_grid_cell,,,,,,,,,,,,,,
windsor,Windsor,windsor_-8010_4925,969.0,4.0,141990.16400878807,709.16541657458,156.11049881741775,0.0041279669762641896,1.2099100199261634,0.22013270129762488,0.0010994458658964276,True,0.10994458658964276,False,>0 to 0.25,6 June 2025,a,eligible_grid_cell,,,,,,,,,,,,,,
windsor,Windsor,windsor_-8010_4926,732.0,4.0,171582.5269499148,816.0564103934706,82.63704172378074,0.00546448087431694,0.8703585718002463,0.10126388405421186,0.0004816168825156807,True,0.048161688251568066,False,>0 to 0.25,6 June 2025,a,eligible_grid_cell,,,,,,,,,,,,,,
windsor,Windsor,windsor_-8010_4927,421.0,1.0,127339.79451481535,55.52374229330256,38.569785780074504,0.0023752969121140144,0.18356787518422416,0.6946539297789174,0.0003028887075484255,True,0.030288870754842552,False,>0 to 0.25,6 June 2025,a,eligible_grid_cell,,,,,,,,,,,,,,
windsor,Windsor,windsor_-8010_4928,1241.0,10.0,184019.13911140384,1117.036289904457,337.65135564110034,0.008058017727639,0.7533140533454025,0.30227429376531767,0.0018348708578442413,True,0.18348708578442413,False,>0 to 0.25,6 June 2025,a,eligible_grid_cell,,,,,,,,,,,,,,
windsor,Windsor,windsor_-8010_4929,1704.0,10.0,209728.2233754312,1056.3610340577404,222.83082950191428,0.005868544600938967,0.8582722787920478,0.21094192451037946,0.0010624742150369924,True,0.10624742150369924,False,>0 to 0.25,6 June 2025,a,eligible_grid_cell,,,,,,,,,,,,,,
windsor,Windsor,windsor_-8010_4930,1901.0,8.0,231861.98575781332,3174.9577859376172,522.2676600075912,0.004208311415044713,3.253872519971734,0.16449593828327294,0.0022524936905919334,True,0.22524936905919335,False,>0 to 0.25,6 June 2025,a,eligible_grid_cell,,,,,,,,,,,,,,
windsor,Windsor,windsor_-8010_4931,760.0,4.0,175263.2893668472,2966.483684461849,73.9767073206975,0.005263157894736842,3.2159153356297097,0.02493750689012053,0.0004220890044226851,True,0.04220890044226851,False,>0 to 0.25,6 June 2025,a,eligible_grid_cell,,,,,,,,,,,,,,
windsor,Windsor,windsor_-8009_4923,332.0,3.0,82620.51400458555,868.2644038355563,86.7266668478219,0.009036144578313253,1.163003262754678,0.09988508853375426,0.0010496989505900248,True,0.10496989505900248,False,>0 to 0.25,6 June 2025,a,eligible_grid_cell,,,,,,,,,,,,,,
windsor,Windsor,windsor_-8009_4924,394.0,4.0,70459.69211063007,760.8104484732731,120.22493471572531,0.01015228426395939,1.0635843974020351,0.15802219193622016,0.0017062937846358726,True,0.17062937846358725,False,>0 to 0.25,6 June 2025,a,eligible_grid_cell,,,,,,,,,,,,,,
windsor,Windsor,windsor_-8009_4925,557.0,6.0,134900.81385393254,1694.5294637924505,201.4997108346832,0.010771992818671455,1.1661072610409116,0.11891189568561158,0.0014936878813263676,True,0.14936878813263677,False,>0 to 0.25,6 June 2025,a,eligible_grid_cell,,,,,,,,,,,,,,
windsor,Windsor,windsor_-8009_4926,331.0,6.0,201797.53246363282,84701.91418205385,243.27751769074817,0.01812688821752266,23.15549753588821,0.0028721608010872134,0.0012055524897688762,True,0.12055524897688762,False,>0 to 0.25,6 June 2025,a,eligible_grid_cell,,,,,,,,,,,,,,
windsor,Windsor,windsor_-8009_4927,476.0,11.0,123485.15249759662,4677.515639162449,1366.3045324748575,0.023109243697478993,1.6391351872957578,0.2921004733870877,0.01106452480189025,True,1.106452480189025,False,>1 to 2.5,6 June 2025,a,eligible_grid_cell,,,,,,,,,,,,,,
windsor,Windsor,windsor_-8009_4928,1073.0,5.0,138932.45547049865,683.9003662141305,164.3824061223149,0.004659832246039142,1.056376770226428,0.24036016683583186,0.001183182184217714,True,0.11831821842177141,False,>0 to 0.25,6 June 2025,a,eligible_grid_cell,,,,,,,,,,,,,,
windsor,Windsor,windsor_-8009_4929,1205.0,8.0,198105.39695201206,3884.184815583867,205.23054301188495,0.006639004149377593,2.9532528989558045,0.05283748141655687,0.0010359664409425396,True,0.10359664409425395,False,>0 to 0.25,6 June 2025,a,eligible_grid_cell,,,,,,,,,,,,,,
windsor,Windsor,windsor_-8009_4930,676.0,6.0,203864.6213387718,16758.530048965942,147.27257781162848,0.008875739644970414,9.261674274088827,0.00878791739975522,0.0007224038032910989,True,0.0722403803291099,False,>0 to 0.25,6 June 2025,a,eligible_grid_cell,,,,,,,,,,,,,,
windsor,Windsor,windsor_-8009_4931,571.0,5.0,211361.47057727838,5112.250336449076,929.9065139780186,0.008756567425569177,2.7621826571699,0.18189768747199564,0.004399602782088064,True,0.43996027820880645,False,>0.25 to 1,6 June 2025,a,eligible_grid_cell,,,,,,,,,,,,,,
windsor,Windsor,windsor_-8008_4923,650.0,5.0,165184.26950731757,1027.5793737799625,197.52928151246044,0.007692307692307693,0.8087048421125679,0.19222776026132826,0.0011958116962445386,True,0.11958116962445385,False,>0 to 0.25,6 June 2025,a,eligible_grid_cell,,,,,,,,,,,,,,
windsor,Windsor,windsor_-8008_4924,716.0,11.0,127086.07011851588,2093.931998713976,369.100323539429,0.015363128491620111,1.0724695259183978,0.17627139934158234,0.0029043334426441807,True,0.2904333442644181,False,>0.25 to 1,6 June 2025,a,eligible_grid_cell,,,,,,,,,,,,,,
windsor,Windsor,windsor_-8008_4925,706.0,10.0,141502.04228359697,5794.633488736728,1840.1061569066355,0.014164305949008499,2.8911322953551206,0.31755350195716897,0.013004096104978565,True,1.3004096104978566,False,>1 to 2.5,6 June 2025,a,eligible_grid_cell,,,,,,,,,,,,,,
windsor,Windsor,windsor_-8008_4926,522.0,12.0,166082.70259503726,9212.793849403597,454.40162762169894,0.022988505747126436,2.412993804816803,0.04932289108489226,0.002735996106287332,True,0.27359961062873317,False,>0.25 to 1,6 June 2025,a,eligible_grid_cell,,,,,,,,,,,,,,
windsor,Windsor,windsor_-8008_4927,851.0,17.0,151731.46097712487,5162.790553980973,900.5655378470068,0.0199764982373678,1.7032935661247643,0.17443387029376783,0.005935259121921832,True,0.5935259121921832,False,>0.25 to 1,6 June 2025,a,eligible_grid_cell,,,,,,,,,,,,,,
windsor,Windsor,windsor_-8008_4928,931.0,1.0,120580.86595752387,161.34795111112498,54.3087278155965,0.0010741138560687433,1.2457610193094188,0.3365938485217734,0.00045039258413293726,True,0.045039258413293724,False,>0 to 0.25,6 June 2025,a,eligible_grid_cell,,,,,,,,,,,,,,
windsor,Windsor,windsor_-8008_4929,1012.0,10.0,145837.06376160696,1945.827752007243,403.9251144113711,0.009881422924901186,1.3502587300099875,0.20758523666583392,0.0027697013639252136,True,0.2769701363925214,False,>0.25 to 1,6 June 2025,a,eligible_grid_cell,,,,,,,,,,,,,,
windsor,Windsor,windsor_-8008_4930,938.0,12.0,185908.62730744405,85661.32554934891,327.1539619838142,0.01279317697228145,36.01694217970626,0.0038191559596558312,0.001759756751055923,True,0.1759756751055923,False,>0 to 0.25,6 June 2025,a,eligible_grid_cell,,,,,,,,,,,,,,
windsor,Windsor,windsor_-8008_4931,464.0,5.0,101891.15548626315,663.266039952333,97.66077562022606,0.010775862068965518,0.6040866669322908,0.14724223725858882,0.000958481382943906,True,0.09584813829439061,False,>0 to 0.25,6 June 2025,a,eligible_grid_cell,,,,,,,,,,,,,,
windsor,Windsor,windsor_-8007_4923,395.0,3.0,100767.47127511242,694.3519572291989,119.04146032982075,0.007594936708860759,0.907267062921963,0.171442535864454,0.0011813480960023023,True,0.11813480960023023,False,>0 to 0.25,6 June 2025,a,eligible_grid_cell,,,,,,,,,,,,,,
windsor,Windsor,windsor_-8007_4924,986.0,12.0,202058.23781981226,2644.2789169186567,321.1416686472438,0.012170385395537525,1.0752918895289192,0.12144772875225507,0.0015893520210426935,True,0.15893520210426934,False,>0 to 0.25,6 June 2025,a,eligible_grid_cell,,,,,,,,,,,,,,
windsor,Windsor,windsor_-8007_4925,466.0,8.0,102464.12682441116,2606.7152137253556,750.5120120499612,0.017167381974248927,1.4818958195945624,0.28791484704513465,0.007324631901036788,True,0.7324631901036788,False,>0.25 to 1,6 June 2025,a,eligible_grid_cell,,,,,,,,,,,,,,
windsor,Windsor,windsor_-8007_4926,1128.0,12.0,163173.7936207483,1925.3659512450668,363.5304650210551,0.010638297872340425,1.109151141253011,0.18881110096809006,0.002227872852340368,True,0.22278728523403682,False,>0 to 0.25,6 June 2025,a,eligible_grid_cell,,,,,,,,,,,,,,
windsor,Windsor,windsor_-8007_4927,622.0,9.0,141605.28442872726,24456.399808056252,1223.5648251910627,0.014469453376205787,11.936058539983707,0.05003045561873767,0.008640672063385509,True,0.8640672063385509,False,>0.25 to 1,6 June 2025,a,eligible_grid_cell,,,,,,,,,,,,,,
windsor,Windsor,windsor_-8007_4928,371.0,1.0,89265.39933517526,1567.725255873803,1083.0937037841882,0.0026954177897574125,6.515694482531595,0.6908695893787232,0.012133410166209746,True,1.2133410166209746,False,>1 to 2.5,6 June 2025,a,eligible_grid_cell,,,,,,,,,,,,,,
windsor,Windsor,windsor_-8007_4929,1140.0,6.0,461926.21487938985,8993.778044549299,1502.5321736794613,0.005263157894736842,3.6993307013557213,0.1670635150475027,0.0032527536331138436,True,0.32527536331138435,False,>0.25 to 1,6 June 2025,a,eligible_grid_cell,,,,,,,,,,,,,,
windsor,Windsor,windsor_-8007_4930,1460.0,5.0,152374.99442143776,2422.0849963454416,849.8390380833148,0.003424657534246575,4.6415018528352805,0.3508708568714941,0.005577286754366242,True,0.5577286754366242,False,>0.25 to 1,6 June 2025,a,eligible_grid_cell,,,,,,,,,,,,,,
windsor,Windsor,windsor_-8007_4931,1286.0,7.0,168072.4369661833,3074.258018533073,226.07059778321667,0.005443234836702955,3.36036726884525,0.0735366375952691,0.0013450783594498767,True,0.13450783594498766,False,>0 to 0.25,6 June 2025,a,eligible_grid_cell,,,,,,,,,,,,,,
windsor,Windsor,windsor_-8006_4923,51.0,3.0,14643.98042114565,766.2900715790483,102.77837281698997,0.058823529411764705,0.8895758422370711,0.13412463064437297,0.007018472427659068,True,0.7018472427659068,False,>0.25 to 1,6 June 2025,a,eligible_grid_cell,,,,,,,,,,,,,,
windsor,Windsor,windsor_-8006_4924,913.0,27.0,198490.04034404666,9781.185907960267,2919.166385440488,0.029572836801752465,1.6663253711554449,0.29844708125471464,0.014706865797299651,True,1.470686579729965,False,>1 to 2.5,6 June 2025,a,eligible_grid_cell,,,,,,,,,,,,,,
windsor,Windsor,windsor_-8006_4925,348.0,6.0,161233.27692398464,25317.430545957566,10349.280262664326,0.017241379310344827,9.107369146617536,0.4087808296295216,0.0641882399223556,True,6.41882399223556,False,>5 to 10,6 June 2025,a,eligible_grid_cell,,,,,,,,,,,,,,
windsor,Windsor,windsor_-8006_4926,339.0,1.0,88278.9030750607,242.51139388565994,50.15145078112614,0.0029498525073746312,0.931268509955737,0.20680038977785806,0.0005681023328810959,True,0.056810233288109586,False,>0 to 0.25,6 June 2025,a,eligible_grid_cell,,,,,,,,,,,,,,
windsor,Windsor,windsor_-8006_4927,71.0,7.0,146053.1882579473,18332.86739674575,5625.726322462176,0.09859154929577464,1.2731502628736167,0.3068655983111945,0.03851833971968126,True,3.8518339719681256,False,>2.5 to 5,6 June 2025,a,eligible_grid_cell,,,,,,,,,,,,,,
windsor,Windsor,windsor_-8006_4928,75.0,2.0,72135.24673427506,12519.449821803144,5167.538502811754,0.02666666666666667,6.508321376469969,0.4127608302572746,0.07163680359821101,True,7.1636803598211,False,>5 to 10,6 June 2025,a,eligible_grid_cell,,,,,,,,,,,,,,
windsor,Windsor,windsor_-8006_4929,1254.0,6.0,164717.7329167364,8304.63829289629,2062.81735524232,0.004784688995215311,10.537234652766214,0.24839340167371704,0.012523347175285972,True,1.2523347175285973,False,>1 to 2.5,6 June 2025,a,eligible_grid_cell,,,,,,,,,,,,,,
windsor,Windsor,windsor_-8006_4930,1437.0,9.0,173449.65162461813,15739.559026628089,3994.992130863261,0.006263048016701462,14.48883235593806,0.253818555151676,0.023032575121622455,True,2.3032575121622454,False,>1 to 2.5,6 June 2025,a,eligible_grid_cell,,,,,,,,,,,,,,
windsor,Windsor,windsor_-8006_4931,1291.0,5.0,153716.32470708716,583.4572567742904,101.74071576173428,0.0038729666924864447,0.9800433622530923,0.17437561120452827,0.0006618732002316959,True,0.06618732002316959,False,>0 to 0.25,6 June 2025,a,eligible_grid_cell,,,,,,,,,,,,,,
windsor,Windsor,windsor_-8006_4932,428.0,0.0,63963.204066113445,0.0,0.0,0.0,,,0.0,True,0.0,True,zero,6 June 2025,a,eligible_grid_cell,,,,,,,,,,,,,,
windsor,Windsor,windsor_-8005_4924,55.0,2.0,35047.976185938765,486.1284823067807,175.93351516741683,0.03636363636363636,0.38143524158179265,0.3619074412850194,0.005019790992610903,True,0.5019790992610903,False,>0.25 to 1,6 June 2025,a,eligible_grid_cell,,,,,,,,,,,,,,
windsor,Windsor,windsor_-8005_4925,113.0,2.0,58492.69796640882,8555.235867845759,1575.881083724875,0.017699115044247787,8.263780665594798,0.18420077576676888,0.02694150105077854,True,2.694150105077854,False,>2.5 to 5,6 June 2025,a,eligible_grid_cell,,,,,,,,,,,,,,
windsor,Windsor,windsor_-8005_4928,353.0,4.0,160095.0979266971,4867.67477675926,386.63947107980204,0.0113314447592068,2.683232057771646,0.07943001305794183,0.0024150612734990364,True,0.24150612734990365,False,>0 to 0.25,6 June 2025,a,eligible_grid_cell,,,,,,,,,,,,,,
windsor,Windsor,windsor_-8005_4929,968.0,11.0,148549.7159742564,4376.09875363486,603.4898306744773,0.011363636363636364,2.592375810308549,0.13790589852964552,0.004062544493717253,True,0.40625444937172533,False,>0.25 to 1,6 June 2025,a,eligible_grid_cell,,,,,,,,,,,,,,
windsor,Windsor,windsor_-8005_4930,1036.0,7.0,162527.21615426647,5064.04614746629,1144.1041924616366,0.006756756756756757,4.611405077618667,0.2259268891208801,0.0070394621869095675,True,0.7039462186909567,False,>0.25 to 1,6 June 2025,a,eligible_grid_cell,,,,,,,,,,,,,,
windsor,Windsor,windsor_-8005_4931,1240.0,9.0,143279.22873139335,5392.923374809365,371.45567682624477,0.007258064516129033,5.185852861478076,0.06887835242780088,0.002592529846197145,True,0.2592529846197145,False,>0.25 to 1,6 June 2025,a,eligible_grid_cell,,,,,,,,,,,,,,
windsor,Windsor,windsor_-8005_4932,341.0,5.0,61907.825822250445,672.009049623744,133.8057388760857,0.01466275659824047,0.740310559700953,0.1991130014558631,0.002161370345330303,True,0.21613703453303032,False,>0 to 0.25,6 June 2025,a,eligible_grid_cell,,,,,,,,,,,,,,
windsor,Windsor,windsor_-8004_4925,117.0,4.0,24481.45966314505,1467.6628499368758,721.7675420399355,0.03418803418803419,1.7535367151853336,0.4917802082889669,0.029482210291835696,True,2.9482210291835695,False,>2.5 to 5,6 June 2025,a,eligible_grid_cell,,,,,,,,,,,,,,
windsor,Windsor,windsor_-8004_4928,591.0,5.0,96218.35199875086,1926.614179287596,645.8921600696328,0.008460236886632826,2.3667605114952526,0.33524727836710116,0.006712775127119388,True,0.6712775127119388,False,>0.25 to 1,6 June 2025,a,eligible_grid_cell,,,,,,,,,,,,,,
windsor,Windsor,windsor_-8004_4929,933.0,9.0,159683.97840890163,4865.725428700408,2260.452102032373,0.00964630225080386,3.158823703759188,0.4645663087972722,0.014155785223762709,True,1.415578522376271,False,>1 to 2.5,6 June 2025,a,eligible_grid_cell,,,,,,,,,,,,,,
windsor,Windsor,windsor_-8004_4930,304.0,1.0,112054.76955552149,9054.478505357452,4474.221182190147,0.003289473684210526,24.564429310300905,0.49414454731355223,0.03992887763669209,True,3.992887763669209,False,>2.5 to 5,6 June 2025,a,eligible_grid_cell,,,,,,,,,,,,,,
windsor,Windsor,windsor_-8004_4931,1094.0,6.0,120216.58839285908,645.0412278224819,184.72338848944247,0.005484460694698354,0.9783385036842839,0.2863745455666892,0.0015365881777128782,True,0.15365881777128781,False,>0 to 0.25,6 June 2025,a,eligible_grid_cell,,,,,,,,,,,,,,
windsor,Windsor,windsor_-8004_4932,985.0,4.0,131415.55450659426,712.0808927636922,104.33355786578423,0.0040609137055837565,1.3343163258064734,0.1465192493241184,0.0007939209194642855,True,0.07939209194642854,False,>0 to 0.25,6 June 2025,a,eligible_grid_cell,,,,,,,,,,,,,,
windsor,Windsor,windsor_-8004_4933,102.0,1.0,17296.101476421387,107.90621697805761,66.5894116442836,0.00980392156862745,0.6363534665176548,0.617104496007161,0.00384996652193909,True,0.384996652193909,False,>0.25 to 1,6 June 2025,a,eligible_grid_cell,,,,,,,,,,,,,,
windsor,Windsor,windsor_-8003_4925,91.0,1.0,16825.362501694708,218.3335693953466,33.088229349276745,0.01098901098901099,1.1808574592657561,0.15154897820299165,0.0019665685863198483,True,0.19665685863198482,False,>0 to 0.25,6 June 2025,a,eligible_grid_cell,,,,,,,,,,,,,,
windsor,Windsor,windsor_-8003_4928,161.0,0.0,53737.652641407745,0.0,0.0,0.0,,,0.0,True,0.0,True,zero,6 June 2025,a,eligible_grid_cell,,,,,,,,,,,,,,
windsor,Windsor,windsor_-8003_4929,74.0,1.0,149998.54101170838,1174.6699096929005,748.0035778890558,0.013513513513513514,0.5795094587652657,0.6367776783220828,0.00498673902321936,True,0.498673902321936,False,>0.25 to 1,6 June 2025,a,eligible_grid_cell,,,,,,,,,,,,,,
windsor,Windsor,windsor_-8003_4930,110.0,3.0,154658.2162643944,68227.52694590157,4074.1190211018325,0.02727272727272727,16.175513001777258,0.05971371385529261,0.026342726041382523,True,2.6342726041382525,False,>2.5 to 5,6 June 2025,a,eligible_grid_cell,,,,,,,,,,,,,,
windsor,Windsor,windsor_-8003_4931,868.0,4.0,151883.43869542287,1467.0526318763445,399.3827976961538,0.004608294930875576,2.096017998088428,0.2722348121794018,0.002629534866517277,True,0.2629534866517277,False,>0.25 to 1,6 June 2025,a,eligible_grid_cell,,,,,,,,,,,,,,
windsor,Windsor,windsor_-8003_4932,1030.0,8.0,161940.8059265776,14137.414798504355,6968.093484706271,0.007766990291262136,11.23986103992031,0.4928831461777191,0.043028645219077996,True,4.302864521907799,False,>2.5 to 5,6 June 2025,a,eligible_grid_cell,,,,,,,,,,,,,,
windsor,Windsor,windsor_-8003_4933,265.0,2.0,49752.428307628106,667.1406172007391,54.41887363992135,0.007547169811320755,1.7767199468642805,0.08157032001477883,0.0010937933180555487,True,0.10937933180555487,False,>0 to 0.25,6 June 2025,a,eligible_grid_cell,,,,,,,,,,,,,,
windsor,Windsor,windsor_-8002_4929,213.0,2.0,72170.40079276937,427.2798143654078,18.47053576747733,0.009389671361502348,0.6305258073954748,0.0432281964803547,0.00025592951631949173,True,0.025592951631949173,False,>0 to 0.25,6 June 2025,a,eligible_grid_cell,,,,,,,,,,,,,,
windsor,Windsor,windsor_-8002_4930,307.0,3.0,121634.13420757763,12038.831725311236,4666.947450099064,0.009771986970684038,10.128520155269317,0.38765783562594075,0.038368731610606714,True,3.8368731610606712,False,>2.5 to 5,6 June 2025,a,eligible_grid_cell,,,,,,,,,,,,,,
windsor,Windsor,windsor_-8002_4931,858.0,7.0,107967.88297890351,23147.328989311092,588.9415747532634,0.008158508158508158,26.27819591856849,0.025443176403861678,0.005454784872167403,True,0.5454784872167403,False,>0.25 to 1,6 June 2025,a,eligible_grid_cell,,,,,,,,,,,,,,
windsor,Windsor,windsor_-8002_4932,870.0,5.0,139023.45488727707,914.3886718935175,194.51650013899808,0.005747126436781609,1.144437311232672,0.21272846669916962,0.0013991631865048662,True,0.13991631865048662,False,>0 to 0.25,6 June 2025,a,eligible_grid_cell,,,,,,,,,,,,,,
windsor,Windsor,windsor_-8001_4928,102.0,1.0,67773.23380448639,814.5018947730862,187.15773454277138,0.00980392156862745,1.2258407722807405,0.2297818283098188,0.0027615287634449883,True,0.2761528763444988,False,>0.25 to 1,6 June 2025,a,eligible_grid_cell,,,,,,,,,,,,,,
windsor,Windsor,windsor_-8001_4929,894.0,11.0,161913.41402618325,5091.4643149542935,2355.7615647566618,0.012304250559284116,2.555669603885863,0.4626884171293283,0.014549514497765504,True,1.4549514497765503,False,>1 to 2.5,6 June 2025,a,eligible_grid_cell,,,,,,,,,,,,,,
windsor,Windsor,windsor_-8001_4930,753.0,8.0,161572.94247342023,5595.170113470276,2518.403006710713,0.010624169986719787,3.2594899793758865,0.4501030273677829,0.015586786798321792,True,1.5586786798321792,False,>1 to 2.5,6 June 2025,a,eligible_grid_cell,,,,,,,,,,,,,,
windsor,Windsor,windsor_-8001_4931,510.0,6.0,164569.02828365494,2099.1961371851835,234.6085885910353,0.011764705882352941,1.0842360407767109,0.11176115677576581,0.0014255938133550777,True,0.14255938133550777,False,>0 to 0.25,6 June 2025,a,eligible_grid_cell,,,,,,,,,,,,,,
windsor,Windsor,windsor_-8001_4932,327.0,2.0,58856.20319829601,376.10657225758405,20.547820193124583,0.0061162079510703364,1.044807874489181,0.054632972962386846,0.00034911902359545133,True,0.03491190235954513,False,>0 to 0.25,6 June 2025,a,eligible_grid_cell,,,,,,,,,,,,,,
windsor,Windsor,windsor_-8000_4925,52.0,1.0,11053.136384601032,227.99026212088756,57.29088397679428,0.019230769230769232,1.0725909115536605,0.25128653936288237,0.0051832241983922845,True,0.5183224198392284,False,>0.25 to 1,6 June 2025,a,eligible_grid_cell,,,,,,,,,,,,,,
windsor,Windsor,windsor_-8000_4929,1125.0,6.0,179627.07495835345,845.6307556853881,222.03881616477778,0.005333333333333333,0.8826941413357169,0.26257183134832196,0.00123610995845842,True,0.12361099584584201,False,>0 to 0.25,6 June 2025,a,eligible_grid_cell,,,,,,,,,,,,,,
windsor,Windsor,windsor_-8000_4930,888.0,5.0,172678.6494522867,3890.7652906238723,247.75567453778967,0.00563063063063063,4.001652305056577,0.06367787723788983,0.0014347788526470244,True,0.14347788526470245,False,>0 to 0.25,6 June 2025,a,eligible_grid_cell,,,,,,,,,,,,,,
windsor,Windsor,windsor_-8000_4931,780.0,7.0,242763.6455014353,1902.2753192818361,275.3118414029484,0.008974358974358974,0.8731448271572088,0.1447276525181889,0.0011340736,True,0.11340736,False,>0 to 0.25,6 June 2025,a,eligible_grid_cell,,,,,,,,,,,,,,
windsor,Windsor,windsor_-8000_4932,415.0,4.0,84439.3054260509,1608.737931012066,105.21263134818287,0.00963855421686747,1.9766453489918032,0.06540072768843899,0.001246014883913565,True,0.12460148839135651,False,>0 to 0.25,6 June 2025,a,eligible_grid_cell,,,,,,,,,,,,,,
windsor,Windsor,windsor_-7999_4929,241.0,3.0,58327.74223165166,786.0939372778884,123.68179298525303,0.012448132780082987,1.0826674216851275,0.15733716687033913,0.0021204625492624823,True,0.21204625492624823,False,>0 to 0.25,6 June 2025,a,eligible_grid_cell,,,,,,,,,,,,,,
windsor,Windsor,windsor_-7999_4930,514.0,12.0,140026.77196616,4359.716254515092,1166.0764274329192,0.023346303501945526,1.3336105442288264,0.26746612838055345,0.008327524880133084,True,0.8327524880133084,False,>0.25 to 1,6 June 2025,a,eligible_grid_cell,,,,,,,,,,,,,,
windsor,Windsor,windsor_-7999_4931,568.0,3.0,160160.0734887061,600.8784242425484,57.60751106277161,0.00528169014084507,0.7103288136162405,0.09587215772540032,0.00035968709184460926,True,0.03596870918446093,False,>0 to 0.25,6 June 2025,a,eligible_grid_cell,,,,,,,,,,,,,,
windsor,Windsor,windsor_-7999_4932,437.0,3.0,78061.90449277576,590.3774053851561,73.62190271537318,0.006864988558352402,1.1016680835109496,0.12470311709734729,0.0009431220413304997,True,0.09431220413304997,False,>0 to 0.25,6 June 2025,a,eligible_grid_cell,,,,,,,,,,,,,,
windsor,Windsor,windsor_-7998_4930,66.0,1.0,12455.407248581585,206.2887367927109,29.424120098897284,0.015151515151515152,1.0931040917886803,0.14263561140744244,0.0023623571282462954,True,0.23623571282462955,False,>0 to 0.25,6 June 2025,a,eligible_grid_cell,,,,,,,,,,,,,,
,,,71816.0,,,,224.7801009756513,,,,,,0.008895531235553767,,,,b,roof_size_bin,detroit,0-50,0.0,50.0,26.0,0.0003620363150272,2526887.883629113,8.895531235553767e-05,5.244830349584932,0.7729225567802773,,,,
,,,130739.0,,,,2508.708251666045,,,,,,0.023698564086029997,,,,b,roof_size_bin,detroit,50-100,50.0,100.0,184.0,0.0014073841776363,10585908.2540127,0.0002369856408603,21.972202743252637,8.626373899100347,,,,
,,,112267.0,,,,4940.729885954643,,,,,,0.0352453049706,,,,b,roof_size_bin,detroit,100-200,100.0,200.0,358.0,0.0031888266365004,14018122.101868412,0.000352453049706,29.0961354955225,16.989055344478434,,,,
,,,13526.0,,,,3345.26284390362,,,,,,0.08365316589223,,,,b,roof_size_bin,detroit,200-500,200.0,500.0,117.0,0.0086500073931687,3998967.412916851,0.0008365316589223,8.300291354496007,11.502927079350894,,,,
,,,4119.0,,,,2559.2712005567737,,,,,,0.08973029344353,,,,b,roof_size_bin,detroit,500-1000,500.0,1000.0,56.0,0.013595532896334,2852181.9135331293,0.0008973029344353,5.9200134519428635,8.800238238360548,,,,
,,,3922.0,,,,15503.087676693684,,,,,,0.10920304017895,,,,b,roof_size_bin,detroit,1000+,1000.0,inf,125.0,0.031871494135645,14196571.497724423,0.0010920304017895,29.466526605201064,53.30848288192949,,,,
,,,4643.0,,,,236.27425937284715,,,,,,0.14420093011085,,,,b,roof_size_bin,windsor,0-50,0.0,50.0,13.0,0.0027999138488046,163850.71801631915,0.0014420093011085,0.9380999027461259,0.17178606650095402,,,,
,,,21722.0,,,,2464.483022606932,,,,,,0.14478944749248,,,,b,roof_size_bin,windsor,50-100,50.0,100.0,91.0,0.0041893011693214,1702115.0817879185,0.0014478944749248,9.745175437857572,1.791832278030537,,,,
,,,40365.0,,,,11846.694401588293,,,,,,0.20945267796230999,,,,b,roof_size_bin,windsor,100-200,100.0,200.0,359.0,0.0088938436764523,5656024.318638588,0.0020945267796231,32.382621983482096,8.613282875966139,,,,
,,,11955.0,,,,7508.110344878631,,,,,,0.24117686122857,,,,b,roof_size_bin,windsor,200-500,200.0,500.0,170.0,0.014219991635299,3113113.881087795,0.0024117686122857,17.823613252614546,5.458862706523185,,,,
,,,1766.0,,,,3066.223600836005,,,,,,0.24748417784855004,,,,b,roof_size_bin,windsor,500-1000,500.0,1000.0,24.0,0.0135900339750849,1238957.4264874095,0.0024748417784855,7.093443686823943,2.229335065098257,,,,
,,,1425.0,,,,112418.04177664664,,,,,,2.01027513852114,,,,b,roof_size_bin,windsor,1000+,1000.0,inf,89.0,0.0624561403508771,5592171.918285107,0.0201027513852114,32.017045736475716,81.73490100788094,,,,
detroit,Detroit,,,,,,,,,,,,,,,,c,irr_scenario,,,,,,,,,,,central_support_realized,"Both supports realized
(central)",0.0,2.677420752186806
windsor,Windsor,,,,,,,,,,,,,,,,c,irr_scenario,,,,,,,,,,,central_support_realized,"Both supports realized
(central)",0.0,3.006189207556905
detroit,Detroit,,,,,,,,,,,,,,,,c,irr_scenario,,,,,,,,,,,neither_capital_support,No capital support,1.0,-0.3120908338572474
windsor,Windsor,,,,,,,,,,,,,,,,c,irr_scenario,,,,,,,,,,,neither_capital_support,No capital support,1.0,0.1507221609088819
detroit,Detroit,,,,,,,,,,,,,,,,c,irr_scenario,,,,,,,,,,,detroit_credit_windsor_no_grant,"Detroit credit;
Windsor no grant",2.0,2.677420752186806
windsor,Windsor,,,,,,,,,,,,,,,,c,irr_scenario,,,,,,,,,,,detroit_credit_windsor_no_grant,"Detroit credit;
Windsor no grant",2.0,0.1507221609088819
