{
"type": "FeatureCollection",
"name": "Fig_S_detroit_windsor_grid_cells",
"crs": { "type": "name", "properties": { "name": "urn:ogc:def:crs:EPSG::6933" } },
"features": [
{ "type": "Feature", "properties": { "city_key": "detroit", "City": "Detroit", "grid_id": "detroit_-8037_4940", "building_count": 62, "pv_positive_buildings": 0, "footprint_area_m2": 5410.7863618559768, "pv_positive_footprint_m2": 0.0, "pv_area_m2": 0.0, "prevalence": 0.0, "roof_size_selection": null, "conditional_intensity": null, "pv_utilization": 0.0, "eligible_50_buildings": true, "pv_utilization_pct": 0.0, "zero_pv_eligible_cell": true, "color_bin": "zero", "imagery_date": "15 May 2025" }, "geometry": { "type": "Polygon", "coordinates": [ [ [ -8036000.000000000931323, 4939999.99945674277842 ], [ -8036000.000000000931323, 4940999.99945726711303 ], [ -8037000.000000000931323, 4940999.99945726711303 ], [ -8037000.000000000931323, 4939999.99945674277842 ], [ -8036000.000000000931323, 4939999.99945674277842 ] ] ] } },
{ "type": "Feature", "properties": { "city_key": "detroit", "City": "Detroit", "grid_id": "detroit_-8037_4941", "building_count": 103, "pv_positive_buildings": 0, "footprint_area_m2": 12286.331498882193, "pv_positive_footprint_m2": 0.0, "pv_area_m2": 0.0, "prevalence": 0.0, "roof_size_selection": null, "conditional_intensity": null, "pv_utilization": 0.0, "eligible_50_buildings": true, "pv_utilization_pct": 0.0, "zero_pv_eligible_cell": true, "color_bin": "zero", "imagery_date": "15 May 2025" }, "geometry": { "type": "Polygon", "coordinates": [ [ [ -8036000.000000000931323, 4940999.99945726711303 ], [ -8036000.000000000931323, 4941999.999457794241607 ], [ -8037000.000000000931323, 4941999.999457794241607 ], [ -8037000.000000000931323, 4940999.99945726711303 ], [ -8036000.000000000931323, 4940999.99945726711303 ] ] ] } },
{ "type": "Feature", "properties": { "city_key": "detroit", "City": "Detroit", "grid_id": "detroit_-8037_4942", "building_count": 178, "pv_positive_buildings": 0, "footprint_area_m2": 13135.820530042902, "pv_positive_footprint_m2": 0.0, "pv_area_m2": 0.0, "prevalence": 0.0, "roof_size_selection": null, "conditional_intensity": null, "pv_utilization": 0.0, "eligible_50_buildings": true, "pv_utilization_pct": 0.0, "zero_pv_eligible_cell": true, "color_bin": "zero", "imagery_date": "15 May 2025" }, "geometry": { "type": "Polygon", "coordinates": [ [ [ -8036000.000000000931323, 4941999.999457794241607 ], [ -8036000.000000000931323, 4942999.999458317644894 ], [ -8037000.000000000931323, 4942999.999458317644894 ], [ -8037000.000000000931323, 4941999.999457794241607 ], [ -8036000.000000000931323, 4941999.999457794241607 ] ] ] } },
{ "type": "Feature", "properties": { "city_key": "detroit", "City": "Detroit", "grid_id": "detroit_-8036_4939", "building_count": 819, "pv_positive_buildings": 0, "footprint_area_m2": 64737.862648314302, "pv_positive_footprint_m2": 0.0, "pv_area_m2": 0.0, "prevalence": 0.0, "roof_size_selection": null, "conditional_intensity": null, "pv_utilization": 0.0, "eligible_50_buildings": true, "pv_utilization_pct": 0.0, "zero_pv_eligible_cell": true, "color_bin": "zero", "imagery_date": "15 May 2025" }, "geometry": { "type": "Polygon", "coordinates": [ [ [ -8034999.999999999068677, 4938999.999456216581166 ], [ -8034999.999999999068677, 4939999.99945674277842 ], [ -8036000.000000000931323, 4939999.99945674277842 ], [ -8036000.000000000931323, 4938999.999456216581166 ], [ -8034999.999999999068677, 4938999.999456216581166 ] ] ] } },
{ "type": "Feature", "properties": { "city_key": "detroit", "City": "Detroit", "grid_id": "detroit_-8036_4940", "building_count": 1316, "pv_positive_buildings": 0, "footprint_area_m2": 111931.35411940227, "pv_positive_footprint_m2": 0.0, "pv_area_m2": 0.0, "prevalence": 0.0, "roof_size_selection": null, "conditional_intensity": null, "pv_utilization": 0.0, "eligible_50_buildings": true, "pv_utilization_pct": 0.0, "zero_pv_eligible_cell": true, "color_bin": "zero", "imagery_date": "15 May 2025" }, "geometry": { "type": "Polygon", "coordinates": [ [ [ -8034999.999999999068677, 4939999.99945674277842 ], [ -8034999.999999999068677, 4940999.99945726711303 ], [ -8036000.000000000931323, 4940999.99945726711303 ], [ -8036000.000000000931323, 4939999.99945674277842 ], [ -8034999.999999999068677, 4939999.99945674277842 ] ] ] } },
{ "type": "Feature", "properties": { "city_key": "detroit", "City": "Detroit", "grid_id": "detroit_-8036_4941", "building_count": 1020, "pv_positive_buildings": 0, "footprint_area_m2": 137442.20341799082, "pv_positive_footprint_m2": 0.0, "pv_area_m2": 0.0, "prevalence": 0.0, "roof_size_selection": null, "conditional_intensity": null, "pv_utilization": 0.0, "eligible_50_buildings": true, "pv_utilization_pct": 0.0, "zero_pv_eligible_cell": true, "color_bin": "zero", "imagery_date": "15 May 2025" }, "geometry": { "type": "Polygon", "coordinates": [ [ [ -8034999.999999999068677, 4940999.99945726711303 ], [ -8034999.999999999068677, 4941999.999457794241607 ], [ -8036000.000000000931323, 4941999.999457794241607 ], [ -8036000.000000000931323, 4940999.99945726711303 ], [ -8034999.999999999068677, 4940999.99945726711303 ] ] ] } },
{ "type": "Feature", "properties": { "city_key": "detroit", "City": "Detroit", "grid_id": "detroit_-8036_4942", "building_count": 1047, "pv_positive_buildings": 0, "footprint_area_m2": 102033.70582803147, "pv_positive_footprint_m2": 0.0, "pv_area_m2": 0.0, "prevalence": 0.0, "roof_size_selection": null, "conditional_intensity": null, "pv_utilization": 0.0, "eligible_50_buildings": true, "pv_utilization_pct": 0.0, "zero_pv_eligible_cell": true, "color_bin": "zero", "imagery_date": "15 May 2025" }, "geometry": { "type": "Polygon", "coordinates": [ [ [ -8034999.999999999068677, 4941999.999457794241607 ], [ -8034999.999999999068677, 4942999.999458317644894 ], [ -8036000.000000000931323, 4942999.999458317644894 ], [ -8036000.000000000931323, 4941999.999457794241607 ], [ -8034999.999999999068677, 4941999.999457794241607 ] ] ] } },
{ "type": "Feature", "properties": { "city_key": "detroit", "City": "Detroit", "grid_id": "detroit_-8035_4935", "building_count": 150, "pv_positive_buildings": 0, "footprint_area_m2": 10589.640812020791, "pv_positive_footprint_m2": 0.0, "pv_area_m2": 0.0, "prevalence": 0.0, "roof_size_selection": null, "conditional_intensity": null, "pv_utilization": 0.0, "eligible_50_buildings": true, "pv_utilization_pct": 0.0, "zero_pv_eligible_cell": true, "color_bin": "zero", "imagery_date": "15 May 2025" }, "geometry": { "type": "Polygon", "coordinates": [ [ [ -8033999.999999999068677, 4934999.99945411644876 ], [ -8033999.999999999068677, 4935999.999454646371305 ], [ -8034999.999999999068677, 4935999.999454646371305 ], [ -8034999.999999999068677, 4934999.99945411644876 ], [ -8033999.999999999068677, 4934999.99945411644876 ] ] ] } },
{ "type": "Feature", "properties": { "city_key": "detroit", "City": "Detroit", "grid_id": "detroit_-8035_4936", "building_count": 550, "pv_positive_buildings": 1, "footprint_area_m2": 263417.75354428589, "pv_positive_footprint_m2": 100.90191305882857, "pv_area_m2": 13.077681997697988, "prevalence": 0.0018181818181818182, "roof_size_selection": 0.2106769624888844, "conditional_intensity": 0.12960786967511054, "pv_utilization": 4.964616781419542e-05, "eligible_50_buildings": true, "pv_utilization_pct": 0.0049646167814195417, "zero_pv_eligible_cell": false, "color_bin": ">0 to 0.25", "imagery_date": "15 May 2025" }, "geometry": { "type": "Polygon", "coordinates": [ [ [ -8033999.999999999068677, 4935999.999454646371305 ], [ -8033999.999999999068677, 4936999.999455165117979 ], [ -8034999.999999999068677, 4936999.999455165117979 ], [ -8034999.999999999068677, 4935999.999454646371305 ], [ -8033999.999999999068677, 4935999.999454646371305 ] ] ] } },
{ "type": "Feature", "properties": { "city_key": "detroit", "City": "Detroit", "grid_id": "detroit_-8035_4937", "building_count": 686, "pv_positive_buildings": 4, "footprint_area_m2": 76283.576855499647, "pv_positive_footprint_m2": 2243.937039276097, "pv_area_m2": 743.14151754854663, "prevalence": 0.0058309037900874635, "roof_size_selection": 5.0447975579963389, "conditional_intensity": 0.33117752616993523, "pv_utilization": 0.0097418284273198714, "eligible_50_buildings": true, "pv_utilization_pct": 0.97418284273198719, "zero_pv_eligible_cell": false, "color_bin": ">0.25 to 1", "imagery_date": "15 May 2025" }, "geometry": { "type": "Polygon", "coordinates": [ [ [ -8033999.999999999068677, 4936999.999455165117979 ], [ -8033999.999999999068677, 4937999.999455693177879 ], [ -8034999.999999999068677, 4937999.999455693177879 ], [ -8034999.999999999068677, 4936999.999455165117979 ], [ -8033999.999999999068677, 4936999.999455165117979 ] ] ] } },
{ "type": "Feature", "properties": { "city_key": "detroit", "City": "Detroit", "grid_id": "detroit_-8035_4938", "building_count": 193, "pv_positive_buildings": 1, "footprint_area_m2": 43046.072095037256, "pv_positive_footprint_m2": 205.2046176631512, "pv_area_m2": 16.325477028382245, "prevalence": 0.0051813471502590676, "roof_size_selection": 0.92004889834197323, "conditional_intensity": 0.079557064623082444, "pv_utilization": 0.00037925590498335838, "eligible_50_buildings": true, "pv_utilization_pct": 0.03792559049833584, "zero_pv_eligible_cell": false, "color_bin": ">0 to 0.25", "imagery_date": "15 May 2025" }, "geometry": { "type": "Polygon", "coordinates": [ [ [ -8033999.999999999068677, 4937999.999455693177879 ], [ -8033999.999999999068677, 4938999.999456216581166 ], [ -8034999.999999999068677, 4938999.999456216581166 ], [ -8034999.999999999068677, 4937999.999455693177879 ], [ -8033999.999999999068677, 4937999.999455693177879 ] ] ] } },
{ "type": "Feature", "properties": { "city_key": "detroit", "City": "Detroit", "grid_id": "detroit_-8035_4939", "building_count": 688, "pv_positive_buildings": 0, "footprint_area_m2": 68193.458797234925, "pv_positive_footprint_m2": 0.0, "pv_area_m2": 0.0, "prevalence": 0.0, "roof_size_selection": null, "conditional_intensity": null, "pv_utilization": 0.0, "eligible_50_buildings": true, "pv_utilization_pct": 0.0, "zero_pv_eligible_cell": true, "color_bin": "zero", "imagery_date": "15 May 2025" }, "geometry": { "type": "Polygon", "coordinates": [ [ [ -8033999.999999999068677, 4938999.999456216581166 ], [ -8033999.999999999068677, 4939999.99945674277842 ], [ -8034999.999999999068677, 4939999.99945674277842 ], [ -8034999.999999999068677, 4938999.999456216581166 ], [ -8033999.999999999068677, 4938999.999456216581166 ] ] ] } },
{ "type": "Feature", "properties": { "city_key": "detroit", "City": "Detroit", "grid_id": "detroit_-8035_4940", "building_count": 269, "pv_positive_buildings": 0, "footprint_area_m2": 30091.451823802647, "pv_positive_footprint_m2": 0.0, "pv_area_m2": 0.0, "prevalence": 0.0, "roof_size_selection": null, "conditional_intensity": null, "pv_utilization": 0.0, "eligible_50_buildings": true, "pv_utilization_pct": 0.0, "zero_pv_eligible_cell": true, "color_bin": "zero", "imagery_date": "15 May 2025" }, "geometry": { "type": "Polygon", "coordinates": [ [ [ -8033999.999999999068677, 4939999.99945674277842 ], [ -8033999.999999999068677, 4940999.99945726711303 ], [ -8034999.999999999068677, 4940999.99945726711303 ], [ -8034999.999999999068677, 4939999.99945674277842 ], [ -8033999.999999999068677, 4939999.99945674277842 ] ] ] } },
{ "type": "Feature", "properties": { "city_key": "detroit", "City": "Detroit", "grid_id": "detroit_-8035_4941", "building_count": 1002, "pv_positive_buildings": 2, "footprint_area_m2": 123844.8485714522, "pv_positive_footprint_m2": 272.3793235245264, "pv_area_m2": 40.479802708988743, "prevalence": 0.001996007984031936, "roof_size_selection": 1.1018790257315874, "conditional_intensity": 0.14861554902622312, "pv_utilization": 0.00032685899474966011, "eligible_50_buildings": true, "pv_utilization_pct": 0.032685899474966008, "zero_pv_eligible_cell": false, "color_bin": ">0 to 0.25", "imagery_date": "15 May 2025" }, "geometry": { "type": "Polygon", "coordinates": [ [ [ -8033999.999999999068677, 4940999.99945726711303 ], [ -8033999.999999999068677, 4941999.999457794241607 ], [ -8034999.999999999068677, 4941999.999457794241607 ], [ -8034999.999999999068677, 4940999.99945726711303 ], [ -8033999.999999999068677, 4940999.99945726711303 ] ] ] } },
{ "type": "Feature", "properties": { "city_key": "detroit", "City": "Detroit", "grid_id": "detroit_-8035_4942", "building_count": 769, "pv_positive_buildings": 0, "footprint_area_m2": 116211.10454037652, "pv_positive_footprint_m2": 0.0, "pv_area_m2": 0.0, "prevalence": 0.0, "roof_size_selection": null, "conditional_intensity": null, "pv_utilization": 0.0, "eligible_50_buildings": true, "pv_utilization_pct": 0.0, "zero_pv_eligible_cell": true, "color_bin": "zero", "imagery_date": "15 May 2025" }, "geometry": { "type": "Polygon", "coordinates": [ [ [ -8033999.999999999068677, 4941999.999457794241607 ], [ -8033999.999999999068677, 4942999.999458317644894 ], [ -8034999.999999999068677, 4942999.999458317644894 ], [ -8034999.999999999068677, 4941999.999457794241607 ], [ -8033999.999999999068677, 4941999.999457794241607 ] ] ] } },
{ "type": "Feature", "properties": { "city_key": "detroit", "City": "Detroit", "grid_id": "detroit_-8034_4933", "building_count": 1454, "pv_positive_buildings": 1, "footprint_area_m2": 103574.6804268423, "pv_positive_footprint_m2": 78.61223017156324, "pv_area_m2": 5.4991755677362537, "prevalence": 0.00068775790921595599, "roof_size_selection": 1.1035726318285655, "conditional_intensity": 0.069953181022022387, "pv_utilization": 5.3093821241577239e-05, "eligible_50_buildings": true, "pv_utilization_pct": 0.0053093821241577237, "zero_pv_eligible_cell": false, "color_bin": ">0 to 0.25", "imagery_date": "15 May 2025" }, "geometry": { "type": "Polygon", "coordinates": [ [ [ -8033000.0, 4932999.999453063122928 ], [ -8033000.0, 4933999.999453587457538 ], [ -8033999.999999999068677, 4933999.999453587457538 ], [ -8033999.999999999068677, 4932999.999453063122928 ], [ -8033000.0, 4932999.999453063122928 ] ] ] } },
{ "type": "Feature", "properties": { "city_key": "detroit", "City": "Detroit", "grid_id": "detroit_-8034_4934", "building_count": 698, "pv_positive_buildings": 0, "footprint_area_m2": 50501.625738424271, "pv_positive_footprint_m2": 0.0, "pv_area_m2": 0.0, "prevalence": 0.0, "roof_size_selection": null, "conditional_intensity": null, "pv_utilization": 0.0, "eligible_50_buildings": true, "pv_utilization_pct": 0.0, "zero_pv_eligible_cell": true, "color_bin": "zero", "imagery_date": "15 May 2025" }, "geometry": { "type": "Polygon", "coordinates": [ [ [ -8033000.0, 4933999.999453587457538 ], [ -8033000.0, 4934999.99945411644876 ], [ -8033999.999999999068677, 4934999.99945411644876 ], [ -8033999.999999999068677, 4933999.999453587457538 ], [ -8033000.0, 4933999.999453587457538 ] ] ] } },
{ "type": "Feature", "properties": { "city_key": "detroit", "City": "Detroit", "grid_id": "detroit_-8034_4935", "building_count": 732, "pv_positive_buildings": 0, "footprint_area_m2": 52121.86387897293, "pv_positive_footprint_m2": 0.0, "pv_area_m2": 0.0, "prevalence": 0.0, "roof_size_selection": null, "conditional_intensity": null, "pv_utilization": 0.0, "eligible_50_buildings": true, "pv_utilization_pct": 0.0, "zero_pv_eligible_cell": true, "color_bin": "zero", "imagery_date": "15 May 2025" }, "geometry": { "type": "Polygon", "coordinates": [ [ [ -8033000.0, 4934999.99945411644876 ], [ -8033000.0, 4935999.999454646371305 ], [ -8033999.999999999068677, 4935999.999454646371305 ], [ -8033999.999999999068677, 4934999.99945411644876 ], [ -8033000.0, 4934999.99945411644876 ] ] ] } },
{ "type": "Feature", "properties": { "city_key": "detroit", "City": "Detroit", "grid_id": "detroit_-8034_4936", "building_count": 570, "pv_positive_buildings": 1, "footprint_area_m2": 56358.856084980893, "pv_positive_footprint_m2": 117.69896190464695, "pv_area_m2": 30.044563179765024, "prevalence": 0.0017543859649122807, "roof_size_selection": 1.1903791692380923, "conditional_intensity": 0.25526616967195881, "pv_utilization": 0.0005330939140152566, "eligible_50_buildings": true, "pv_utilization_pct": 0.053309391401525658, "zero_pv_eligible_cell": false, "color_bin": ">0 to 0.25", "imagery_date": "15 May 2025" }, "geometry": { "type": "Polygon", "coordinates": [ [ [ -8033000.0, 4935999.999454646371305 ], [ -8033000.0, 4936999.999455165117979 ], [ -8033999.999999999068677, 4936999.999455165117979 ], [ -8033999.999999999068677, 4935999.999454646371305 ], [ -8033000.0, 4935999.999454646371305 ] ] ] } },
{ "type": "Feature", "properties": { "city_key": "detroit", "City": "Detroit", "grid_id": "detroit_-8034_4937", "building_count": 1011, "pv_positive_buildings": 1, "footprint_area_m2": 94219.530199418034, "pv_positive_footprint_m2": 93.483452952214208, "pv_area_m2": 23.962120796664152, "prevalence": 0.00098911968348170125, "roof_size_selection": 1.00310170019583, "conditional_intensity": 0.25632472956377461, "pv_utilization": 0.00025432222752488486, "eligible_50_buildings": true, "pv_utilization_pct": 0.025432222752488486, "zero_pv_eligible_cell": false, "color_bin": ">0 to 0.25", "imagery_date": "15 May 2025" }, "geometry": { "type": "Polygon", "coordinates": [ [ [ -8033000.0, 4936999.999455165117979 ], [ -8033000.0, 4937999.999455693177879 ], [ -8033999.999999999068677, 4937999.999455693177879 ], [ -8033999.999999999068677, 4936999.999455165117979 ], [ -8033000.0, 4936999.999455165117979 ] ] ] } },
{ "type": "Feature", "properties": { "city_key": "detroit", "City": "Detroit", "grid_id": "detroit_-8034_4938", "building_count": 1020, "pv_positive_buildings": 0, "footprint_area_m2": 88863.378204143577, "pv_positive_footprint_m2": 0.0, "pv_area_m2": 0.0, "prevalence": 0.0, "roof_size_selection": null, "conditional_intensity": null, "pv_utilization": 0.0, "eligible_50_buildings": true, "pv_utilization_pct": 0.0, "zero_pv_eligible_cell": true, "color_bin": "zero", "imagery_date": "15 May 2025" }, "geometry": { "type": "Polygon", "coordinates": [ [ [ -8033000.0, 4937999.999455693177879 ], [ -8033000.0, 4938999.999456216581166 ], [ -8033999.999999999068677, 4938999.999456216581166 ], [ -8033999.999999999068677, 4937999.999455693177879 ], [ -8033000.0, 4937999.999455693177879 ] ] ] } },
{ "type": "Feature", "properties": { "city_key": "detroit", "City": "Detroit", "grid_id": "detroit_-8034_4939", "building_count": 1160, "pv_positive_buildings": 5, "footprint_area_m2": 91760.962191740182, "pv_positive_footprint_m2": 1340.5076462020588, "pv_area_m2": 76.706887487614154, "prevalence": 0.0043103448275862068, "roof_size_selection": 3.3892165741356179, "conditional_intensity": 0.057222267776644888, "pv_utilization": 0.00083594249292341107, "eligible_50_buildings": true, "pv_utilization_pct": 0.083594249292341105, "zero_pv_eligible_cell": false, "color_bin": ">0 to 0.25", "imagery_date": "15 May 2025" }, "geometry": { "type": "Polygon", "coordinates": [ [ [ -8033000.0, 4938999.999456216581166 ], [ -8033000.0, 4939999.99945674277842 ], [ -8033999.999999999068677, 4939999.99945674277842 ], [ -8033999.999999999068677, 4938999.999456216581166 ], [ -8033000.0, 4938999.999456216581166 ] ] ] } },
{ "type": "Feature", "properties": { "city_key": "detroit", "City": "Detroit", "grid_id": "detroit_-8034_4940", "building_count": 1218, "pv_positive_buildings": 0, "footprint_area_m2": 163651.20035097896, "pv_positive_footprint_m2": 0.0, "pv_area_m2": 0.0, "prevalence": 0.0, "roof_size_selection": null, "conditional_intensity": null, "pv_utilization": 0.0, "eligible_50_buildings": true, "pv_utilization_pct": 0.0, "zero_pv_eligible_cell": true, "color_bin": "zero", "imagery_date": "15 May 2025" }, "geometry": { "type": "Polygon", "coordinates": [ [ [ -8033000.0, 4939999.99945674277842 ], [ -8033000.0, 4940999.99945726711303 ], [ -8033999.999999999068677, 4940999.99945726711303 ], [ -8033999.999999999068677, 4939999.99945674277842 ], [ -8033000.0, 4939999.99945674277842 ] ] ] } },
{ "type": "Feature", "properties": { "city_key": "detroit", "City": "Detroit", "grid_id": "detroit_-8034_4941", "building_count": 957, "pv_positive_buildings": 2, "footprint_area_m2": 115279.31750051661, "pv_positive_footprint_m2": 839.18936778042519, "pv_area_m2": 242.07185720425991, "prevalence": 0.0020898641588296763, "roof_size_selection": 3.4832971012439762, "conditional_intensity": 0.28845915653640442, "pv_utilization": 0.002099872400816175, "eligible_50_buildings": true, "pv_utilization_pct": 0.20998724008161751, "zero_pv_eligible_cell": false, "color_bin": ">0 to 0.25", "imagery_date": "15 May 2025" }, "geometry": { "type": "Polygon", "coordinates": [ [ [ -8033000.0, 4940999.99945726711303 ], [ -8033000.0, 4941999.999457794241607 ], [ -8033999.999999999068677, 4941999.999457794241607 ], [ -8033999.999999999068677, 4940999.99945726711303 ], [ -8033000.0, 4940999.99945726711303 ] ] ] } },
{ "type": "Feature", "properties": { "city_key": "detroit", "City": "Detroit", "grid_id": "detroit_-8034_4942", "building_count": 1558, "pv_positive_buildings": 0, "footprint_area_m2": 166763.78759542314, "pv_positive_footprint_m2": 0.0, "pv_area_m2": 0.0, "prevalence": 0.0, "roof_size_selection": null, "conditional_intensity": null, "pv_utilization": 0.0, "eligible_50_buildings": true, "pv_utilization_pct": 0.0, "zero_pv_eligible_cell": true, "color_bin": "zero", "imagery_date": "15 May 2025" }, "geometry": { "type": "Polygon", "coordinates": [ [ [ -8033000.0, 4941999.999457794241607 ], [ -8033000.0, 4942999.999458317644894 ], [ -8033999.999999999068677, 4942999.999458317644894 ], [ -8033999.999999999068677, 4941999.999457794241607 ], [ -8033000.0, 4941999.999457794241607 ] ] ] } },
{ "type": "Feature", "properties": { "city_key": "detroit", "City": "Detroit", "grid_id": "detroit_-8033_4933", "building_count": 186, "pv_positive_buildings": 0, "footprint_area_m2": 13504.996879367196, "pv_positive_footprint_m2": 0.0, "pv_area_m2": 0.0, "prevalence": 0.0, "roof_size_selection": null, "conditional_intensity": null, "pv_utilization": 0.0, "eligible_50_buildings": true, "pv_utilization_pct": 0.0, "zero_pv_eligible_cell": true, "color_bin": "zero", "imagery_date": "15 May 2025" }, "geometry": { "type": "Polygon", "coordinates": [ [ [ -8032000.0, 4932999.999453063122928 ], [ -8032000.0, 4933999.999453587457538 ], [ -8033000.0, 4933999.999453587457538 ], [ -8033000.0, 4932999.999453063122928 ], [ -8032000.0, 4932999.999453063122928 ] ] ] } },
{ "type": "Feature", "properties": { "city_key": "detroit", "City": "Detroit", "grid_id": "detroit_-8033_4934", "building_count": 301, "pv_positive_buildings": 2, "footprint_area_m2": 32622.801852300294, "pv_positive_footprint_m2": 158.78400378265673, "pv_area_m2": 9.0007371399640412, "prevalence": 0.0066445182724252493, "roof_size_selection": 0.73252422270421313, "conditional_intensity": 0.056685414938171197, "pv_utilization": 0.00027590325259966545, "eligible_50_buildings": true, "pv_utilization_pct": 0.027590325259966544, "zero_pv_eligible_cell": false, "color_bin": ">0 to 0.25", "imagery_date": "15 May 2025" }, "geometry": { "type": "Polygon", "coordinates": [ [ [ -8032000.0, 4933999.999453587457538 ], [ -8032000.0, 4934999.99945411644876 ], [ -8033000.0, 4934999.99945411644876 ], [ -8033000.0, 4933999.999453587457538 ], [ -8032000.0, 4933999.999453587457538 ] ] ] } },
{ "type": "Feature", "properties": { "city_key": "detroit", "City": "Detroit", "grid_id": "detroit_-8033_4935", "building_count": 322, "pv_positive_buildings": 0, "footprint_area_m2": 25751.906586180092, "pv_positive_footprint_m2": 0.0, "pv_area_m2": 0.0, "prevalence": 0.0, "roof_size_selection": null, "conditional_intensity": null, "pv_utilization": 0.0, "eligible_50_buildings": true, "pv_utilization_pct": 0.0, "zero_pv_eligible_cell": true, "color_bin": "zero", "imagery_date": "15 May 2025" }, "geometry": { "type": "Polygon", "coordinates": [ [ [ -8032000.0, 4934999.99945411644876 ], [ -8032000.0, 4935999.999454646371305 ], [ -8033000.0, 4935999.999454646371305 ], [ -8033000.0, 4934999.99945411644876 ], [ -8032000.0, 4934999.99945411644876 ] ] ] } },
{ "type": "Feature", "properties": { "city_key": "detroit", "City": "Detroit", "grid_id": "detroit_-8033_4936", "building_count": 198, "pv_positive_buildings": 3, "footprint_area_m2": 48187.831649725842, "pv_positive_footprint_m2": 25062.149232347801, "pv_area_m2": 32.671260227437834, "prevalence": 0.015151515151515152, "roof_size_selection": 34.326131571109315, "conditional_intensity": 0.0013036096754730406, "pv_utilization": 0.00067799813996452594, "eligible_50_buildings": true, "pv_utilization_pct": 0.067799813996452588, "zero_pv_eligible_cell": false, "color_bin": ">0 to 0.25", "imagery_date": "15 May 2025" }, "geometry": { "type": "Polygon", "coordinates": [ [ [ -8032000.0, 4935999.999454646371305 ], [ -8032000.0, 4936999.999455165117979 ], [ -8033000.0, 4936999.999455165117979 ], [ -8033000.0, 4935999.999454646371305 ], [ -8032000.0, 4935999.999454646371305 ] ] ] } },
{ "type": "Feature", "properties": { "city_key": "detroit", "City": "Detroit", "grid_id": "detroit_-8033_4937", "building_count": 509, "pv_positive_buildings": 2, "footprint_area_m2": 53012.86511702896, "pv_positive_footprint_m2": 185.84203911563409, "pv_area_m2": 25.32375964306393, "prevalence": 0.003929273084479371, "roof_size_selection": 0.89217586807501281, "conditional_intensity": 0.13626496869907381, "pv_utilization": 0.00047769083197371563, "eligible_50_buildings": true, "pv_utilization_pct": 0.04776908319737156, "zero_pv_eligible_cell": false, "color_bin": ">0 to 0.25", "imagery_date": "15 May 2025" }, "geometry": { "type": "Polygon", "coordinates": [ [ [ -8032000.0, 4936999.999455165117979 ], [ -8032000.0, 4937999.999455693177879 ], [ -8033000.0, 4937999.999455693177879 ], [ -8033000.0, 4936999.999455165117979 ], [ -8032000.0, 4936999.999455165117979 ] ] ] } },
{ "type": "Feature", "properties": { "city_key": "detroit", "City": "Detroit", "grid_id": "detroit_-8033_4938", "building_count": 577, "pv_positive_buildings": 0, "footprint_area_m2": 60183.151741752612, "pv_positive_footprint_m2": 0.0, "pv_area_m2": 0.0, "prevalence": 0.0, "roof_size_selection": null, "conditional_intensity": null, "pv_utilization": 0.0, "eligible_50_buildings": true, "pv_utilization_pct": 0.0, "zero_pv_eligible_cell": true, "color_bin": "zero", "imagery_date": "15 May 2025" }, "geometry": { "type": "Polygon", "coordinates": [ [ [ -8032000.0, 4937999.999455693177879 ], [ -8032000.0, 4938999.999456216581166 ], [ -8033000.0, 4938999.999456216581166 ], [ -8033000.0, 4937999.999455693177879 ], [ -8032000.0, 4937999.999455693177879 ] ] ] } },
{ "type": "Feature", "properties": { "city_key": "detroit", "City": "Detroit", "grid_id": "detroit_-8033_4939", "building_count": 1345, "pv_positive_buildings": 6, "footprint_area_m2": 123547.7798063503, "pv_positive_footprint_m2": 635.60386685871947, "pv_area_m2": 58.34063451393078, "prevalence": 0.0044609665427509295, "roof_size_selection": 1.153247758701039, "conditional_intensity": 0.091787727476017072, "pv_utilization": 0.00047221111221403022, "eligible_50_buildings": true, "pv_utilization_pct": 0.047221111221403024, "zero_pv_eligible_cell": false, "color_bin": ">0 to 0.25", "imagery_date": "15 May 2025" }, "geometry": { "type": "Polygon", "coordinates": [ [ [ -8032000.0, 4938999.999456216581166 ], [ -8032000.0, 4939999.99945674277842 ], [ -8033000.0, 4939999.99945674277842 ], [ -8033000.0, 4938999.999456216581166 ], [ -8032000.0, 4938999.999456216581166 ] ] ] } },
{ "type": "Feature", "properties": { "city_key": "detroit", "City": "Detroit", "grid_id": "detroit_-8033_4940", "building_count": 1007, "pv_positive_buildings": 1, "footprint_area_m2": 115334.04659217835, "pv_positive_footprint_m2": 75.897410809556689, "pv_area_m2": 7.0896511586796951, "prevalence": 0.0009930486593843098, "roof_size_selection": 0.66267242799063264, "conditional_intensity": 0.09341097519741734, "pv_utilization": 6.1470583649498841e-05, "eligible_50_buildings": true, "pv_utilization_pct": 0.0061470583649498841, "zero_pv_eligible_cell": false, "color_bin": ">0 to 0.25", "imagery_date": "15 May 2025" }, "geometry": { "type": "Polygon", "coordinates": [ [ [ -8032000.0, 4939999.99945674277842 ], [ -8032000.0, 4940999.99945726711303 ], [ -8033000.0, 4940999.99945726711303 ], [ -8033000.0, 4939999.99945674277842 ], [ -8032000.0, 4939999.99945674277842 ] ] ] } },
{ "type": "Feature", "properties": { "city_key": "detroit", "City": "Detroit", "grid_id": "detroit_-8033_4941", "building_count": 1564, "pv_positive_buildings": 0, "footprint_area_m2": 130431.57547508855, "pv_positive_footprint_m2": 0.0, "pv_area_m2": 0.0, "prevalence": 0.0, "roof_size_selection": null, "conditional_intensity": null, "pv_utilization": 0.0, "eligible_50_buildings": true, "pv_utilization_pct": 0.0, "zero_pv_eligible_cell": true, "color_bin": "zero", "imagery_date": "15 May 2025" }, "geometry": { "type": "Polygon", "coordinates": [ [ [ -8032000.0, 4940999.99945726711303 ], [ -8032000.0, 4941999.999457794241607 ], [ -8033000.0, 4941999.999457794241607 ], [ -8033000.0, 4940999.99945726711303 ], [ -8032000.0, 4940999.99945726711303 ] ] ] } },
{ "type": "Feature", "properties": { "city_key": "detroit", "City": "Detroit", "grid_id": "detroit_-8033_4942", "building_count": 1823, "pv_positive_buildings": 0, "footprint_area_m2": 166543.07552638897, "pv_positive_footprint_m2": 0.0, "pv_area_m2": 0.0, "prevalence": 0.0, "roof_size_selection": null, "conditional_intensity": null, "pv_utilization": 0.0, "eligible_50_buildings": true, "pv_utilization_pct": 0.0, "zero_pv_eligible_cell": true, "color_bin": "zero", "imagery_date": "15 May 2025" }, "geometry": { "type": "Polygon", "coordinates": [ [ [ -8032000.0, 4941999.999457794241607 ], [ -8032000.0, 4942999.999458317644894 ], [ -8033000.0, 4942999.999458317644894 ], [ -8033000.0, 4941999.999457794241607 ], [ -8032000.0, 4941999.999457794241607 ] ] ] } },
{ "type": "Feature", "properties": { "city_key": "detroit", "City": "Detroit", "grid_id": "detroit_-8032_4932", "building_count": 212, "pv_positive_buildings": 1, "footprint_area_m2": 16763.847430397655, "pv_positive_footprint_m2": 123.1421667692854, "pv_area_m2": 31.739084884511851, "prevalence": 0.0047169811320754715, "roof_size_selection": 1.5572880547546977, "conditional_intensity": 0.25774343360367391, "pv_utilization": 0.0018933055204833113, "eligible_50_buildings": true, "pv_utilization_pct": 0.18933055204833113, "zero_pv_eligible_cell": false, "color_bin": ">0 to 0.25", "imagery_date": "15 May 2025" }, "geometry": { "type": "Polygon", "coordinates": [ [ [ -8030999.999999999068677, 4931999.999452533200383 ], [ -8030999.999999999068677, 4932999.999453063122928 ], [ -8032000.0, 4932999.999453063122928 ], [ -8032000.0, 4931999.999452533200383 ], [ -8030999.999999999068677, 4931999.999452533200383 ] ] ] } },
{ "type": "Feature", "properties": { "city_key": "detroit", "City": "Detroit", "grid_id": "detroit_-8032_4933", "building_count": 1547, "pv_positive_buildings": 1, "footprint_area_m2": 112156.8409374016, "pv_positive_footprint_m2": 105.25069738971088, "pv_area_m2": 3.8940263010681808, "prevalence": 0.00064641241111829345, "roof_size_selection": 1.4517422878624002, "conditional_intensity": 0.036997629447050616, "pv_utilization": 3.4719472022589903e-05, "eligible_50_buildings": true, "pv_utilization_pct": 0.0034719472022589903, "zero_pv_eligible_cell": false, "color_bin": ">0 to 0.25", "imagery_date": "15 May 2025" }, "geometry": { "type": "Polygon", "coordinates": [ [ [ -8030999.999999999068677, 4932999.999453063122928 ], [ -8030999.999999999068677, 4933999.999453587457538 ], [ -8032000.0, 4933999.999453587457538 ], [ -8032000.0, 4932999.999453063122928 ], [ -8030999.999999999068677, 4932999.999453063122928 ] ] ] } },
{ "type": "Feature", "properties": { "city_key": "detroit", "City": "Detroit", "grid_id": "detroit_-8032_4934", "building_count": 1770, "pv_positive_buildings": 2, "footprint_area_m2": 134883.93981116451, "pv_positive_footprint_m2": 192.56874697412593, "pv_area_m2": 23.307464548933407, "prevalence": 0.0011299435028248588, "roof_size_selection": 1.2634813404078464, "conditional_intensity": 0.12103451320719796, "pv_utilization": 0.00017279643952840869, "eligible_50_buildings": true, "pv_utilization_pct": 0.017279643952840869, "zero_pv_eligible_cell": false, "color_bin": ">0 to 0.25", "imagery_date": "15 May 2025" }, "geometry": { "type": "Polygon", "coordinates": [ [ [ -8030999.999999999068677, 4933999.999453587457538 ], [ -8030999.999999999068677, 4934999.99945411644876 ], [ -8032000.0, 4934999.99945411644876 ], [ -8032000.0, 4933999.999453587457538 ], [ -8030999.999999999068677, 4933999.999453587457538 ] ] ] } },
{ "type": "Feature", "properties": { "city_key": "detroit", "City": "Detroit", "grid_id": "detroit_-8032_4935", "building_count": 1825, "pv_positive_buildings": 1, "footprint_area_m2": 155119.38350220071, "pv_positive_footprint_m2": 106.10128983585162, "pv_area_m2": 2.3835503866327388, "prevalence": 0.00054794520547945202, "roof_size_selection": 1.2482956647882892, "conditional_intensity": 0.022464857781845149, "pv_utilization": 1.5365909358445349e-05, "eligible_50_buildings": true, "pv_utilization_pct": 0.0015365909358445349, "zero_pv_eligible_cell": false, "color_bin": ">0 to 0.25", "imagery_date": "15 May 2025" }, "geometry": { "type": "Polygon", "coordinates": [ [ [ -8030999.999999999068677, 4934999.99945411644876 ], [ -8030999.999999999068677, 4935999.999454646371305 ], [ -8032000.0, 4935999.999454646371305 ], [ -8032000.0, 4934999.99945411644876 ], [ -8030999.999999999068677, 4934999.99945411644876 ] ] ] } },
{ "type": "Feature", "properties": { "city_key": "detroit", "City": "Detroit", "grid_id": "detroit_-8032_4936", "building_count": 1008, "pv_positive_buildings": 1, "footprint_area_m2": 164804.50603641503, "pv_positive_footprint_m2": 78.499185463937806, "pv_area_m2": 11.377548146269165, "prevalence": 0.00099206349206349201, "roof_size_selection": 0.48012752108953533, "conditional_intensity": 0.14493842297887233, "pv_utilization": 6.9036632674079882e-05, "eligible_50_buildings": true, "pv_utilization_pct": 0.0069036632674079881, "zero_pv_eligible_cell": false, "color_bin": ">0 to 0.25", "imagery_date": "15 May 2025" }, "geometry": { "type": "Polygon", "coordinates": [ [ [ -8030999.999999999068677, 4935999.999454646371305 ], [ -8030999.999999999068677, 4936999.999455165117979 ], [ -8032000.0, 4936999.999455165117979 ], [ -8032000.0, 4935999.999454646371305 ], [ -8030999.999999999068677, 4935999.999454646371305 ] ] ] } },
{ "type": "Feature", "properties": { "city_key": "detroit", "City": "Detroit", "grid_id": "detroit_-8032_4937", "building_count": 656, "pv_positive_buildings": 6, "footprint_area_m2": 84963.27192285299, "pv_positive_footprint_m2": 1242.1298717088002, "pv_area_m2": 94.196744442138396, "prevalence": 0.0091463414634146336, "roof_size_selection": 1.5984106571383154, "conditional_intensity": 0.075834859612990205, "pv_utilization": 0.0011086760468413863, "eligible_50_buildings": true, "pv_utilization_pct": 0.11086760468413863, "zero_pv_eligible_cell": false, "color_bin": ">0 to 0.25", "imagery_date": "15 May 2025" }, "geometry": { "type": "Polygon", "coordinates": [ [ [ -8030999.999999999068677, 4936999.999455165117979 ], [ -8030999.999999999068677, 4937999.999455693177879 ], [ -8032000.0, 4937999.999455693177879 ], [ -8032000.0, 4936999.999455165117979 ], [ -8030999.999999999068677, 4936999.999455165117979 ] ] ] } },
{ "type": "Feature", "properties": { "city_key": "detroit", "City": "Detroit", "grid_id": "detroit_-8032_4938", "building_count": 1314, "pv_positive_buildings": 1, "footprint_area_m2": 106555.84136345632, "pv_positive_footprint_m2": 91.70652796948923, "pv_area_m2": 7.0929287775628005, "prevalence": 0.00076103500761035003, "roof_size_selection": 1.1308847662408448, "conditional_intensity": 0.077343771862376232, "pv_utilization": 6.6565367855988275e-05, "eligible_50_buildings": true, "pv_utilization_pct": 0.0066565367855988275, "zero_pv_eligible_cell": false, "color_bin": ">0 to 0.25", "imagery_date": "15 May 2025" }, "geometry": { "type": "Polygon", "coordinates": [ [ [ -8030999.999999999068677, 4937999.999455693177879 ], [ -8030999.999999999068677, 4938999.999456216581166 ], [ -8032000.0, 4938999.999456216581166 ], [ -8032000.0, 4937999.999455693177879 ], [ -8030999.999999999068677, 4937999.999455693177879 ] ] ] } },
{ "type": "Feature", "properties": { "city_key": "detroit", "City": "Detroit", "grid_id": "detroit_-8032_4939", "building_count": 2161, "pv_positive_buildings": 4, "footprint_area_m2": 171364.33462373435, "pv_positive_footprint_m2": 443.05128046806817, "pv_area_m2": 49.101987533059557, "prevalence": 0.0018509949097639982, "roof_size_selection": 1.3967810443079336, "conditional_intensity": 0.11082687196205601, "pv_utilization": 0.00028653562972057791, "eligible_50_buildings": true, "pv_utilization_pct": 0.028653562972057792, "zero_pv_eligible_cell": false, "color_bin": ">0 to 0.25", "imagery_date": "15 May 2025" }, "geometry": { "type": "Polygon", "coordinates": [ [ [ -8030999.999999999068677, 4938999.999456216581166 ], [ -8030999.999999999068677, 4939999.99945674277842 ], [ -8032000.0, 4939999.99945674277842 ], [ -8032000.0, 4938999.999456216581166 ], [ -8030999.999999999068677, 4938999.999456216581166 ] ] ] } },
{ "type": "Feature", "properties": { "city_key": "detroit", "City": "Detroit", "grid_id": "detroit_-8032_4940", "building_count": 1876, "pv_positive_buildings": 2, "footprint_area_m2": 138530.07178545278, "pv_positive_footprint_m2": 254.51394201508452, "pv_area_m2": 20.201501772177409, "prevalence": 0.0010660980810234541, "roof_size_selection": 1.7233375723639743, "conditional_intensity": 0.079372868976191904, "pv_utilization": 0.00014582755579210487, "eligible_50_buildings": true, "pv_utilization_pct": 0.014582755579210486, "zero_pv_eligible_cell": false, "color_bin": ">0 to 0.25", "imagery_date": "15 May 2025" }, "geometry": { "type": "Polygon", "coordinates": [ [ [ -8030999.999999999068677, 4939999.99945674277842 ], [ -8030999.999999999068677, 4940999.99945726711303 ], [ -8032000.0, 4940999.99945726711303 ], [ -8032000.0, 4939999.99945674277842 ], [ -8030999.999999999068677, 4939999.99945674277842 ] ] ] } },
{ "type": "Feature", "properties": { "city_key": "detroit", "City": "Detroit", "grid_id": "detroit_-8032_4941", "building_count": 1559, "pv_positive_buildings": 0, "footprint_area_m2": 146999.70061909853, "pv_positive_footprint_m2": 0.0, "pv_area_m2": 0.0, "prevalence": 0.0, "roof_size_selection": null, "conditional_intensity": null, "pv_utilization": 0.0, "eligible_50_buildings": true, "pv_utilization_pct": 0.0, "zero_pv_eligible_cell": true, "color_bin": "zero", "imagery_date": "15 May 2025" }, "geometry": { "type": "Polygon", "coordinates": [ [ [ -8030999.999999999068677, 4940999.99945726711303 ], [ -8030999.999999999068677, 4941999.999457794241607 ], [ -8032000.0, 4941999.999457794241607 ], [ -8032000.0, 4940999.99945726711303 ], [ -8030999.999999999068677, 4940999.99945726711303 ] ] ] } },
{ "type": "Feature", "properties": { "city_key": "detroit", "City": "Detroit", "grid_id": "detroit_-8032_4942", "building_count": 1670, "pv_positive_buildings": 0, "footprint_area_m2": 160783.60140269861, "pv_positive_footprint_m2": 0.0, "pv_area_m2": 0.0, "prevalence": 0.0, "roof_size_selection": null, "conditional_intensity": null, "pv_utilization": 0.0, "eligible_50_buildings": true, "pv_utilization_pct": 0.0, "zero_pv_eligible_cell": true, "color_bin": "zero", "imagery_date": "15 May 2025" }, "geometry": { "type": "Polygon", "coordinates": [ [ [ -8030999.999999999068677, 4941999.999457794241607 ], [ -8030999.999999999068677, 4942999.999458317644894 ], [ -8032000.0, 4942999.999458317644894 ], [ -8032000.0, 4941999.999457794241607 ], [ -8030999.999999999068677, 4941999.999457794241607 ] ] ] } },
{ "type": "Feature", "properties": { "city_key": "detroit", "City": "Detroit", "grid_id": "detroit_-8031_4932", "building_count": 1706, "pv_positive_buildings": 1, "footprint_area_m2": 123301.97455442196, "pv_positive_footprint_m2": 114.43648872043272, "pv_area_m2": 7.1080976843531412, "prevalence": 0.00058616647127784287, "roof_size_selection": 1.5833375780279164, "conditional_intensity": 0.062113909329376209, "pv_utilization": 5.7647882039519411e-05, "eligible_50_buildings": true, "pv_utilization_pct": 0.0057647882039519411, "zero_pv_eligible_cell": false, "color_bin": ">0 to 0.25", "imagery_date": "15 May 2025" }, "geometry": { "type": "Polygon", "coordinates": [ [ [ -8029999.999999999068677, 4931999.999452533200383 ], [ -8029999.999999999068677, 4932999.999453063122928 ], [ -8030999.999999999068677, 4932999.999453063122928 ], [ -8030999.999999999068677, 4931999.999452533200383 ], [ -8029999.999999999068677, 4931999.999452533200383 ] ] ] } },
{ "type": "Feature", "properties": { "city_key": "detroit", "City": "Detroit", "grid_id": "detroit_-8031_4933", "building_count": 1973, "pv_positive_buildings": 0, "footprint_area_m2": 166622.81741266057, "pv_positive_footprint_m2": 0.0, "pv_area_m2": 0.0, "prevalence": 0.0, "roof_size_selection": null, "conditional_intensity": null, "pv_utilization": 0.0, "eligible_50_buildings": true, "pv_utilization_pct": 0.0, "zero_pv_eligible_cell": true, "color_bin": "zero", "imagery_date": "15 May 2025" }, "geometry": { "type": "Polygon", "coordinates": [ [ [ -8029999.999999999068677, 4932999.999453063122928 ], [ -8029999.999999999068677, 4933999.999453587457538 ], [ -8030999.999999999068677, 4933999.999453587457538 ], [ -8030999.999999999068677, 4932999.999453063122928 ], [ -8029999.999999999068677, 4932999.999453063122928 ] ] ] } },
{ "type": "Feature", "properties": { "city_key": "detroit", "City": "Detroit", "grid_id": "detroit_-8031_4934", "building_count": 1918, "pv_positive_buildings": 1, "footprint_area_m2": 144013.4182229774, "pv_positive_footprint_m2": 78.712159599589498, "pv_area_m2": 9.682654392359904, "prevalence": 0.00052137643378519292, "roof_size_selection": 1.0483045536650233, "conditional_intensity": 0.12301345105528526, "pv_utilization": 6.7234390460534402e-05, "eligible_50_buildings": true, "pv_utilization_pct": 0.00672343904605344, "zero_pv_eligible_cell": false, "color_bin": ">0 to 0.25", "imagery_date": "15 May 2025" }, "geometry": { "type": "Polygon", "coordinates": [ [ [ -8029999.999999999068677, 4933999.999453587457538 ], [ -8029999.999999999068677, 4934999.99945411644876 ], [ -8030999.999999999068677, 4934999.99945411644876 ], [ -8030999.999999999068677, 4933999.999453587457538 ], [ -8029999.999999999068677, 4933999.999453587457538 ] ] ] } },
{ "type": "Feature", "properties": { "city_key": "detroit", "City": "Detroit", "grid_id": "detroit_-8031_4935", "building_count": 2030, "pv_positive_buildings": 0, "footprint_area_m2": 151155.14302905864, "pv_positive_footprint_m2": 0.0, "pv_area_m2": 0.0, "prevalence": 0.0, "roof_size_selection": null, "conditional_intensity": null, "pv_utilization": 0.0, "eligible_50_buildings": true, "pv_utilization_pct": 0.0, "zero_pv_eligible_cell": true, "color_bin": "zero", "imagery_date": "15 May 2025" }, "geometry": { "type": "Polygon", "coordinates": [ [ [ -8029999.999999999068677, 4934999.99945411644876 ], [ -8029999.999999999068677, 4935999.999454646371305 ], [ -8030999.999999999068677, 4935999.999454646371305 ], [ -8030999.999999999068677, 4934999.99945411644876 ], [ -8029999.999999999068677, 4934999.99945411644876 ] ] ] } },
{ "type": "Feature", "properties": { "city_key": "detroit", "City": "Detroit", "grid_id": "detroit_-8031_4936", "building_count": 553, "pv_positive_buildings": 3, "footprint_area_m2": 175202.12821786207, "pv_positive_footprint_m2": 3699.1528212976073, "pv_area_m2": 396.41905789397788, "prevalence": 0.0054249547920433997, "roof_size_selection": 3.8919457029156912, "conditional_intensity": 0.10716482314859326, "pv_utilization": 0.002262638370471361, "eligible_50_buildings": true, "pv_utilization_pct": 0.2262638370471361, "zero_pv_eligible_cell": false, "color_bin": ">0 to 0.25", "imagery_date": "15 May 2025" }, "geometry": { "type": "Polygon", "coordinates": [ [ [ -8029999.999999999068677, 4935999.999454646371305 ], [ -8029999.999999999068677, 4936999.999455165117979 ], [ -8030999.999999999068677, 4936999.999455165117979 ], [ -8030999.999999999068677, 4935999.999454646371305 ], [ -8029999.999999999068677, 4935999.999454646371305 ] ] ] } },
{ "type": "Feature", "properties": { "city_key": "detroit", "City": "Detroit", "grid_id": "detroit_-8031_4937", "building_count": 1117, "pv_positive_buildings": 4, "footprint_area_m2": 149998.69243921302, "pv_positive_footprint_m2": 13157.678923882877, "pv_area_m2": 128.28418544866247, "prevalence": 0.0035810205908683975, "roof_size_selection": 24.495425791683463, "conditional_intensity": 0.0097497580075320278, "pv_utilization": 0.00085523535813920274, "eligible_50_buildings": true, "pv_utilization_pct": 0.085523535813920276, "zero_pv_eligible_cell": false, "color_bin": ">0 to 0.25", "imagery_date": "15 May 2025" }, "geometry": { "type": "Polygon", "coordinates": [ [ [ -8029999.999999999068677, 4936999.999455165117979 ], [ -8029999.999999999068677, 4937999.999455693177879 ], [ -8030999.999999999068677, 4937999.999455693177879 ], [ -8030999.999999999068677, 4936999.999455165117979 ], [ -8029999.999999999068677, 4936999.999455165117979 ] ] ] } },
{ "type": "Feature", "properties": { "city_key": "detroit", "City": "Detroit", "grid_id": "detroit_-8031_4938", "building_count": 1994, "pv_positive_buildings": 3, "footprint_area_m2": 152293.77481378117, "pv_positive_footprint_m2": 209.88716838695322, "pv_area_m2": 56.606073995074453, "prevalence": 0.0015045135406218655, "roof_size_selection": 0.91602565343490117, "conditional_intensity": 0.26969764007065972, "pv_utilization": 0.00037169000547980459, "eligible_50_buildings": true, "pv_utilization_pct": 0.03716900054798046, "zero_pv_eligible_cell": false, "color_bin": ">0 to 0.25", "imagery_date": "15 May 2025" }, "geometry": { "type": "Polygon", "coordinates": [ [ [ -8029999.999999999068677, 4937999.999455693177879 ], [ -8029999.999999999068677, 4938999.999456216581166 ], [ -8030999.999999999068677, 4938999.999456216581166 ], [ -8030999.999999999068677, 4937999.999455693177879 ], [ -8029999.999999999068677, 4937999.999455693177879 ] ] ] } },
{ "type": "Feature", "properties": { "city_key": "detroit", "City": "Detroit", "grid_id": "detroit_-8031_4939", "building_count": 1753, "pv_positive_buildings": 8, "footprint_area_m2": 161168.54466829263, "pv_positive_footprint_m2": 1682.3333078562537, "pv_area_m2": 334.09422314261622, "prevalence": 0.0045636052481460351, "roof_size_selection": 2.2873029401780403, "conditional_intensity": 0.1985897928683005, "pv_utilization": 0.0020729493080068992, "eligible_50_buildings": true, "pv_utilization_pct": 0.20729493080068992, "zero_pv_eligible_cell": false, "color_bin": ">0 to 0.25", "imagery_date": "15 May 2025" }, "geometry": { "type": "Polygon", "coordinates": [ [ [ -8029999.999999999068677, 4938999.999456216581166 ], [ -8029999.999999999068677, 4939999.99945674277842 ], [ -8030999.999999999068677, 4939999.99945674277842 ], [ -8030999.999999999068677, 4938999.999456216581166 ], [ -8029999.999999999068677, 4938999.999456216581166 ] ] ] } },
{ "type": "Feature", "properties": { "city_key": "detroit", "City": "Detroit", "grid_id": "detroit_-8031_4940", "building_count": 2241, "pv_positive_buildings": 4, "footprint_area_m2": 180400.14421375172, "pv_positive_footprint_m2": 392.39292323076245, "pv_area_m2": 55.166682383971775, "prevalence": 0.0017849174475680499, "roof_size_selection": 1.2186139661815005, "conditional_intensity": 0.14059041108529061, "pv_utilization": 0.00030580176431902471, "eligible_50_buildings": true, "pv_utilization_pct": 0.030580176431902469, "zero_pv_eligible_cell": false, "color_bin": ">0 to 0.25", "imagery_date": "15 May 2025" }, "geometry": { "type": "Polygon", "coordinates": [ [ [ -8029999.999999999068677, 4939999.99945674277842 ], [ -8029999.999999999068677, 4940999.99945726711303 ], [ -8030999.999999999068677, 4940999.99945726711303 ], [ -8030999.999999999068677, 4939999.99945674277842 ], [ -8029999.999999999068677, 4939999.99945674277842 ] ] ] } },
{ "type": "Feature", "properties": { "city_key": "detroit", "City": "Detroit", "grid_id": "detroit_-8031_4941", "building_count": 1973, "pv_positive_buildings": 0, "footprint_area_m2": 145081.57601508772, "pv_positive_footprint_m2": 0.0, "pv_area_m2": 0.0, "prevalence": 0.0, "roof_size_selection": null, "conditional_intensity": null, "pv_utilization": 0.0, "eligible_50_buildings": true, "pv_utilization_pct": 0.0, "zero_pv_eligible_cell": true, "color_bin": "zero", "imagery_date": "15 May 2025" }, "geometry": { "type": "Polygon", "coordinates": [ [ [ -8029999.999999999068677, 4940999.99945726711303 ], [ -8029999.999999999068677, 4941999.999457794241607 ], [ -8030999.999999999068677, 4941999.999457794241607 ], [ -8030999.999999999068677, 4940999.99945726711303 ], [ -8029999.999999999068677, 4940999.99945726711303 ] ] ] } },
{ "type": "Feature", "properties": { "city_key": "detroit", "City": "Detroit", "grid_id": "detroit_-8031_4942", "building_count": 1250, "pv_positive_buildings": 0, "footprint_area_m2": 103983.7773540554, "pv_positive_footprint_m2": 0.0, "pv_area_m2": 0.0, "prevalence": 0.0, "roof_size_selection": null, "conditional_intensity": null, "pv_utilization": 0.0, "eligible_50_buildings": true, "pv_utilization_pct": 0.0, "zero_pv_eligible_cell": true, "color_bin": "zero", "imagery_date": "15 May 2025" }, "geometry": { "type": "Polygon", "coordinates": [ [ [ -8029999.999999999068677, 4941999.999457794241607 ], [ -8029999.999999999068677, 4942999.999458317644894 ], [ -8030999.999999999068677, 4942999.999458317644894 ], [ -8030999.999999999068677, 4941999.999457794241607 ], [ -8029999.999999999068677, 4941999.999457794241607 ] ] ] } },
{ "type": "Feature", "properties": { "city_key": "detroit", "City": "Detroit", "grid_id": "detroit_-8030_4932", "building_count": 1444, "pv_positive_buildings": 4, "footprint_area_m2": 122958.61812260117, "pv_positive_footprint_m2": 473.45934911531208, "pv_area_m2": 52.870748145024763, "prevalence": 0.0027700831024930748, "roof_size_selection": 1.3900516095602644, "conditional_intensity": 0.11166903398109469, "pv_utilization": 0.00042998814521734224, "eligible_50_buildings": true, "pv_utilization_pct": 0.042998814521734222, "zero_pv_eligible_cell": false, "color_bin": ">0 to 0.25", "imagery_date": "15 May 2025" }, "geometry": { "type": "Polygon", "coordinates": [ [ [ -8028999.999999999068677, 4931999.999452533200383 ], [ -8028999.999999999068677, 4932999.999453063122928 ], [ -8029999.999999999068677, 4932999.999453063122928 ], [ -8029999.999999999068677, 4931999.999452533200383 ], [ -8028999.999999999068677, 4931999.999452533200383 ] ] ] } },
{ "type": "Feature", "properties": { "city_key": "detroit", "City": "Detroit", "grid_id": "detroit_-8030_4933", "building_count": 1939, "pv_positive_buildings": 2, "footprint_area_m2": 154765.88296115588, "pv_positive_footprint_m2": 121.07931145002375, "pv_area_m2": 23.41276205644153, "prevalence": 0.0010314595152140279, "roof_size_selection": 0.7584771928077999, "conditional_intensity": 0.19336715559458145, "pv_utilization": 0.00015127857385931635, "eligible_50_buildings": true, "pv_utilization_pct": 0.015127857385931635, "zero_pv_eligible_cell": false, "color_bin": ">0 to 0.25", "imagery_date": "15 May 2025" }, "geometry": { "type": "Polygon", "coordinates": [ [ [ -8028999.999999999068677, 4932999.999453063122928 ], [ -8028999.999999999068677, 4933999.999453587457538 ], [ -8029999.999999999068677, 4933999.999453587457538 ], [ -8029999.999999999068677, 4932999.999453063122928 ], [ -8028999.999999999068677, 4932999.999453063122928 ] ] ] } },
{ "type": "Feature", "properties": { "city_key": "detroit", "City": "Detroit", "grid_id": "detroit_-8030_4934", "building_count": 1112, "pv_positive_buildings": 1, "footprint_area_m2": 89049.196780153681, "pv_positive_footprint_m2": 80.558090902497995, "pv_area_m2": 7.7857703077086002, "prevalence": 0.00089928057553956839, "roof_size_selection": 1.0059674912591972, "conditional_intensity": 0.096647899925185216, "pv_utilization": 8.743223509281342e-05, "eligible_50_buildings": true, "pv_utilization_pct": 0.0087432235092813424, "zero_pv_eligible_cell": false, "color_bin": ">0 to 0.25", "imagery_date": "15 May 2025" }, "geometry": { "type": "Polygon", "coordinates": [ [ [ -8028999.999999999068677, 4933999.999453587457538 ], [ -8028999.999999999068677, 4934999.99945411644876 ], [ -8029999.999999999068677, 4934999.99945411644876 ], [ -8029999.999999999068677, 4933999.999453587457538 ], [ -8028999.999999999068677, 4933999.999453587457538 ] ] ] } },
{ "type": "Feature", "properties": { "city_key": "detroit", "City": "Detroit", "grid_id": "detroit_-8030_4935", "building_count": 828, "pv_positive_buildings": 0, "footprint_area_m2": 135306.81599706359, "pv_positive_footprint_m2": 0.0, "pv_area_m2": 0.0, "prevalence": 0.0, "roof_size_selection": null, "conditional_intensity": null, "pv_utilization": 0.0, "eligible_50_buildings": true, "pv_utilization_pct": 0.0, "zero_pv_eligible_cell": true, "color_bin": "zero", "imagery_date": "15 May 2025" }, "geometry": { "type": "Polygon", "coordinates": [ [ [ -8028999.999999999068677, 4934999.99945411644876 ], [ -8028999.999999999068677, 4935999.999454646371305 ], [ -8029999.999999999068677, 4935999.999454646371305 ], [ -8029999.999999999068677, 4934999.99945411644876 ], [ -8028999.999999999068677, 4934999.99945411644876 ] ] ] } },
{ "type": "Feature", "properties": { "city_key": "detroit", "City": "Detroit", "grid_id": "detroit_-8030_4936", "building_count": 700, "pv_positive_buildings": 1, "footprint_area_m2": 133953.12046752035, "pv_positive_footprint_m2": 110.84901794100412, "pv_area_m2": 12.156286077121614, "prevalence": 0.0014285714285714286, "roof_size_selection": 0.57926468818258847, "conditional_intensity": 0.10966525732858916, "pv_utilization": 9.0750301558440759e-05, "eligible_50_buildings": true, "pv_utilization_pct": 0.009075030155844075, "zero_pv_eligible_cell": false, "color_bin": ">0 to 0.25", "imagery_date": "15 May 2025" }, "geometry": { "type": "Polygon", "coordinates": [ [ [ -8028999.999999999068677, 4935999.999454646371305 ], [ -8028999.999999999068677, 4936999.999455165117979 ], [ -8029999.999999999068677, 4936999.999455165117979 ], [ -8029999.999999999068677, 4935999.999454646371305 ], [ -8028999.999999999068677, 4935999.999454646371305 ] ] ] } },
{ "type": "Feature", "properties": { "city_key": "detroit", "City": "Detroit", "grid_id": "detroit_-8030_4937", "building_count": 1650, "pv_positive_buildings": 7, "footprint_area_m2": 185956.02073473053, "pv_positive_footprint_m2": 1129.337402539865, "pv_area_m2": 120.05075598619408, "prevalence": 0.0042424242424242429, "roof_size_selection": 1.4315264336068543, "conditional_intensity": 0.10630193927536757, "pv_utilization": 0.00064558681946334264, "eligible_50_buildings": true, "pv_utilization_pct": 0.064558681946334268, "zero_pv_eligible_cell": false, "color_bin": ">0 to 0.25", "imagery_date": "15 May 2025" }, "geometry": { "type": "Polygon", "coordinates": [ [ [ -8028999.999999999068677, 4936999.999455165117979 ], [ -8028999.999999999068677, 4937999.999455693177879 ], [ -8029999.999999999068677, 4937999.999455693177879 ], [ -8029999.999999999068677, 4936999.999455165117979 ], [ -8028999.999999999068677, 4936999.999455165117979 ] ] ] } },
{ "type": "Feature", "properties": { "city_key": "detroit", "City": "Detroit", "grid_id": "detroit_-8030_4938", "building_count": 1651, "pv_positive_buildings": 3, "footprint_area_m2": 155478.34135454995, "pv_positive_footprint_m2": 536.91692302339982, "pv_area_m2": 95.178919185896476, "prevalence": 0.0018170805572380376, "roof_size_selection": 1.900478725179668, "conditional_intensity": 0.1772693597548394, "pv_utilization": 0.00061216834677218623, "eligible_50_buildings": true, "pv_utilization_pct": 0.061216834677218626, "zero_pv_eligible_cell": false, "color_bin": ">0 to 0.25", "imagery_date": "15 May 2025" }, "geometry": { "type": "Polygon", "coordinates": [ [ [ -8028999.999999999068677, 4937999.999455693177879 ], [ -8028999.999999999068677, 4938999.999456216581166 ], [ -8029999.999999999068677, 4938999.999456216581166 ], [ -8029999.999999999068677, 4937999.999455693177879 ], [ -8028999.999999999068677, 4937999.999455693177879 ] ] ] } },
{ "type": "Feature", "properties": { "city_key": "detroit", "City": "Detroit", "grid_id": "detroit_-8030_4939", "building_count": 1632, "pv_positive_buildings": 7, "footprint_area_m2": 137225.37473637931, "pv_positive_footprint_m2": 1322.5420875639061, "pv_area_m2": 121.92083614676508, "prevalence": 0.0042892156862745102, "roof_size_selection": 2.246969567972946, "conditional_intensity": 0.092186734390691957, "pv_utilization": 0.00088847151178114508, "eligible_50_buildings": true, "pv_utilization_pct": 0.088847151178114508, "zero_pv_eligible_cell": false, "color_bin": ">0 to 0.25", "imagery_date": "15 May 2025" }, "geometry": { "type": "Polygon", "coordinates": [ [ [ -8028999.999999999068677, 4938999.999456216581166 ], [ -8028999.999999999068677, 4939999.99945674277842 ], [ -8029999.999999999068677, 4939999.99945674277842 ], [ -8029999.999999999068677, 4938999.999456216581166 ], [ -8028999.999999999068677, 4938999.999456216581166 ] ] ] } },
{ "type": "Feature", "properties": { "city_key": "detroit", "City": "Detroit", "grid_id": "detroit_-8030_4940", "building_count": 1055, "pv_positive_buildings": 3, "footprint_area_m2": 139307.89420358869, "pv_positive_footprint_m2": 6287.0055476096331, "pv_area_m2": 29.184201075886076, "prevalence": 0.002843601895734597, "roof_size_selection": 15.870818354425788, "conditional_intensity": 0.0046419874859156326, "pv_utilization": 0.00020949423751417433, "eligible_50_buildings": true, "pv_utilization_pct": 0.020949423751417433, "zero_pv_eligible_cell": false, "color_bin": ">0 to 0.25", "imagery_date": "15 May 2025" }, "geometry": { "type": "Polygon", "coordinates": [ [ [ -8028999.999999999068677, 4939999.99945674277842 ], [ -8028999.999999999068677, 4940999.99945726711303 ], [ -8029999.999999999068677, 4940999.99945726711303 ], [ -8029999.999999999068677, 4939999.99945674277842 ], [ -8028999.999999999068677, 4939999.99945674277842 ] ] ] } },
{ "type": "Feature", "properties": { "city_key": "detroit", "City": "Detroit", "grid_id": "detroit_-8030_4941", "building_count": 1897, "pv_positive_buildings": 0, "footprint_area_m2": 141139.1011826258, "pv_positive_footprint_m2": 0.0, "pv_area_m2": 0.0, "prevalence": 0.0, "roof_size_selection": null, "conditional_intensity": null, "pv_utilization": 0.0, "eligible_50_buildings": true, "pv_utilization_pct": 0.0, "zero_pv_eligible_cell": true, "color_bin": "zero", "imagery_date": "15 May 2025" }, "geometry": { "type": "Polygon", "coordinates": [ [ [ -8028999.999999999068677, 4940999.99945726711303 ], [ -8028999.999999999068677, 4941999.999457794241607 ], [ -8029999.999999999068677, 4941999.999457794241607 ], [ -8029999.999999999068677, 4940999.99945726711303 ], [ -8028999.999999999068677, 4940999.99945726711303 ] ] ] } },
{ "type": "Feature", "properties": { "city_key": "detroit", "City": "Detroit", "grid_id": "detroit_-8030_4942", "building_count": 1828, "pv_positive_buildings": 0, "footprint_area_m2": 125900.34907550472, "pv_positive_footprint_m2": 0.0, "pv_area_m2": 0.0, "prevalence": 0.0, "roof_size_selection": null, "conditional_intensity": null, "pv_utilization": 0.0, "eligible_50_buildings": true, "pv_utilization_pct": 0.0, "zero_pv_eligible_cell": true, "color_bin": "zero", "imagery_date": "15 May 2025" }, "geometry": { "type": "Polygon", "coordinates": [ [ [ -8028999.999999999068677, 4941999.999457794241607 ], [ -8028999.999999999068677, 4942999.999458317644894 ], [ -8029999.999999999068677, 4942999.999458317644894 ], [ -8029999.999999999068677, 4941999.999457794241607 ], [ -8028999.999999999068677, 4941999.999457794241607 ] ] ] } },
{ "type": "Feature", "properties": { "city_key": "detroit", "City": "Detroit", "grid_id": "detroit_-8029_4932", "building_count": 692, "pv_positive_buildings": 1, "footprint_area_m2": 48134.944874053166, "pv_positive_footprint_m2": 102.80796011667216, "pv_area_m2": 8.1786945800102426, "prevalence": 0.0014450867052023121, "roof_size_selection": 1.4779929339669065, "conditional_intensity": 0.079553125757272178, "pv_utilization": 0.00016991178864772972, "eligible_50_buildings": true, "pv_utilization_pct": 0.016991178864772971, "zero_pv_eligible_cell": false, "color_bin": ">0 to 0.25", "imagery_date": "15 May 2025" }, "geometry": { "type": "Polygon", "coordinates": [ [ [ -8027999.999999999068677, 4931999.999452533200383 ], [ -8027999.999999999068677, 4932999.999453063122928 ], [ -8028999.999999999068677, 4932999.999453063122928 ], [ -8028999.999999999068677, 4931999.999452533200383 ], [ -8027999.999999999068677, 4931999.999452533200383 ] ] ] } },
{ "type": "Feature", "properties": { "city_key": "detroit", "City": "Detroit", "grid_id": "detroit_-8029_4933", "building_count": 2276, "pv_positive_buildings": 0, "footprint_area_m2": 177097.74153994629, "pv_positive_footprint_m2": 0.0, "pv_area_m2": 0.0, "prevalence": 0.0, "roof_size_selection": null, "conditional_intensity": null, "pv_utilization": 0.0, "eligible_50_buildings": true, "pv_utilization_pct": 0.0, "zero_pv_eligible_cell": true, "color_bin": "zero", "imagery_date": "15 May 2025" }, "geometry": { "type": "Polygon", "coordinates": [ [ [ -8027999.999999999068677, 4932999.999453063122928 ], [ -8027999.999999999068677, 4933999.999453587457538 ], [ -8028999.999999999068677, 4933999.999453587457538 ], [ -8028999.999999999068677, 4932999.999453063122928 ], [ -8027999.999999999068677, 4932999.999453063122928 ] ] ] } },
{ "type": "Feature", "properties": { "city_key": "detroit", "City": "Detroit", "grid_id": "detroit_-8029_4934", "building_count": 697, "pv_positive_buildings": 2, "footprint_area_m2": 110169.95979562057, "pv_positive_footprint_m2": 4056.7138485747373, "pv_area_m2": 142.23404872974001, "prevalence": 0.0028694404591104736, "roof_size_selection": 12.832579578416942, "conditional_intensity": 0.035061395513442908, "pv_utilization": 0.0012910420317262751, "eligible_50_buildings": true, "pv_utilization_pct": 0.1291042031726275, "zero_pv_eligible_cell": false, "color_bin": ">0 to 0.25", "imagery_date": "15 May 2025" }, "geometry": { "type": "Polygon", "coordinates": [ [ [ -8027999.999999999068677, 4933999.999453587457538 ], [ -8027999.999999999068677, 4934999.99945411644876 ], [ -8028999.999999999068677, 4934999.99945411644876 ], [ -8028999.999999999068677, 4933999.999453587457538 ], [ -8027999.999999999068677, 4933999.999453587457538 ] ] ] } },
{ "type": "Feature", "properties": { "city_key": "detroit", "City": "Detroit", "grid_id": "detroit_-8029_4935", "building_count": 1192, "pv_positive_buildings": 2, "footprint_area_m2": 100958.47155803573, "pv_positive_footprint_m2": 174.61354341527795, "pv_area_m2": 13.569128534096253, "prevalence": 0.0016778523489932886, "roof_size_selection": 1.0308166344978931, "conditional_intensity": 0.077709485007272414, "pv_utilization": 0.00013440307014053865, "eligible_50_buildings": true, "pv_utilization_pct": 0.013440307014053864, "zero_pv_eligible_cell": false, "color_bin": ">0 to 0.25", "imagery_date": "15 May 2025" }, "geometry": { "type": "Polygon", "coordinates": [ [ [ -8027999.999999999068677, 4934999.99945411644876 ], [ -8027999.999999999068677, 4935999.999454646371305 ], [ -8028999.999999999068677, 4935999.999454646371305 ], [ -8028999.999999999068677, 4934999.99945411644876 ], [ -8027999.999999999068677, 4934999.99945411644876 ] ] ] } },
{ "type": "Feature", "properties": { "city_key": "detroit", "City": "Detroit", "grid_id": "detroit_-8029_4936", "building_count": 902, "pv_positive_buildings": 0, "footprint_area_m2": 80997.376917081419, "pv_positive_footprint_m2": 0.0, "pv_area_m2": 0.0, "prevalence": 0.0, "roof_size_selection": null, "conditional_intensity": null, "pv_utilization": 0.0, "eligible_50_buildings": true, "pv_utilization_pct": 0.0, "zero_pv_eligible_cell": true, "color_bin": "zero", "imagery_date": "15 May 2025" }, "geometry": { "type": "Polygon", "coordinates": [ [ [ -8027999.999999999068677, 4935999.999454646371305 ], [ -8027999.999999999068677, 4936999.999455165117979 ], [ -8028999.999999999068677, 4936999.999455165117979 ], [ -8028999.999999999068677, 4935999.999454646371305 ], [ -8027999.999999999068677, 4935999.999454646371305 ] ] ] } },
{ "type": "Feature", "properties": { "city_key": "detroit", "City": "Detroit", "grid_id": "detroit_-8029_4937", "building_count": 2080, "pv_positive_buildings": 4, "footprint_area_m2": 163978.90884656608, "pv_positive_footprint_m2": 309.76320986971285, "pv_area_m2": 51.330556966815521, "prevalence": 0.0019230769230769232, "roof_size_selection": 0.98230235989049774, "conditional_intensity": 0.16570901685970157, "pv_utilization": 0.00031303145830080602, "eligible_50_buildings": true, "pv_utilization_pct": 0.031303145830080599, "zero_pv_eligible_cell": false, "color_bin": ">0 to 0.25", "imagery_date": "15 May 2025" }, "geometry": { "type": "Polygon", "coordinates": [ [ [ -8027999.999999999068677, 4936999.999455165117979 ], [ -8027999.999999999068677, 4937999.999455693177879 ], [ -8028999.999999999068677, 4937999.999455693177879 ], [ -8028999.999999999068677, 4936999.999455165117979 ], [ -8027999.999999999068677, 4936999.999455165117979 ] ] ] } },
{ "type": "Feature", "properties": { "city_key": "detroit", "City": "Detroit", "grid_id": "detroit_-8029_4938", "building_count": 1752, "pv_positive_buildings": 2, "footprint_area_m2": 173237.6685069814, "pv_positive_footprint_m2": 166.78564264071139, "pv_area_m2": 15.791592502742548, "prevalence": 0.0011415525114155251, "roof_size_selection": 0.84337444744227352, "conditional_intensity": 0.094681965741863647, "pv_utilization": 9.1155651301703789e-05, "eligible_50_buildings": true, "pv_utilization_pct": 0.0091155651301703788, "zero_pv_eligible_cell": false, "color_bin": ">0 to 0.25", "imagery_date": "15 May 2025" }, "geometry": { "type": "Polygon", "coordinates": [ [ [ -8027999.999999999068677, 4937999.999455693177879 ], [ -8027999.999999999068677, 4938999.999456216581166 ], [ -8028999.999999999068677, 4938999.999456216581166 ], [ -8028999.999999999068677, 4937999.999455693177879 ], [ -8027999.999999999068677, 4937999.999455693177879 ] ] ] } },
{ "type": "Feature", "properties": { "city_key": "detroit", "City": "Detroit", "grid_id": "detroit_-8029_4939", "building_count": 2592, "pv_positive_buildings": 2, "footprint_area_m2": 182325.0854729655, "pv_positive_footprint_m2": 179.98199008992299, "pv_area_m2": 13.550720529490574, "prevalence": 0.0007716049382716049, "roof_size_selection": 1.2793448501694336, "conditional_intensity": 0.075289313795898885, "pv_utilization": 7.4321756078374776e-05, "eligible_50_buildings": true, "pv_utilization_pct": 0.0074321756078374775, "zero_pv_eligible_cell": false, "color_bin": ">0 to 0.25", "imagery_date": "15 May 2025" }, "geometry": { "type": "Polygon", "coordinates": [ [ [ -8027999.999999999068677, 4938999.999456216581166 ], [ -8027999.999999999068677, 4939999.99945674277842 ], [ -8028999.999999999068677, 4939999.99945674277842 ], [ -8028999.999999999068677, 4938999.999456216581166 ], [ -8027999.999999999068677, 4938999.999456216581166 ] ] ] } },
{ "type": "Feature", "properties": { "city_key": "detroit", "City": "Detroit", "grid_id": "detroit_-8029_4940", "building_count": 1886, "pv_positive_buildings": 4, "footprint_area_m2": 151618.57620704596, "pv_positive_footprint_m2": 442.73499307568301, "pv_area_m2": 44.042752111771868, "prevalence": 0.0021208907741251328, "roof_size_selection": 1.3768072122648229, "conditional_intensity": 0.099478814190418, "pv_utilization": 0.00029048387878031747, "eligible_50_buildings": true, "pv_utilization_pct": 0.029048387878031746, "zero_pv_eligible_cell": false, "color_bin": ">0 to 0.25", "imagery_date": "15 May 2025" }, "geometry": { "type": "Polygon", "coordinates": [ [ [ -8027999.999999999068677, 4939999.99945674277842 ], [ -8027999.999999999068677, 4940999.99945726711303 ], [ -8028999.999999999068677, 4940999.99945726711303 ], [ -8028999.999999999068677, 4939999.99945674277842 ], [ -8027999.999999999068677, 4939999.99945674277842 ] ] ] } },
{ "type": "Feature", "properties": { "city_key": "detroit", "City": "Detroit", "grid_id": "detroit_-8029_4941", "building_count": 2419, "pv_positive_buildings": 2, "footprint_area_m2": 184331.58836807907, "pv_positive_footprint_m2": 190.07792635664595, "pv_area_m2": 4.9999506508106686, "prevalence": 0.00082678792889623808, "roof_size_selection": 1.2472048549231469, "conditional_intensity": 0.026304741148265628, "pv_utilization": 2.7124763015802864e-05, "eligible_50_buildings": true, "pv_utilization_pct": 0.0027124763015802865, "zero_pv_eligible_cell": false, "color_bin": ">0 to 0.25", "imagery_date": "15 May 2025" }, "geometry": { "type": "Polygon", "coordinates": [ [ [ -8027999.999999999068677, 4940999.99945726711303 ], [ -8027999.999999999068677, 4941999.999457794241607 ], [ -8028999.999999999068677, 4941999.999457794241607 ], [ -8028999.999999999068677, 4940999.99945726711303 ], [ -8027999.999999999068677, 4940999.99945726711303 ] ] ] } },
{ "type": "Feature", "properties": { "city_key": "detroit", "City": "Detroit", "grid_id": "detroit_-8029_4942", "building_count": 1990, "pv_positive_buildings": 0, "footprint_area_m2": 165595.72955516091, "pv_positive_footprint_m2": 0.0, "pv_area_m2": 0.0, "prevalence": 0.0, "roof_size_selection": null, "conditional_intensity": null, "pv_utilization": 0.0, "eligible_50_buildings": true, "pv_utilization_pct": 0.0, "zero_pv_eligible_cell": true, "color_bin": "zero", "imagery_date": "15 May 2025" }, "geometry": { "type": "Polygon", "coordinates": [ [ [ -8027999.999999999068677, 4941999.999457794241607 ], [ -8027999.999999999068677, 4942999.999458317644894 ], [ -8028999.999999999068677, 4942999.999458317644894 ], [ -8028999.999999999068677, 4941999.999457794241607 ], [ -8027999.999999999068677, 4941999.999457794241607 ] ] ] } },
{ "type": "Feature", "properties": { "city_key": "detroit", "City": "Detroit", "grid_id": "detroit_-8028_4932", "building_count": 325, "pv_positive_buildings": 1, "footprint_area_m2": 24702.292077552454, "pv_positive_footprint_m2": 150.73188442606914, "pv_area_m2": 2.0932164716400057, "prevalence": 0.0030769230769230769, "roof_size_selection": 1.9831302408973164, "conditional_intensity": 0.013887018527036891, "pv_utilization": 8.4737742759594361e-05, "eligible_50_buildings": true, "pv_utilization_pct": 0.0084737742759594357, "zero_pv_eligible_cell": false, "color_bin": ">0 to 0.25", "imagery_date": "15 May 2025" }, "geometry": { "type": "Polygon", "coordinates": [ [ [ -8027000.0, 4931999.999452533200383 ], [ -8027000.0, 4932999.999453063122928 ], [ -8027999.999999999068677, 4932999.999453063122928 ], [ -8027999.999999999068677, 4931999.999452533200383 ], [ -8027000.0, 4931999.999452533200383 ] ] ] } },
{ "type": "Feature", "properties": { "city_key": "detroit", "City": "Detroit", "grid_id": "detroit_-8028_4933", "building_count": 1328, "pv_positive_buildings": 0, "footprint_area_m2": 116642.97335701322, "pv_positive_footprint_m2": 0.0, "pv_area_m2": 0.0, "prevalence": 0.0, "roof_size_selection": null, "conditional_intensity": null, "pv_utilization": 0.0, "eligible_50_buildings": true, "pv_utilization_pct": 0.0, "zero_pv_eligible_cell": true, "color_bin": "zero", "imagery_date": "15 May 2025" }, "geometry": { "type": "Polygon", "coordinates": [ [ [ -8027000.0, 4932999.999453063122928 ], [ -8027000.0, 4933999.999453587457538 ], [ -8027999.999999999068677, 4933999.999453587457538 ], [ -8027999.999999999068677, 4932999.999453063122928 ], [ -8027000.0, 4932999.999453063122928 ] ] ] } },
{ "type": "Feature", "properties": { "city_key": "detroit", "City": "Detroit", "grid_id": "detroit_-8028_4934", "building_count": 901, "pv_positive_buildings": 1, "footprint_area_m2": 131009.3089751223, "pv_positive_footprint_m2": 106.41892562852615, "pv_area_m2": 49.231036749739147, "prevalence": 0.0011098779134295228, "roof_size_selection": 0.7318827397945411, "conditional_intensity": 0.46261542727454963, "pv_utilization": 0.0003757827373861483, "eligible_50_buildings": true, "pv_utilization_pct": 0.037578273738614831, "zero_pv_eligible_cell": false, "color_bin": ">0 to 0.25", "imagery_date": "15 May 2025" }, "geometry": { "type": "Polygon", "coordinates": [ [ [ -8027000.0, 4933999.999453587457538 ], [ -8027000.0, 4934999.99945411644876 ], [ -8027999.999999999068677, 4934999.99945411644876 ], [ -8027999.999999999068677, 4933999.999453587457538 ], [ -8027000.0, 4933999.999453587457538 ] ] ] } },
{ "type": "Feature", "properties": { "city_key": "detroit", "City": "Detroit", "grid_id": "detroit_-8028_4935", "building_count": 1471, "pv_positive_buildings": 2, "footprint_area_m2": 132237.48751621571, "pv_positive_footprint_m2": 1607.7279159938757, "pv_area_m2": 176.37164158506707, "prevalence": 0.0013596193065941536, "roof_size_selection": 8.9421230274697461, "conditional_intensity": 0.10970241906637324, "pv_utilization": 0.0013337491879028584, "eligible_50_buildings": true, "pv_utilization_pct": 0.13337491879028585, "zero_pv_eligible_cell": false, "color_bin": ">0 to 0.25", "imagery_date": "15 May 2025" }, "geometry": { "type": "Polygon", "coordinates": [ [ [ -8027000.0, 4934999.99945411644876 ], [ -8027000.0, 4935999.999454646371305 ], [ -8027999.999999999068677, 4935999.999454646371305 ], [ -8027999.999999999068677, 4934999.99945411644876 ], [ -8027000.0, 4934999.99945411644876 ] ] ] } },
{ "type": "Feature", "properties": { "city_key": "detroit", "City": "Detroit", "grid_id": "detroit_-8028_4936", "building_count": 974, "pv_positive_buildings": 6, "footprint_area_m2": 131406.97407361315, "pv_positive_footprint_m2": 5302.2235862888519, "pv_area_m2": 92.035952469010311, "prevalence": 0.0061601642710472282, "roof_size_selection": 6.5500909286497793, "conditional_intensity": 0.0173579915994128, "pv_utilization": 0.00070038864465026408, "eligible_50_buildings": true, "pv_utilization_pct": 0.070038864465026412, "zero_pv_eligible_cell": false, "color_bin": ">0 to 0.25", "imagery_date": "15 May 2025" }, "geometry": { "type": "Polygon", "coordinates": [ [ [ -8027000.0, 4935999.999454646371305 ], [ -8027000.0, 4936999.999455165117979 ], [ -8027999.999999999068677, 4936999.999455165117979 ], [ -8027999.999999999068677, 4935999.999454646371305 ], [ -8027000.0, 4935999.999454646371305 ] ] ] } },
{ "type": "Feature", "properties": { "city_key": "detroit", "City": "Detroit", "grid_id": "detroit_-8028_4937", "building_count": 1349, "pv_positive_buildings": 2, "footprint_area_m2": 171100.45466175812, "pv_positive_footprint_m2": 3284.8659881366702, "pv_area_m2": 187.80262362334543, "prevalence": 0.0014825796886582653, "roof_size_selection": 12.949364239728068, "conditional_intensity": 0.057172080779428043, "pv_utilization": 0.0010976161576812006, "eligible_50_buildings": true, "pv_utilization_pct": 0.10976161576812006, "zero_pv_eligible_cell": false, "color_bin": ">0 to 0.25", "imagery_date": "15 May 2025" }, "geometry": { "type": "Polygon", "coordinates": [ [ [ -8027000.0, 4936999.999455165117979 ], [ -8027000.0, 4937999.999455693177879 ], [ -8027999.999999999068677, 4937999.999455693177879 ], [ -8027999.999999999068677, 4936999.999455165117979 ], [ -8027000.0, 4936999.999455165117979 ] ] ] } },
{ "type": "Feature", "properties": { "city_key": "detroit", "City": "Detroit", "grid_id": "detroit_-8028_4938", "building_count": 1358, "pv_positive_buildings": 3, "footprint_area_m2": 171690.15035989622, "pv_positive_footprint_m2": 2714.0113508667264, "pv_area_m2": 261.18879703283903, "prevalence": 0.0022091310751104565, "roof_size_selection": 7.155579215913507, "conditional_intensity": 0.096237179313722374, "pv_utilization": 0.001521280029665861, "eligible_50_buildings": true, "pv_utilization_pct": 0.1521280029665861, "zero_pv_eligible_cell": false, "color_bin": ">0 to 0.25", "imagery_date": "15 May 2025" }, "geometry": { "type": "Polygon", "coordinates": [ [ [ -8027000.0, 4937999.999455693177879 ], [ -8027000.0, 4938999.999456216581166 ], [ -8027999.999999999068677, 4938999.999456216581166 ], [ -8027999.999999999068677, 4937999.999455693177879 ], [ -8027000.0, 4937999.999455693177879 ] ] ] } },
{ "type": "Feature", "properties": { "city_key": "detroit", "City": "Detroit", "grid_id": "detroit_-8028_4939", "building_count": 1620, "pv_positive_buildings": 2, "footprint_area_m2": 142390.02215758976, "pv_positive_footprint_m2": 182.0987017197013, "pv_area_m2": 21.226023280892676, "prevalence": 0.0012345679012345679, "roof_size_selection": 1.0358868280090083, "conditional_intensity": 0.11656328727464084, "pv_utilization": 0.00014906959742867963, "eligible_50_buildings": true, "pv_utilization_pct": 0.014906959742867962, "zero_pv_eligible_cell": false, "color_bin": ">0 to 0.25", "imagery_date": "15 May 2025" }, "geometry": { "type": "Polygon", "coordinates": [ [ [ -8027000.0, 4938999.999456216581166 ], [ -8027000.0, 4939999.99945674277842 ], [ -8027999.999999999068677, 4939999.99945674277842 ], [ -8027999.999999999068677, 4938999.999456216581166 ], [ -8027000.0, 4938999.999456216581166 ] ] ] } },
{ "type": "Feature", "properties": { "city_key": "detroit", "City": "Detroit", "grid_id": "detroit_-8028_4940", "building_count": 1379, "pv_positive_buildings": 1, "footprint_area_m2": 167218.15491720394, "pv_positive_footprint_m2": 114.6206485083287, "pv_area_m2": 1.9423714715753111, "prevalence": 0.00072516316171138508, "roof_size_selection": 0.94524350164757953, "conditional_intensity": 0.016946086912378377, "pv_utilization": 1.1615792989326147e-05, "eligible_50_buildings": true, "pv_utilization_pct": 0.0011615792989326148, "zero_pv_eligible_cell": false, "color_bin": ">0 to 0.25", "imagery_date": "15 May 2025" }, "geometry": { "type": "Polygon", "coordinates": [ [ [ -8027000.0, 4939999.99945674277842 ], [ -8027000.0, 4940999.99945726711303 ], [ -8027999.999999999068677, 4940999.99945726711303 ], [ -8027999.999999999068677, 4939999.99945674277842 ], [ -8027000.0, 4939999.99945674277842 ] ] ] } },
{ "type": "Feature", "properties": { "city_key": "detroit", "City": "Detroit", "grid_id": "detroit_-8028_4941", "building_count": 1623, "pv_positive_buildings": 1, "footprint_area_m2": 153919.09804901894, "pv_positive_footprint_m2": 27.753340572935212, "pv_area_m2": 6.3105068147807239, "prevalence": 0.00061614294516327791, "roof_size_selection": 0.29264511240527602, "conditional_intensity": 0.22737827895697243, "pv_utilization": 4.099885520879939e-05, "eligible_50_buildings": true, "pv_utilization_pct": 0.0040998855208799392, "zero_pv_eligible_cell": false, "color_bin": ">0 to 0.25", "imagery_date": "15 May 2025" }, "geometry": { "type": "Polygon", "coordinates": [ [ [ -8027000.0, 4940999.99945726711303 ], [ -8027000.0, 4941999.999457794241607 ], [ -8027999.999999999068677, 4941999.999457794241607 ], [ -8027999.999999999068677, 4940999.99945726711303 ], [ -8027000.0, 4940999.99945726711303 ] ] ] } },
{ "type": "Feature", "properties": { "city_key": "detroit", "City": "Detroit", "grid_id": "detroit_-8028_4942", "building_count": 1144, "pv_positive_buildings": 0, "footprint_area_m2": 146521.06534269775, "pv_positive_footprint_m2": 0.0, "pv_area_m2": 0.0, "prevalence": 0.0, "roof_size_selection": null, "conditional_intensity": null, "pv_utilization": 0.0, "eligible_50_buildings": true, "pv_utilization_pct": 0.0, "zero_pv_eligible_cell": true, "color_bin": "zero", "imagery_date": "15 May 2025" }, "geometry": { "type": "Polygon", "coordinates": [ [ [ -8027000.0, 4941999.999457794241607 ], [ -8027000.0, 4942999.999458317644894 ], [ -8027999.999999999068677, 4942999.999458317644894 ], [ -8027999.999999999068677, 4941999.999457794241607 ], [ -8027000.0, 4941999.999457794241607 ] ] ] } },
{ "type": "Feature", "properties": { "city_key": "detroit", "City": "Detroit", "grid_id": "detroit_-8027_4934", "building_count": 1144, "pv_positive_buildings": 2, "footprint_area_m2": 136427.86583533537, "pv_positive_footprint_m2": 931.73659092082335, "pv_area_m2": 81.24525363825947, "prevalence": 0.0017482517482517483, "roof_size_selection": 3.9064844029002903, "conditional_intensity": 0.087197663406098316, "pv_utilization": 0.00059551802808614058, "eligible_50_buildings": true, "pv_utilization_pct": 0.059551802808614059, "zero_pv_eligible_cell": false, "color_bin": ">0 to 0.25", "imagery_date": "15 May 2025" }, "geometry": { "type": "Polygon", "coordinates": [ [ [ -8026000.0, 4933999.999453587457538 ], [ -8026000.0, 4934999.99945411644876 ], [ -8027000.0, 4934999.99945411644876 ], [ -8027000.0, 4933999.999453587457538 ], [ -8026000.0, 4933999.999453587457538 ] ] ] } },
{ "type": "Feature", "properties": { "city_key": "detroit", "City": "Detroit", "grid_id": "detroit_-8027_4935", "building_count": 1158, "pv_positive_buildings": 1, "footprint_area_m2": 188389.23495936507, "pv_positive_footprint_m2": 95.347527458171584, "pv_area_m2": 4.766659674386875, "prevalence": 0.00086355785837651119, "roof_size_selection": 0.58608676244360924, "conditional_intensity": 0.049992483302495512, "pv_utilization": 2.5302187120272703e-05, "eligible_50_buildings": true, "pv_utilization_pct": 0.0025302187120272704, "zero_pv_eligible_cell": false, "color_bin": ">0 to 0.25", "imagery_date": "15 May 2025" }, "geometry": { "type": "Polygon", "coordinates": [ [ [ -8026000.0, 4934999.99945411644876 ], [ -8026000.0, 4935999.999454646371305 ], [ -8027000.0, 4935999.999454646371305 ], [ -8027000.0, 4934999.99945411644876 ], [ -8026000.0, 4934999.99945411644876 ] ] ] } },
{ "type": "Feature", "properties": { "city_key": "detroit", "City": "Detroit", "grid_id": "detroit_-8027_4936", "building_count": 858, "pv_positive_buildings": 2, "footprint_area_m2": 130553.00366986338, "pv_positive_footprint_m2": 173.91025931253523, "pv_area_m2": 19.206431533717719, "prevalence": 0.002331002331002331, "roof_size_selection": 0.57147288187824263, "conditional_intensity": 0.11043874932761569, "pv_utilization": 0.00014711596818014303, "eligible_50_buildings": true, "pv_utilization_pct": 0.014711596818014304, "zero_pv_eligible_cell": false, "color_bin": ">0 to 0.25", "imagery_date": "15 May 2025" }, "geometry": { "type": "Polygon", "coordinates": [ [ [ -8026000.0, 4935999.999454646371305 ], [ -8026000.0, 4936999.999455165117979 ], [ -8027000.0, 4936999.999455165117979 ], [ -8027000.0, 4935999.999454646371305 ], [ -8026000.0, 4935999.999454646371305 ] ] ] } },
{ "type": "Feature", "properties": { "city_key": "detroit", "City": "Detroit", "grid_id": "detroit_-8027_4937", "building_count": 1031, "pv_positive_buildings": 5, "footprint_area_m2": 110418.99998838526, "pv_positive_footprint_m2": 504.06984120453785, "pv_area_m2": 60.852617364099956, "prevalence": 0.004849660523763337, "roof_size_selection": 0.94131627045444033, "conditional_intensity": 0.12072259117642314, "pv_utilization": 0.00055110639808819966, "eligible_50_buildings": true, "pv_utilization_pct": 0.055110639808819965, "zero_pv_eligible_cell": false, "color_bin": ">0 to 0.25", "imagery_date": "15 May 2025" }, "geometry": { "type": "Polygon", "coordinates": [ [ [ -8026000.0, 4936999.999455165117979 ], [ -8026000.0, 4937999.999455693177879 ], [ -8027000.0, 4937999.999455693177879 ], [ -8027000.0, 4936999.999455165117979 ], [ -8026000.0, 4936999.999455165117979 ] ] ] } },
{ "type": "Feature", "properties": { "city_key": "detroit", "City": "Detroit", "grid_id": "detroit_-8027_4938", "building_count": 1238, "pv_positive_buildings": 3, "footprint_area_m2": 149859.66026588093, "pv_positive_footprint_m2": 1135.498255186787, "pv_area_m2": 36.826646977091642, "prevalence": 0.0024232633279483036, "roof_size_selection": 3.1268073018608815, "conditional_intensity": 0.032432147569468293, "pv_utilization": 0.00024574089459267309, "eligible_50_buildings": true, "pv_utilization_pct": 0.024574089459267309, "zero_pv_eligible_cell": false, "color_bin": ">0 to 0.25", "imagery_date": "15 May 2025" }, "geometry": { "type": "Polygon", "coordinates": [ [ [ -8026000.0, 4937999.999455693177879 ], [ -8026000.0, 4938999.999456216581166 ], [ -8027000.0, 4938999.999456216581166 ], [ -8027000.0, 4937999.999455693177879 ], [ -8026000.0, 4937999.999455693177879 ] ] ] } },
{ "type": "Feature", "properties": { "city_key": "detroit", "City": "Detroit", "grid_id": "detroit_-8027_4939", "building_count": 1395, "pv_positive_buildings": 1, "footprint_area_m2": 145650.64676875531, "pv_positive_footprint_m2": 4071.9815328140485, "pv_area_m2": 13.45541481841029, "prevalence": 0.00071684587813620072, "roof_size_selection": 39.000267862141406, "conditional_intensity": 0.003304389941354075, "pv_utilization": 9.2381428554677174e-05, "eligible_50_buildings": true, "pv_utilization_pct": 0.009238142855467717, "zero_pv_eligible_cell": false, "color_bin": ">0 to 0.25", "imagery_date": "15 May 2025" }, "geometry": { "type": "Polygon", "coordinates": [ [ [ -8026000.0, 4938999.999456216581166 ], [ -8026000.0, 4939999.99945674277842 ], [ -8027000.0, 4939999.99945674277842 ], [ -8027000.0, 4938999.999456216581166 ], [ -8026000.0, 4938999.999456216581166 ] ] ] } },
{ "type": "Feature", "properties": { "city_key": "detroit", "City": "Detroit", "grid_id": "detroit_-8027_4940", "building_count": 1442, "pv_positive_buildings": 2, "footprint_area_m2": 159380.87499538629, "pv_positive_footprint_m2": 5128.9185498596453, "pv_area_m2": 45.353293663330945, "prevalence": 0.0013869625520110957, "roof_size_selection": 23.201969963810598, "conditional_intensity": 0.0088426620977578307, "pv_utilization": 0.00028455919610583023, "eligible_50_buildings": true, "pv_utilization_pct": 0.028455919610583025, "zero_pv_eligible_cell": false, "color_bin": ">0 to 0.25", "imagery_date": "15 May 2025" }, "geometry": { "type": "Polygon", "coordinates": [ [ [ -8026000.0, 4939999.99945674277842 ], [ -8026000.0, 4940999.99945726711303 ], [ -8027000.0, 4940999.99945726711303 ], [ -8027000.0, 4939999.99945674277842 ], [ -8026000.0, 4939999.99945674277842 ] ] ] } },
{ "type": "Feature", "properties": { "city_key": "detroit", "City": "Detroit", "grid_id": "detroit_-8027_4941", "building_count": 1761, "pv_positive_buildings": 0, "footprint_area_m2": 154360.05247861438, "pv_positive_footprint_m2": 0.0, "pv_area_m2": 0.0, "prevalence": 0.0, "roof_size_selection": null, "conditional_intensity": null, "pv_utilization": 0.0, "eligible_50_buildings": true, "pv_utilization_pct": 0.0, "zero_pv_eligible_cell": true, "color_bin": "zero", "imagery_date": "15 May 2025" }, "geometry": { "type": "Polygon", "coordinates": [ [ [ -8026000.0, 4940999.99945726711303 ], [ -8026000.0, 4941999.999457794241607 ], [ -8027000.0, 4941999.999457794241607 ], [ -8027000.0, 4940999.99945726711303 ], [ -8026000.0, 4940999.99945726711303 ] ] ] } },
{ "type": "Feature", "properties": { "city_key": "detroit", "City": "Detroit", "grid_id": "detroit_-8027_4942", "building_count": 1447, "pv_positive_buildings": 1, "footprint_area_m2": 158276.84213292258, "pv_positive_footprint_m2": 154.18732220687764, "pv_area_m2": 10.094598345968286, "prevalence": 0.00069108500345542499, "roof_size_selection": 1.4096127533678147, "conditional_intensity": 0.06546970400344633, "pv_utilization": 6.3778113146146395e-05, "eligible_50_buildings": true, "pv_utilization_pct": 0.0063778113146146396, "zero_pv_eligible_cell": false, "color_bin": ">0 to 0.25", "imagery_date": "15 May 2025" }, "geometry": { "type": "Polygon", "coordinates": [ [ [ -8026000.0, 4941999.999457794241607 ], [ -8026000.0, 4942999.999458317644894 ], [ -8027000.0, 4942999.999458317644894 ], [ -8027000.0, 4941999.999457794241607 ], [ -8026000.0, 4941999.999457794241607 ] ] ] } },
{ "type": "Feature", "properties": { "city_key": "detroit", "City": "Detroit", "grid_id": "detroit_-8026_4934", "building_count": 949, "pv_positive_buildings": 1, "footprint_area_m2": 181775.8723545454, "pv_positive_footprint_m2": 40800.582703223321, "pv_area_m2": 161.27894700404997, "prevalence": 0.001053740779768177, "roof_size_selection": 213.00820886634423, "conditional_intensity": 0.0039528589132455851, "pv_utilization": 0.00088724067124531722, "eligible_50_buildings": true, "pv_utilization_pct": 0.088724067124531722, "zero_pv_eligible_cell": false, "color_bin": ">0 to 0.25", "imagery_date": "15 May 2025" }, "geometry": { "type": "Polygon", "coordinates": [ [ [ -8024999.999999999068677, 4933999.999453587457538 ], [ -8024999.999999999068677, 4934999.99945411644876 ], [ -8026000.0, 4934999.99945411644876 ], [ -8026000.0, 4933999.999453587457538 ], [ -8024999.999999999068677, 4933999.999453587457538 ] ] ] } },
{ "type": "Feature", "properties": { "city_key": "detroit", "City": "Detroit", "grid_id": "detroit_-8026_4935", "building_count": 1205, "pv_positive_buildings": 1, "footprint_area_m2": 175973.76642793146, "pv_positive_footprint_m2": 109.03362026615216, "pv_area_m2": 17.896306306536655, "prevalence": 0.00082987551867219915, "roof_size_selection": 0.74661988026789861, "conditional_intensity": 0.16413566992319978, "pv_utilization": 0.00010169871719979314, "eligible_50_buildings": true, "pv_utilization_pct": 0.010169871719979314, "zero_pv_eligible_cell": false, "color_bin": ">0 to 0.25", "imagery_date": "15 May 2025" }, "geometry": { "type": "Polygon", "coordinates": [ [ [ -8024999.999999999068677, 4934999.99945411644876 ], [ -8024999.999999999068677, 4935999.999454646371305 ], [ -8026000.0, 4935999.999454646371305 ], [ -8026000.0, 4934999.99945411644876 ], [ -8024999.999999999068677, 4934999.99945411644876 ] ] ] } },
{ "type": "Feature", "properties": { "city_key": "detroit", "City": "Detroit", "grid_id": "detroit_-8026_4936", "building_count": 992, "pv_positive_buildings": 4, "footprint_area_m2": 169716.26006711592, "pv_positive_footprint_m2": 32956.374323760341, "pv_area_m2": 385.9384540612142, "prevalence": 0.0040322580645161289, "roof_size_selection": 48.157912677668023, "conditional_intensity": 0.011710585948253619, "pv_utilization": 0.002274021675404532, "eligible_50_buildings": true, "pv_utilization_pct": 0.2274021675404532, "zero_pv_eligible_cell": false, "color_bin": ">0 to 0.25", "imagery_date": "15 May 2025" }, "geometry": { "type": "Polygon", "coordinates": [ [ [ -8024999.999999999068677, 4935999.999454646371305 ], [ -8024999.999999999068677, 4936999.999455165117979 ], [ -8026000.0, 4936999.999455165117979 ], [ -8026000.0, 4935999.999454646371305 ], [ -8024999.999999999068677, 4935999.999454646371305 ] ] ] } },
{ "type": "Feature", "properties": { "city_key": "detroit", "City": "Detroit", "grid_id": "detroit_-8026_4937", "building_count": 389, "pv_positive_buildings": 2, "footprint_area_m2": 124336.72417897191, "pv_positive_footprint_m2": 1938.8596897688058, "pv_area_m2": 58.08606895092462, "prevalence": 0.0051413881748071976, "roof_size_selection": 3.0329591852300872, "conditional_intensity": 0.029958882149873849, "pv_utilization": 0.00046716743853822922, "eligible_50_buildings": true, "pv_utilization_pct": 0.04671674385382292, "zero_pv_eligible_cell": false, "color_bin": ">0 to 0.25", "imagery_date": "15 May 2025" }, "geometry": { "type": "Polygon", "coordinates": [ [ [ -8024999.999999999068677, 4936999.999455165117979 ], [ -8024999.999999999068677, 4937999.999455693177879 ], [ -8026000.0, 4937999.999455693177879 ], [ -8026000.0, 4936999.999455165117979 ], [ -8024999.999999999068677, 4936999.999455165117979 ] ] ] } },
{ "type": "Feature", "properties": { "city_key": "detroit", "City": "Detroit", "grid_id": "detroit_-8026_4938", "building_count": 828, "pv_positive_buildings": 5, "footprint_area_m2": 160057.97223557782, "pv_positive_footprint_m2": 5117.3310113875823, "pv_area_m2": 563.70622318101346, "prevalence": 0.006038647342995169, "roof_size_selection": 5.2945192523026119, "conditional_intensity": 0.11015629474165334, "pv_utilization": 0.0035218878216908482, "eligible_50_buildings": true, "pv_utilization_pct": 0.35218878216908484, "zero_pv_eligible_cell": false, "color_bin": ">0.25 to 1", "imagery_date": "15 May 2025" }, "geometry": { "type": "Polygon", "coordinates": [ [ [ -8024999.999999999068677, 4937999.999455693177879 ], [ -8024999.999999999068677, 4938999.999456216581166 ], [ -8026000.0, 4938999.999456216581166 ], [ -8026000.0, 4937999.999455693177879 ], [ -8024999.999999999068677, 4937999.999455693177879 ] ] ] } },
{ "type": "Feature", "properties": { "city_key": "detroit", "City": "Detroit", "grid_id": "detroit_-8026_4939", "building_count": 1612, "pv_positive_buildings": 2, "footprint_area_m2": 172805.19415504439, "pv_positive_footprint_m2": 218.16327043706963, "pv_area_m2": 12.532891340869664, "prevalence": 0.0012406947890818859, "roof_size_selection": 1.0175596678796079, "conditional_intensity": 0.057447302269356307, "pv_utilization": 7.2526126324796086e-05, "eligible_50_buildings": true, "pv_utilization_pct": 0.0072526126324796089, "zero_pv_eligible_cell": false, "color_bin": ">0 to 0.25", "imagery_date": "15 May 2025" }, "geometry": { "type": "Polygon", "coordinates": [ [ [ -8024999.999999999068677, 4938999.999456216581166 ], [ -8024999.999999999068677, 4939999.99945674277842 ], [ -8026000.0, 4939999.99945674277842 ], [ -8026000.0, 4938999.999456216581166 ], [ -8024999.999999999068677, 4938999.999456216581166 ] ] ] } },
{ "type": "Feature", "properties": { "city_key": "detroit", "City": "Detroit", "grid_id": "detroit_-8026_4940", "building_count": 1344, "pv_positive_buildings": 0, "footprint_area_m2": 181027.31291724506, "pv_positive_footprint_m2": 0.0, "pv_area_m2": 0.0, "prevalence": 0.0, "roof_size_selection": null, "conditional_intensity": null, "pv_utilization": 0.0, "eligible_50_buildings": true, "pv_utilization_pct": 0.0, "zero_pv_eligible_cell": true, "color_bin": "zero", "imagery_date": "15 May 2025" }, "geometry": { "type": "Polygon", "coordinates": [ [ [ -8024999.999999999068677, 4939999.99945674277842 ], [ -8024999.999999999068677, 4940999.99945726711303 ], [ -8026000.0, 4940999.99945726711303 ], [ -8026000.0, 4939999.99945674277842 ], [ -8024999.999999999068677, 4939999.99945674277842 ] ] ] } },
{ "type": "Feature", "properties": { "city_key": "detroit", "City": "Detroit", "grid_id": "detroit_-8026_4941", "building_count": 1594, "pv_positive_buildings": 0, "footprint_area_m2": 163069.71921551196, "pv_positive_footprint_m2": 0.0, "pv_area_m2": 0.0, "prevalence": 0.0, "roof_size_selection": null, "conditional_intensity": null, "pv_utilization": 0.0, "eligible_50_buildings": true, "pv_utilization_pct": 0.0, "zero_pv_eligible_cell": true, "color_bin": "zero", "imagery_date": "15 May 2025" }, "geometry": { "type": "Polygon", "coordinates": [ [ [ -8024999.999999999068677, 4940999.99945726711303 ], [ -8024999.999999999068677, 4941999.999457794241607 ], [ -8026000.0, 4941999.999457794241607 ], [ -8026000.0, 4940999.99945726711303 ], [ -8024999.999999999068677, 4940999.99945726711303 ] ] ] } },
{ "type": "Feature", "properties": { "city_key": "detroit", "City": "Detroit", "grid_id": "detroit_-8026_4942", "building_count": 1359, "pv_positive_buildings": 0, "footprint_area_m2": 146306.23153322624, "pv_positive_footprint_m2": 0.0, "pv_area_m2": 0.0, "prevalence": 0.0, "roof_size_selection": null, "conditional_intensity": null, "pv_utilization": 0.0, "eligible_50_buildings": true, "pv_utilization_pct": 0.0, "zero_pv_eligible_cell": true, "color_bin": "zero", "imagery_date": "15 May 2025" }, "geometry": { "type": "Polygon", "coordinates": [ [ [ -8024999.999999999068677, 4941999.999457794241607 ], [ -8024999.999999999068677, 4942999.999458317644894 ], [ -8026000.0, 4942999.999458317644894 ], [ -8026000.0, 4941999.999457794241607 ], [ -8024999.999999999068677, 4941999.999457794241607 ] ] ] } },
{ "type": "Feature", "properties": { "city_key": "detroit", "City": "Detroit", "grid_id": "detroit_-8025_4925", "building_count": 394, "pv_positive_buildings": 3, "footprint_area_m2": 36333.613809029564, "pv_positive_footprint_m2": 283.22931909053631, "pv_area_m2": 39.576496379452948, "prevalence": 0.0076142131979695434, "roof_size_selection": 1.0237751402709683, "conditional_intensity": 0.13973304920032673, "pv_utilization": 0.0010892529597377255, "eligible_50_buildings": true, "pv_utilization_pct": 0.10892529597377254, "zero_pv_eligible_cell": false, "color_bin": ">0 to 0.25", "imagery_date": "15 May 2025" }, "geometry": { "type": "Polygon", "coordinates": [ [ [ -8023999.999999999068677, 4924999.999448839575052 ], [ -8023999.999999999068677, 4925999.999449366703629 ], [ -8024999.999999999068677, 4925999.999449366703629 ], [ -8024999.999999999068677, 4924999.999448839575052 ], [ -8023999.999999999068677, 4924999.999448839575052 ] ] ] } },
{ "type": "Feature", "properties": { "city_key": "detroit", "City": "Detroit", "grid_id": "detroit_-8025_4926", "building_count": 366, "pv_positive_buildings": 3, "footprint_area_m2": 33321.605281855103, "pv_positive_footprint_m2": 279.70670928450261, "pv_area_m2": 51.863103878431396, "prevalence": 0.0081967213114754103, "roof_size_selection": 1.0240868722879706, "conditional_intensity": 0.18541959186856344, "pv_utilization": 0.0015564407368654849, "eligible_50_buildings": true, "pv_utilization_pct": 0.15564407368654851, "zero_pv_eligible_cell": false, "color_bin": ">0 to 0.25", "imagery_date": "15 May 2025" }, "geometry": { "type": "Polygon", "coordinates": [ [ [ -8023999.999999999068677, 4925999.999449366703629 ], [ -8023999.999999999068677, 4926999.999449895694852 ], [ -8024999.999999999068677, 4926999.999449895694852 ], [ -8024999.999999999068677, 4925999.999449366703629 ], [ -8023999.999999999068677, 4925999.999449366703629 ] ] ] } },
{ "type": "Feature", "properties": { "city_key": "detroit", "City": "Detroit", "grid_id": "detroit_-8025_4934", "building_count": 1128, "pv_positive_buildings": 12, "footprint_area_m2": 120123.77094922855, "pv_positive_footprint_m2": 2800.7188984994491, "pv_area_m2": 118.52176700130916, "prevalence": 0.010638297872340425, "roof_size_selection": 2.1916359632950648, "conditional_intensity": 0.042318337290047199, "pv_utilization": 0.00098666372246508562, "eligible_50_buildings": true, "pv_utilization_pct": 0.098666372246508566, "zero_pv_eligible_cell": false, "color_bin": ">0 to 0.25", "imagery_date": "15 May 2025" }, "geometry": { "type": "Polygon", "coordinates": [ [ [ -8023999.999999999068677, 4933999.999453587457538 ], [ -8023999.999999999068677, 4934999.99945411644876 ], [ -8024999.999999999068677, 4934999.99945411644876 ], [ -8024999.999999999068677, 4933999.999453587457538 ], [ -8023999.999999999068677, 4933999.999453587457538 ] ] ] } },
{ "type": "Feature", "properties": { "city_key": "detroit", "City": "Detroit", "grid_id": "detroit_-8025_4935", "building_count": 1413, "pv_positive_buildings": 2, "footprint_area_m2": 134754.8856000251, "pv_positive_footprint_m2": 124.25642385748208, "pv_area_m2": 13.959081329490784, "prevalence": 0.0014154281670205238, "roof_size_selection": 0.65145811273869492, "conditional_intensity": 0.11234092287656193, "pv_utilization": 0.00010358868450175275, "eligible_50_buildings": true, "pv_utilization_pct": 0.010358868450175276, "zero_pv_eligible_cell": false, "color_bin": ">0 to 0.25", "imagery_date": "15 May 2025" }, "geometry": { "type": "Polygon", "coordinates": [ [ [ -8023999.999999999068677, 4934999.99945411644876 ], [ -8023999.999999999068677, 4935999.999454646371305 ], [ -8024999.999999999068677, 4935999.999454646371305 ], [ -8024999.999999999068677, 4934999.99945411644876 ], [ -8023999.999999999068677, 4934999.99945411644876 ] ] ] } },
{ "type": "Feature", "properties": { "city_key": "detroit", "City": "Detroit", "grid_id": "detroit_-8025_4936", "building_count": 929, "pv_positive_buildings": 6, "footprint_area_m2": 115147.2397311854, "pv_positive_footprint_m2": 1770.5194376797938, "pv_area_m2": 61.56077281987875, "prevalence": 0.0064585575888051671, "roof_size_selection": 2.380738148021599, "conditional_intensity": 0.034769893800517704, "pv_utilization": 0.000534626561293125, "eligible_50_buildings": true, "pv_utilization_pct": 0.053462656129312502, "zero_pv_eligible_cell": false, "color_bin": ">0 to 0.25", "imagery_date": "15 May 2025" }, "geometry": { "type": "Polygon", "coordinates": [ [ [ -8023999.999999999068677, 4935999.999454646371305 ], [ -8023999.999999999068677, 4936999.999455165117979 ], [ -8024999.999999999068677, 4936999.999455165117979 ], [ -8024999.999999999068677, 4935999.999454646371305 ], [ -8023999.999999999068677, 4935999.999454646371305 ] ] ] } },
{ "type": "Feature", "properties": { "city_key": "detroit", "City": "Detroit", "grid_id": "detroit_-8025_4937", "building_count": 1061, "pv_positive_buildings": 5, "footprint_area_m2": 116771.14794329691, "pv_positive_footprint_m2": 611.6833144221996, "pv_area_m2": 69.466118079976098, "prevalence": 0.0047125353440150798, "roof_size_selection": 1.1115690956761011, "conditional_intensity": 0.1135654945003597, "pv_utilization": 0.00059489111226095222, "eligible_50_buildings": true, "pv_utilization_pct": 0.059489111226095223, "zero_pv_eligible_cell": false, "color_bin": ">0 to 0.25", "imagery_date": "15 May 2025" }, "geometry": { "type": "Polygon", "coordinates": [ [ [ -8023999.999999999068677, 4936999.999455165117979 ], [ -8023999.999999999068677, 4937999.999455693177879 ], [ -8024999.999999999068677, 4937999.999455693177879 ], [ -8024999.999999999068677, 4936999.999455165117979 ], [ -8023999.999999999068677, 4936999.999455165117979 ] ] ] } },
{ "type": "Feature", "properties": { "city_key": "detroit", "City": "Detroit", "grid_id": "detroit_-8025_4938", "building_count": 628, "pv_positive_buildings": 1, "footprint_area_m2": 170288.57475162999, "pv_positive_footprint_m2": 11622.333611483775, "pv_area_m2": 3.3532168045822415, "prevalence": 0.0015923566878980893, "roof_size_selection": 42.861510343000553, "conditional_intensity": 0.00028851493311713241, "pv_utilization": 1.9691378646353636e-05, "eligible_50_buildings": true, "pv_utilization_pct": 0.0019691378646353635, "zero_pv_eligible_cell": false, "color_bin": ">0 to 0.25", "imagery_date": "15 May 2025" }, "geometry": { "type": "Polygon", "coordinates": [ [ [ -8023999.999999999068677, 4937999.999455693177879 ], [ -8023999.999999999068677, 4938999.999456216581166 ], [ -8024999.999999999068677, 4938999.999456216581166 ], [ -8024999.999999999068677, 4937999.999455693177879 ], [ -8023999.999999999068677, 4937999.999455693177879 ] ] ] } },
{ "type": "Feature", "properties": { "city_key": "detroit", "City": "Detroit", "grid_id": "detroit_-8025_4939", "building_count": 1426, "pv_positive_buildings": 11, "footprint_area_m2": 159553.85841698392, "pv_positive_footprint_m2": 1207.5640562743376, "pv_area_m2": 106.13421288887855, "prevalence": 0.0077138849929873771, "roof_size_selection": 0.98113711988251595, "conditional_intensity": 0.087891165969556401, "pv_utilization": 0.00066519364647079542, "eligible_50_buildings": true, "pv_utilization_pct": 0.06651936464707954, "zero_pv_eligible_cell": false, "color_bin": ">0 to 0.25", "imagery_date": "15 May 2025" }, "geometry": { "type": "Polygon", "coordinates": [ [ [ -8023999.999999999068677, 4938999.999456216581166 ], [ -8023999.999999999068677, 4939999.99945674277842 ], [ -8024999.999999999068677, 4939999.99945674277842 ], [ -8024999.999999999068677, 4938999.999456216581166 ], [ -8023999.999999999068677, 4938999.999456216581166 ] ] ] } },
{ "type": "Feature", "properties": { "city_key": "detroit", "City": "Detroit", "grid_id": "detroit_-8025_4940", "building_count": 1446, "pv_positive_buildings": 3, "footprint_area_m2": 192531.66295113208, "pv_positive_footprint_m2": 328.24297295858184, "pv_area_m2": 49.579684880860043, "prevalence": 0.0020746887966804979, "roof_size_selection": 0.821751137142537, "conditional_intensity": 0.15104568556023917, "pv_utilization": 0.00025751444786224195, "eligible_50_buildings": true, "pv_utilization_pct": 0.025751444786224195, "zero_pv_eligible_cell": false, "color_bin": ">0 to 0.25", "imagery_date": "15 May 2025" }, "geometry": { "type": "Polygon", "coordinates": [ [ [ -8023999.999999999068677, 4939999.99945674277842 ], [ -8023999.999999999068677, 4940999.99945726711303 ], [ -8024999.999999999068677, 4940999.99945726711303 ], [ -8024999.999999999068677, 4939999.99945674277842 ], [ -8023999.999999999068677, 4939999.99945674277842 ] ] ] } },
{ "type": "Feature", "properties": { "city_key": "detroit", "City": "Detroit", "grid_id": "detroit_-8025_4941", "building_count": 1566, "pv_positive_buildings": 1, "footprint_area_m2": 162589.76924095818, "pv_positive_footprint_m2": 113.16567110120356, "pv_area_m2": 4.9511721776430653, "prevalence": 0.00063856960408684551, "roof_size_selection": 1.0899667412766196, "conditional_intensity": 0.043751538160501466, "pv_utilization": 3.0451929421865554e-05, "eligible_50_buildings": true, "pv_utilization_pct": 0.0030451929421865553, "zero_pv_eligible_cell": false, "color_bin": ">0 to 0.25", "imagery_date": "15 May 2025" }, "geometry": { "type": "Polygon", "coordinates": [ [ [ -8023999.999999999068677, 4940999.99945726711303 ], [ -8023999.999999999068677, 4941999.999457794241607 ], [ -8024999.999999999068677, 4941999.999457794241607 ], [ -8024999.999999999068677, 4940999.99945726711303 ], [ -8023999.999999999068677, 4940999.99945726711303 ] ] ] } },
{ "type": "Feature", "properties": { "city_key": "detroit", "City": "Detroit", "grid_id": "detroit_-8025_4942", "building_count": 1252, "pv_positive_buildings": 0, "footprint_area_m2": 141589.32095217067, "pv_positive_footprint_m2": 0.0, "pv_area_m2": 0.0, "prevalence": 0.0, "roof_size_selection": null, "conditional_intensity": null, "pv_utilization": 0.0, "eligible_50_buildings": true, "pv_utilization_pct": 0.0, "zero_pv_eligible_cell": true, "color_bin": "zero", "imagery_date": "15 May 2025" }, "geometry": { "type": "Polygon", "coordinates": [ [ [ -8023999.999999999068677, 4941999.999457794241607 ], [ -8023999.999999999068677, 4942999.999458317644894 ], [ -8024999.999999999068677, 4942999.999458317644894 ], [ -8024999.999999999068677, 4941999.999457794241607 ], [ -8023999.999999999068677, 4941999.999457794241607 ] ] ] } },
{ "type": "Feature", "properties": { "city_key": "detroit", "City": "Detroit", "grid_id": "detroit_-8025_4943", "building_count": 88, "pv_positive_buildings": 0, "footprint_area_m2": 13934.75052668999, "pv_positive_footprint_m2": 0.0, "pv_area_m2": 0.0, "prevalence": 0.0, "roof_size_selection": null, "conditional_intensity": null, "pv_utilization": 0.0, "eligible_50_buildings": true, "pv_utilization_pct": 0.0, "zero_pv_eligible_cell": true, "color_bin": "zero", "imagery_date": "15 May 2025" }, "geometry": { "type": "Polygon", "coordinates": [ [ [ -8023999.999999999068677, 4942999.999458317644894 ], [ -8023999.999999999068677, 4943999.999458842910826 ], [ -8024999.999999999068677, 4943999.999458842910826 ], [ -8024999.999999999068677, 4942999.999458317644894 ], [ -8023999.999999999068677, 4942999.999458317644894 ] ] ] } },
{ "type": "Feature", "properties": { "city_key": "detroit", "City": "Detroit", "grid_id": "detroit_-8024_4925", "building_count": 782, "pv_positive_buildings": 4, "footprint_area_m2": 64846.464791905928, "pv_positive_footprint_m2": 336.43154289809434, "pv_area_m2": 15.907257807808861, "prevalence": 0.0051150895140664966, "roof_size_selection": 1.0142783704191547, "conditional_intensity": 0.047282301982686549, "pv_utilization": 0.00024530647675020814, "eligible_50_buildings": true, "pv_utilization_pct": 0.024530647675020813, "zero_pv_eligible_cell": false, "color_bin": ">0 to 0.25", "imagery_date": "15 May 2025" }, "geometry": { "type": "Polygon", "coordinates": [ [ [ -8022999.999999999068677, 4924999.999448839575052 ], [ -8022999.999999999068677, 4925999.999449366703629 ], [ -8023999.999999999068677, 4925999.999449366703629 ], [ -8023999.999999999068677, 4924999.999448839575052 ], [ -8022999.999999999068677, 4924999.999448839575052 ] ] ] } },
{ "type": "Feature", "properties": { "city_key": "detroit", "City": "Detroit", "grid_id": "detroit_-8024_4926", "building_count": 1147, "pv_positive_buildings": 6, "footprint_area_m2": 117333.22716428802, "pv_positive_footprint_m2": 612.87921689793211, "pv_area_m2": 67.766811300306031, "prevalence": 0.0052310374891020054, "roof_size_selection": 0.99854133219745422, "conditional_intensity": 0.11057123399175699, "pv_utilization": 0.00057755857345865105, "eligible_50_buildings": true, "pv_utilization_pct": 0.057755857345865108, "zero_pv_eligible_cell": false, "color_bin": ">0 to 0.25", "imagery_date": "15 May 2025" }, "geometry": { "type": "Polygon", "coordinates": [ [ [ -8022999.999999999068677, 4925999.999449366703629 ], [ -8022999.999999999068677, 4926999.999449895694852 ], [ -8023999.999999999068677, 4926999.999449895694852 ], [ -8023999.999999999068677, 4925999.999449366703629 ], [ -8022999.999999999068677, 4925999.999449366703629 ] ] ] } },
{ "type": "Feature", "properties": { "city_key": "detroit", "City": "Detroit", "grid_id": "detroit_-8024_4927", "building_count": 190, "pv_positive_buildings": 1, "footprint_area_m2": 50458.279299971873, "pv_positive_footprint_m2": 51.498834229393943, "pv_area_m2": 43.4039749690074, "prevalence": 0.005263157894736842, "roof_size_selection": 0.19391819616786463, "conditional_intensity": 0.84281470869167274, "pv_utilization": 0.00086019530533280777, "eligible_50_buildings": true, "pv_utilization_pct": 0.086019530533280777, "zero_pv_eligible_cell": false, "color_bin": ">0 to 0.25", "imagery_date": "15 May 2025" }, "geometry": { "type": "Polygon", "coordinates": [ [ [ -8022999.999999999068677, 4926999.999449895694852 ], [ -8022999.999999999068677, 4927999.999450425617397 ], [ -8023999.999999999068677, 4927999.999450425617397 ], [ -8023999.999999999068677, 4926999.999449895694852 ], [ -8022999.999999999068677, 4926999.999449895694852 ] ] ] } },
{ "type": "Feature", "properties": { "city_key": "detroit", "City": "Detroit", "grid_id": "detroit_-8024_4928", "building_count": 102, "pv_positive_buildings": 0, "footprint_area_m2": 58152.887981855689, "pv_positive_footprint_m2": 0.0, "pv_area_m2": 0.0, "prevalence": 0.0, "roof_size_selection": null, "conditional_intensity": null, "pv_utilization": 0.0, "eligible_50_buildings": true, "pv_utilization_pct": 0.0, "zero_pv_eligible_cell": true, "color_bin": "zero", "imagery_date": "15 May 2025" }, "geometry": { "type": "Polygon", "coordinates": [ [ [ -8022999.999999999068677, 4927999.999450425617397 ], [ -8022999.999999999068677, 4928999.999450953677297 ], [ -8023999.999999999068677, 4928999.999450953677297 ], [ -8023999.999999999068677, 4927999.999450425617397 ], [ -8022999.999999999068677, 4927999.999450425617397 ] ] ] } },
{ "type": "Feature", "properties": { "city_key": "detroit", "City": "Detroit", "grid_id": "detroit_-8024_4932", "building_count": 335, "pv_positive_buildings": 0, "footprint_area_m2": 81975.018330732666, "pv_positive_footprint_m2": 0.0, "pv_area_m2": 0.0, "prevalence": 0.0, "roof_size_selection": null, "conditional_intensity": null, "pv_utilization": 0.0, "eligible_50_buildings": true, "pv_utilization_pct": 0.0, "zero_pv_eligible_cell": true, "color_bin": "zero", "imagery_date": "15 May 2025" }, "geometry": { "type": "Polygon", "coordinates": [ [ [ -8022999.999999999068677, 4931999.999452533200383 ], [ -8022999.999999999068677, 4932999.999453063122928 ], [ -8023999.999999999068677, 4932999.999453063122928 ], [ -8023999.999999999068677, 4931999.999452533200383 ], [ -8022999.999999999068677, 4931999.999452533200383 ] ] ] } },
{ "type": "Feature", "properties": { "city_key": "detroit", "City": "Detroit", "grid_id": "detroit_-8024_4934", "building_count": 1304, "pv_positive_buildings": 10, "footprint_area_m2": 133717.08125699949, "pv_positive_footprint_m2": 1310.0374888331935, "pv_area_m2": 83.10019313440381, "prevalence": 0.0076687116564417178, "roof_size_selection": 1.2775397648376827, "conditional_intensity": 0.063433446632445892, "pv_utilization": 0.00062146281053419188, "eligible_50_buildings": true, "pv_utilization_pct": 0.06214628105341919, "zero_pv_eligible_cell": false, "color_bin": ">0 to 0.25", "imagery_date": "15 May 2025" }, "geometry": { "type": "Polygon", "coordinates": [ [ [ -8022999.999999999068677, 4933999.999453587457538 ], [ -8022999.999999999068677, 4934999.99945411644876 ], [ -8023999.999999999068677, 4934999.99945411644876 ], [ -8023999.999999999068677, 4933999.999453587457538 ], [ -8022999.999999999068677, 4933999.999453587457538 ] ] ] } },
{ "type": "Feature", "properties": { "city_key": "detroit", "City": "Detroit", "grid_id": "detroit_-8024_4935", "building_count": 1045, "pv_positive_buildings": 3, "footprint_area_m2": 142436.13069838673, "pv_positive_footprint_m2": 708.72152653729927, "pv_area_m2": 88.47267969999335, "prevalence": 0.0028708133971291866, "roof_size_selection": 1.7332072314333236, "conditional_intensity": 0.124834192820778, "pv_utilization": 0.00062113930830750533, "eligible_50_buildings": true, "pv_utilization_pct": 0.062113930830750536, "zero_pv_eligible_cell": false, "color_bin": ">0 to 0.25", "imagery_date": "15 May 2025" }, "geometry": { "type": "Polygon", "coordinates": [ [ [ -8022999.999999999068677, 4934999.99945411644876 ], [ -8022999.999999999068677, 4935999.999454646371305 ], [ -8023999.999999999068677, 4935999.999454646371305 ], [ -8023999.999999999068677, 4934999.99945411644876 ], [ -8022999.999999999068677, 4934999.99945411644876 ] ] ] } },
{ "type": "Feature", "properties": { "city_key": "detroit", "City": "Detroit", "grid_id": "detroit_-8024_4936", "building_count": 1206, "pv_positive_buildings": 8, "footprint_area_m2": 150348.63199556255, "pv_positive_footprint_m2": 954.18328744572216, "pv_area_m2": 139.59032768923831, "prevalence": 0.0066334991708126038, "roof_size_selection": 0.95673055799196127, "conditional_intensity": 0.14629299163571735, "pv_utilization": 0.00092844428204280724, "eligible_50_buildings": true, "pv_utilization_pct": 0.092844428204280724, "zero_pv_eligible_cell": false, "color_bin": ">0 to 0.25", "imagery_date": "15 May 2025" }, "geometry": { "type": "Polygon", "coordinates": [ [ [ -8022999.999999999068677, 4935999.999454646371305 ], [ -8022999.999999999068677, 4936999.999455165117979 ], [ -8023999.999999999068677, 4936999.999455165117979 ], [ -8023999.999999999068677, 4935999.999454646371305 ], [ -8022999.999999999068677, 4935999.999454646371305 ] ] ] } },
{ "type": "Feature", "properties": { "city_key": "detroit", "City": "Detroit", "grid_id": "detroit_-8024_4937", "building_count": 1170, "pv_positive_buildings": 5, "footprint_area_m2": 136802.97590701759, "pv_positive_footprint_m2": 525.56700275493301, "pv_area_m2": 35.145144540640004, "prevalence": 0.0042735042735042739, "roof_size_selection": 0.89897663284929807, "conditional_intensity": 0.066870911523012527, "pv_utilization": 0.00025690336272017573, "eligible_50_buildings": true, "pv_utilization_pct": 0.025690336272017573, "zero_pv_eligible_cell": false, "color_bin": ">0 to 0.25", "imagery_date": "15 May 2025" }, "geometry": { "type": "Polygon", "coordinates": [ [ [ -8022999.999999999068677, 4936999.999455165117979 ], [ -8022999.999999999068677, 4937999.999455693177879 ], [ -8023999.999999999068677, 4937999.999455693177879 ], [ -8023999.999999999068677, 4936999.999455165117979 ], [ -8022999.999999999068677, 4936999.999455165117979 ] ] ] } },
{ "type": "Feature", "properties": { "city_key": "detroit", "City": "Detroit", "grid_id": "detroit_-8024_4938", "building_count": 1006, "pv_positive_buildings": 7, "footprint_area_m2": 170663.51363270706, "pv_positive_footprint_m2": 828.14782814512955, "pv_area_m2": 56.122785601767355, "prevalence": 0.006958250497017893, "roof_size_selection": 0.69737620569476666, "conditional_intensity": 0.067769042789703554, "pv_utilization": 0.00032885052233573385, "eligible_50_buildings": true, "pv_utilization_pct": 0.032885052233573388, "zero_pv_eligible_cell": false, "color_bin": ">0 to 0.25", "imagery_date": "15 May 2025" }, "geometry": { "type": "Polygon", "coordinates": [ [ [ -8022999.999999999068677, 4937999.999455693177879 ], [ -8022999.999999999068677, 4938999.999456216581166 ], [ -8023999.999999999068677, 4938999.999456216581166 ], [ -8023999.999999999068677, 4937999.999455693177879 ], [ -8022999.999999999068677, 4937999.999455693177879 ] ] ] } },
{ "type": "Feature", "properties": { "city_key": "detroit", "City": "Detroit", "grid_id": "detroit_-8024_4939", "building_count": 1381, "pv_positive_buildings": 6, "footprint_area_m2": 156018.42216620833, "pv_positive_footprint_m2": 657.31551405862922, "pv_area_m2": 70.869249291552279, "prevalence": 0.0043446777697320783, "roof_size_selection": 0.96970677384487203, "conditional_intensity": 0.10781618229876604, "pv_utilization": 0.00045423641841509208, "eligible_50_buildings": true, "pv_utilization_pct": 0.04542364184150921, "zero_pv_eligible_cell": false, "color_bin": ">0 to 0.25", "imagery_date": "15 May 2025" }, "geometry": { "type": "Polygon", "coordinates": [ [ [ -8022999.999999999068677, 4938999.999456216581166 ], [ -8022999.999999999068677, 4939999.99945674277842 ], [ -8023999.999999999068677, 4939999.99945674277842 ], [ -8023999.999999999068677, 4938999.999456216581166 ], [ -8022999.999999999068677, 4938999.999456216581166 ] ] ] } },
{ "type": "Feature", "properties": { "city_key": "detroit", "City": "Detroit", "grid_id": "detroit_-8024_4940", "building_count": 1439, "pv_positive_buildings": 4, "footprint_area_m2": 186497.27783818074, "pv_positive_footprint_m2": 513.34348040418013, "pv_area_m2": 77.751512592334009, "prevalence": 0.0027797081306462821, "roof_size_selection": 0.99023063079581342, "conditional_intensity": 0.15146099163685975, "pv_utilization": 0.00041690427599590566, "eligible_50_buildings": true, "pv_utilization_pct": 0.041690427599590567, "zero_pv_eligible_cell": false, "color_bin": ">0 to 0.25", "imagery_date": "15 May 2025" }, "geometry": { "type": "Polygon", "coordinates": [ [ [ -8022999.999999999068677, 4939999.99945674277842 ], [ -8022999.999999999068677, 4940999.99945726711303 ], [ -8023999.999999999068677, 4940999.99945726711303 ], [ -8023999.999999999068677, 4939999.99945674277842 ], [ -8022999.999999999068677, 4939999.99945674277842 ] ] ] } },
{ "type": "Feature", "properties": { "city_key": "detroit", "City": "Detroit", "grid_id": "detroit_-8024_4941", "building_count": 1737, "pv_positive_buildings": 0, "footprint_area_m2": 184451.72023226356, "pv_positive_footprint_m2": 0.0, "pv_area_m2": 0.0, "prevalence": 0.0, "roof_size_selection": null, "conditional_intensity": null, "pv_utilization": 0.0, "eligible_50_buildings": true, "pv_utilization_pct": 0.0, "zero_pv_eligible_cell": true, "color_bin": "zero", "imagery_date": "15 May 2025" }, "geometry": { "type": "Polygon", "coordinates": [ [ [ -8022999.999999999068677, 4940999.99945726711303 ], [ -8022999.999999999068677, 4941999.999457794241607 ], [ -8023999.999999999068677, 4941999.999457794241607 ], [ -8023999.999999999068677, 4940999.99945726711303 ], [ -8022999.999999999068677, 4940999.99945726711303 ] ] ] } },
{ "type": "Feature", "properties": { "city_key": "detroit", "City": "Detroit", "grid_id": "detroit_-8024_4942", "building_count": 1192, "pv_positive_buildings": 0, "footprint_area_m2": 153264.36708796246, "pv_positive_footprint_m2": 0.0, "pv_area_m2": 0.0, "prevalence": 0.0, "roof_size_selection": null, "conditional_intensity": null, "pv_utilization": 0.0, "eligible_50_buildings": true, "pv_utilization_pct": 0.0, "zero_pv_eligible_cell": true, "color_bin": "zero", "imagery_date": "15 May 2025" }, "geometry": { "type": "Polygon", "coordinates": [ [ [ -8022999.999999999068677, 4941999.999457794241607 ], [ -8022999.999999999068677, 4942999.999458317644894 ], [ -8023999.999999999068677, 4942999.999458317644894 ], [ -8023999.999999999068677, 4941999.999457794241607 ], [ -8022999.999999999068677, 4941999.999457794241607 ] ] ] } },
{ "type": "Feature", "properties": { "city_key": "detroit", "City": "Detroit", "grid_id": "detroit_-8024_4943", "building_count": 128, "pv_positive_buildings": 0, "footprint_area_m2": 17188.035614182787, "pv_positive_footprint_m2": 0.0, "pv_area_m2": 0.0, "prevalence": 0.0, "roof_size_selection": null, "conditional_intensity": null, "pv_utilization": 0.0, "eligible_50_buildings": true, "pv_utilization_pct": 0.0, "zero_pv_eligible_cell": true, "color_bin": "zero", "imagery_date": "15 May 2025" }, "geometry": { "type": "Polygon", "coordinates": [ [ [ -8022999.999999999068677, 4942999.999458317644894 ], [ -8022999.999999999068677, 4943999.999458842910826 ], [ -8023999.999999999068677, 4943999.999458842910826 ], [ -8023999.999999999068677, 4942999.999458317644894 ], [ -8022999.999999999068677, 4942999.999458317644894 ] ] ] } },
{ "type": "Feature", "properties": { "city_key": "detroit", "City": "Detroit", "grid_id": "detroit_-8023_4926", "building_count": 643, "pv_positive_buildings": 0, "footprint_area_m2": 59898.913126117914, "pv_positive_footprint_m2": 0.0, "pv_area_m2": 0.0, "prevalence": 0.0, "roof_size_selection": null, "conditional_intensity": null, "pv_utilization": 0.0, "eligible_50_buildings": true, "pv_utilization_pct": 0.0, "zero_pv_eligible_cell": true, "color_bin": "zero", "imagery_date": "15 May 2025" }, "geometry": { "type": "Polygon", "coordinates": [ [ [ -8021999.999999999068677, 4925999.999449366703629 ], [ -8021999.999999999068677, 4926999.999449895694852 ], [ -8022999.999999999068677, 4926999.999449895694852 ], [ -8022999.999999999068677, 4925999.999449366703629 ], [ -8021999.999999999068677, 4925999.999449366703629 ] ] ] } },
{ "type": "Feature", "properties": { "city_key": "detroit", "City": "Detroit", "grid_id": "detroit_-8023_4927", "building_count": 731, "pv_positive_buildings": 4, "footprint_area_m2": 114808.09926815928, "pv_positive_footprint_m2": 2729.2897698278243, "pv_area_m2": 119.52996780742669, "prevalence": 0.0054719562243502051, "roof_size_selection": 4.3444470260850769, "conditional_intensity": 0.043795264661460685, "pv_utilization": 0.0010411283574013228, "eligible_50_buildings": true, "pv_utilization_pct": 0.10411283574013229, "zero_pv_eligible_cell": false, "color_bin": ">0 to 0.25", "imagery_date": "15 May 2025" }, "geometry": { "type": "Polygon", "coordinates": [ [ [ -8021999.999999999068677, 4926999.999449895694852 ], [ -8021999.999999999068677, 4927999.999450425617397 ], [ -8022999.999999999068677, 4927999.999450425617397 ], [ -8022999.999999999068677, 4926999.999449895694852 ], [ -8021999.999999999068677, 4926999.999449895694852 ] ] ] } },
{ "type": "Feature", "properties": { "city_key": "detroit", "City": "Detroit", "grid_id": "detroit_-8023_4928", "building_count": 99, "pv_positive_buildings": 1, "footprint_area_m2": 41555.167877231113, "pv_positive_footprint_m2": 1012.7836895480706, "pv_area_m2": 4.0467282347221998, "prevalence": 0.010101010101010102, "roof_size_selection": 2.4128307112482261, "conditional_intensity": 0.003995649097121569, "pv_utilization": 9.7382069221274421e-05, "eligible_50_buildings": true, "pv_utilization_pct": 0.0097382069221274414, "zero_pv_eligible_cell": false, "color_bin": ">0 to 0.25", "imagery_date": "15 May 2025" }, "geometry": { "type": "Polygon", "coordinates": [ [ [ -8021999.999999999068677, 4927999.999450425617397 ], [ -8021999.999999999068677, 4928999.999450953677297 ], [ -8022999.999999999068677, 4928999.999450953677297 ], [ -8022999.999999999068677, 4927999.999450425617397 ], [ -8021999.999999999068677, 4927999.999450425617397 ] ] ] } },
{ "type": "Feature", "properties": { "city_key": "detroit", "City": "Detroit", "grid_id": "detroit_-8023_4931", "building_count": 397, "pv_positive_buildings": 1, "footprint_area_m2": 111273.53942965141, "pv_positive_footprint_m2": 28.794732153638456, "pv_area_m2": 12.515942106311085, "prevalence": 0.0025188916876574307, "roof_size_selection": 0.10273339666904023, "conditional_intensity": 0.43466082752673185, "pv_utilization": 0.00011247905090880863, "eligible_50_buildings": true, "pv_utilization_pct": 0.011247905090880863, "zero_pv_eligible_cell": false, "color_bin": ">0 to 0.25", "imagery_date": "15 May 2025" }, "geometry": { "type": "Polygon", "coordinates": [ [ [ -8021999.999999999068677, 4930999.999452007003129 ], [ -8021999.999999999068677, 4931999.999452533200383 ], [ -8022999.999999999068677, 4931999.999452533200383 ], [ -8022999.999999999068677, 4930999.999452007003129 ], [ -8021999.999999999068677, 4930999.999452007003129 ] ] ] } },
{ "type": "Feature", "properties": { "city_key": "detroit", "City": "Detroit", "grid_id": "detroit_-8023_4932", "building_count": 1719, "pv_positive_buildings": 4, "footprint_area_m2": 179019.72763447103, "pv_positive_footprint_m2": 320.25043397096891, "pv_area_m2": 21.810636141783881, "prevalence": 0.0023269342641070389, "roof_size_selection": 0.76878467986520993, "conditional_intensity": 0.068104938598650092, "pv_utilization": 0.00012183370196114715, "eligible_50_buildings": true, "pv_utilization_pct": 0.012183370196114715, "zero_pv_eligible_cell": false, "color_bin": ">0 to 0.25", "imagery_date": "15 May 2025" }, "geometry": { "type": "Polygon", "coordinates": [ [ [ -8021999.999999999068677, 4931999.999452533200383 ], [ -8021999.999999999068677, 4932999.999453063122928 ], [ -8022999.999999999068677, 4932999.999453063122928 ], [ -8022999.999999999068677, 4931999.999452533200383 ], [ -8021999.999999999068677, 4931999.999452533200383 ] ] ] } },
{ "type": "Feature", "properties": { "city_key": "detroit", "City": "Detroit", "grid_id": "detroit_-8023_4933", "building_count": 848, "pv_positive_buildings": 4, "footprint_area_m2": 121557.75708934039, "pv_positive_footprint_m2": 1386.846945498686, "pv_area_m2": 48.962072665377477, "prevalence": 0.0047169811320754715, "roof_size_selection": 2.4186983988988375, "conditional_intensity": 0.035304597110946204, "pv_utilization": 0.00040278854955667036, "eligible_50_buildings": true, "pv_utilization_pct": 0.040278854955667034, "zero_pv_eligible_cell": false, "color_bin": ">0 to 0.25", "imagery_date": "15 May 2025" }, "geometry": { "type": "Polygon", "coordinates": [ [ [ -8021999.999999999068677, 4932999.999453063122928 ], [ -8021999.999999999068677, 4933999.999453587457538 ], [ -8022999.999999999068677, 4933999.999453587457538 ], [ -8022999.999999999068677, 4932999.999453063122928 ], [ -8021999.999999999068677, 4932999.999453063122928 ] ] ] } },
{ "type": "Feature", "properties": { "city_key": "detroit", "City": "Detroit", "grid_id": "detroit_-8023_4934", "building_count": 1231, "pv_positive_buildings": 7, "footprint_area_m2": 134973.31793695234, "pv_positive_footprint_m2": 3449.6012435324392, "pv_area_m2": 120.02387675493574, "prevalence": 0.005686433793663688, "roof_size_selection": 4.4944958600442, "conditional_intensity": 0.034793550987948285, "pv_utilization": 0.00088924150779934395, "eligible_50_buildings": true, "pv_utilization_pct": 0.088924150779934388, "zero_pv_eligible_cell": false, "color_bin": ">0 to 0.25", "imagery_date": "15 May 2025" }, "geometry": { "type": "Polygon", "coordinates": [ [ [ -8021999.999999999068677, 4933999.999453587457538 ], [ -8021999.999999999068677, 4934999.99945411644876 ], [ -8022999.999999999068677, 4934999.99945411644876 ], [ -8022999.999999999068677, 4933999.999453587457538 ], [ -8021999.999999999068677, 4933999.999453587457538 ] ] ] } },
{ "type": "Feature", "properties": { "city_key": "detroit", "City": "Detroit", "grid_id": "detroit_-8023_4935", "building_count": 730, "pv_positive_buildings": 2, "footprint_area_m2": 142858.51806175688, "pv_positive_footprint_m2": 193.71001132985313, "pv_area_m2": 31.859314643440904, "prevalence": 0.0027397260273972603, "roof_size_selection": 0.49492431459236763, "conditional_intensity": 0.16446911765025016, "pv_utilization": 0.00022301305568400416, "eligible_50_buildings": true, "pv_utilization_pct": 0.022301305568400417, "zero_pv_eligible_cell": false, "color_bin": ">0 to 0.25", "imagery_date": "15 May 2025" }, "geometry": { "type": "Polygon", "coordinates": [ [ [ -8021999.999999999068677, 4934999.99945411644876 ], [ -8021999.999999999068677, 4935999.999454646371305 ], [ -8022999.999999999068677, 4935999.999454646371305 ], [ -8022999.999999999068677, 4934999.99945411644876 ], [ -8021999.999999999068677, 4934999.99945411644876 ] ] ] } },
{ "type": "Feature", "properties": { "city_key": "detroit", "City": "Detroit", "grid_id": "detroit_-8023_4936", "building_count": 772, "pv_positive_buildings": 2, "footprint_area_m2": 145997.44150287053, "pv_positive_footprint_m2": 10302.526476851132, "pv_area_m2": 917.3290447155797, "prevalence": 0.0025906735751295338, "roof_size_selection": 27.23866376786026, "conditional_intensity": 0.089039231957009496, "pv_utilization": 0.0062831857549883411, "eligible_50_buildings": true, "pv_utilization_pct": 0.62831857549883408, "zero_pv_eligible_cell": false, "color_bin": ">0.25 to 1", "imagery_date": "15 May 2025" }, "geometry": { "type": "Polygon", "coordinates": [ [ [ -8021999.999999999068677, 4935999.999454646371305 ], [ -8021999.999999999068677, 4936999.999455165117979 ], [ -8022999.999999999068677, 4936999.999455165117979 ], [ -8022999.999999999068677, 4935999.999454646371305 ], [ -8021999.999999999068677, 4935999.999454646371305 ] ] ] } },
{ "type": "Feature", "properties": { "city_key": "detroit", "City": "Detroit", "grid_id": "detroit_-8023_4937", "building_count": 989, "pv_positive_buildings": 3, "footprint_area_m2": 127207.21893724077, "pv_positive_footprint_m2": 413.09484162408853, "pv_area_m2": 50.548569846520678, "prevalence": 0.0030333670374115269, "roof_size_selection": 1.0705650244786475, "conditional_intensity": 0.12236553147889288, "pv_utilization": 0.00039737186512551169, "eligible_50_buildings": true, "pv_utilization_pct": 0.039737186512551169, "zero_pv_eligible_cell": false, "color_bin": ">0 to 0.25", "imagery_date": "15 May 2025" }, "geometry": { "type": "Polygon", "coordinates": [ [ [ -8021999.999999999068677, 4936999.999455165117979 ], [ -8021999.999999999068677, 4937999.999455693177879 ], [ -8022999.999999999068677, 4937999.999455693177879 ], [ -8022999.999999999068677, 4936999.999455165117979 ], [ -8021999.999999999068677, 4936999.999455165117979 ] ] ] } },
{ "type": "Feature", "properties": { "city_key": "detroit", "City": "Detroit", "grid_id": "detroit_-8023_4938", "building_count": 728, "pv_positive_buildings": 5, "footprint_area_m2": 131382.56952372627, "pv_positive_footprint_m2": 8224.3150818024569, "pv_area_m2": 67.829544311753708, "prevalence": 0.006868131868131868, "roof_size_selection": 9.1143009323941513, "conditional_intensity": 0.0082474398946408133, "pv_utilization": 0.00051627506264827943, "eligible_50_buildings": true, "pv_utilization_pct": 0.051627506264827941, "zero_pv_eligible_cell": false, "color_bin": ">0 to 0.25", "imagery_date": "15 May 2025" }, "geometry": { "type": "Polygon", "coordinates": [ [ [ -8021999.999999999068677, 4937999.999455693177879 ], [ -8021999.999999999068677, 4938999.999456216581166 ], [ -8022999.999999999068677, 4938999.999456216581166 ], [ -8022999.999999999068677, 4937999.999455693177879 ], [ -8021999.999999999068677, 4937999.999455693177879 ] ] ] } },
{ "type": "Feature", "properties": { "city_key": "detroit", "City": "Detroit", "grid_id": "detroit_-8023_4939", "building_count": 1023, "pv_positive_buildings": 1, "footprint_area_m2": 132097.17230961798, "pv_positive_footprint_m2": 110.34011954647484, "pv_area_m2": 18.993512217831917, "prevalence": 0.00097751710654936461, "roof_size_selection": 0.85450687794794788, "conditional_intensity": 0.17213604893578099, "pv_utilization": 0.0001437843966357863, "eligible_50_buildings": true, "pv_utilization_pct": 0.014378439663578629, "zero_pv_eligible_cell": false, "color_bin": ">0 to 0.25", "imagery_date": "15 May 2025" }, "geometry": { "type": "Polygon", "coordinates": [ [ [ -8021999.999999999068677, 4938999.999456216581166 ], [ -8021999.999999999068677, 4939999.99945674277842 ], [ -8022999.999999999068677, 4939999.99945674277842 ], [ -8022999.999999999068677, 4938999.999456216581166 ], [ -8021999.999999999068677, 4938999.999456216581166 ] ] ] } },
{ "type": "Feature", "properties": { "city_key": "detroit", "City": "Detroit", "grid_id": "detroit_-8023_4940", "building_count": 1831, "pv_positive_buildings": 3, "footprint_area_m2": 185699.75700904158, "pv_positive_footprint_m2": 801.06881500818565, "pv_area_m2": 107.79949370716572, "prevalence": 0.0016384489350081922, "roof_size_selection": 2.6328467412562322, "conditional_intensity": 0.1345695796509869, "pv_utilization": 0.00058050422597977366, "eligible_50_buildings": true, "pv_utilization_pct": 0.058050422597977366, "zero_pv_eligible_cell": false, "color_bin": ">0 to 0.25", "imagery_date": "15 May 2025" }, "geometry": { "type": "Polygon", "coordinates": [ [ [ -8021999.999999999068677, 4939999.99945674277842 ], [ -8021999.999999999068677, 4940999.99945726711303 ], [ -8022999.999999999068677, 4940999.99945726711303 ], [ -8022999.999999999068677, 4939999.99945674277842 ], [ -8021999.999999999068677, 4939999.99945674277842 ] ] ] } },
{ "type": "Feature", "properties": { "city_key": "detroit", "City": "Detroit", "grid_id": "detroit_-8023_4941", "building_count": 1899, "pv_positive_buildings": 0, "footprint_area_m2": 192394.53590391608, "pv_positive_footprint_m2": 0.0, "pv_area_m2": 0.0, "prevalence": 0.0, "roof_size_selection": null, "conditional_intensity": null, "pv_utilization": 0.0, "eligible_50_buildings": true, "pv_utilization_pct": 0.0, "zero_pv_eligible_cell": true, "color_bin": "zero", "imagery_date": "15 May 2025" }, "geometry": { "type": "Polygon", "coordinates": [ [ [ -8021999.999999999068677, 4940999.99945726711303 ], [ -8021999.999999999068677, 4941999.999457794241607 ], [ -8022999.999999999068677, 4941999.999457794241607 ], [ -8022999.999999999068677, 4940999.99945726711303 ], [ -8021999.999999999068677, 4940999.99945726711303 ] ] ] } },
{ "type": "Feature", "properties": { "city_key": "detroit", "City": "Detroit", "grid_id": "detroit_-8023_4942", "building_count": 1296, "pv_positive_buildings": 0, "footprint_area_m2": 147832.34169263361, "pv_positive_footprint_m2": 0.0, "pv_area_m2": 0.0, "prevalence": 0.0, "roof_size_selection": null, "conditional_intensity": null, "pv_utilization": 0.0, "eligible_50_buildings": true, "pv_utilization_pct": 0.0, "zero_pv_eligible_cell": true, "color_bin": "zero", "imagery_date": "15 May 2025" }, "geometry": { "type": "Polygon", "coordinates": [ [ [ -8021999.999999999068677, 4941999.999457794241607 ], [ -8021999.999999999068677, 4942999.999458317644894 ], [ -8022999.999999999068677, 4942999.999458317644894 ], [ -8022999.999999999068677, 4941999.999457794241607 ], [ -8021999.999999999068677, 4941999.999457794241607 ] ] ] } },
{ "type": "Feature", "properties": { "city_key": "detroit", "City": "Detroit", "grid_id": "detroit_-8023_4943", "building_count": 109, "pv_positive_buildings": 0, "footprint_area_m2": 26336.383719787489, "pv_positive_footprint_m2": 0.0, "pv_area_m2": 0.0, "prevalence": 0.0, "roof_size_selection": null, "conditional_intensity": null, "pv_utilization": 0.0, "eligible_50_buildings": true, "pv_utilization_pct": 0.0, "zero_pv_eligible_cell": true, "color_bin": "zero", "imagery_date": "15 May 2025" }, "geometry": { "type": "Polygon", "coordinates": [ [ [ -8021999.999999999068677, 4942999.999458317644894 ], [ -8021999.999999999068677, 4943999.999458842910826 ], [ -8022999.999999999068677, 4943999.999458842910826 ], [ -8022999.999999999068677, 4942999.999458317644894 ], [ -8021999.999999999068677, 4942999.999458317644894 ] ] ] } },
{ "type": "Feature", "properties": { "city_key": "detroit", "City": "Detroit", "grid_id": "detroit_-8022_4927", "building_count": 52, "pv_positive_buildings": 0, "footprint_area_m2": 35516.981553888334, "pv_positive_footprint_m2": 0.0, "pv_area_m2": 0.0, "prevalence": 0.0, "roof_size_selection": null, "conditional_intensity": null, "pv_utilization": 0.0, "eligible_50_buildings": true, "pv_utilization_pct": 0.0, "zero_pv_eligible_cell": true, "color_bin": "zero", "imagery_date": "15 May 2025" }, "geometry": { "type": "Polygon", "coordinates": [ [ [ -8021000.0, 4926999.999449895694852 ], [ -8021000.0, 4927999.999450425617397 ], [ -8021999.999999999068677, 4927999.999450425617397 ], [ -8021999.999999999068677, 4926999.999449895694852 ], [ -8021000.0, 4926999.999449895694852 ] ] ] } },
{ "type": "Feature", "properties": { "city_key": "detroit", "City": "Detroit", "grid_id": "detroit_-8022_4928", "building_count": 211, "pv_positive_buildings": 1, "footprint_area_m2": 40430.371037032834, "pv_positive_footprint_m2": 712.85303047818991, "pv_area_m2": 86.498539293593325, "prevalence": 0.0047393364928909956, "roof_size_selection": 3.7202722995820601, "conditional_intensity": 0.12134133628578267, "pv_utilization": 0.0021394446074799469, "eligible_50_buildings": true, "pv_utilization_pct": 0.2139444607479947, "zero_pv_eligible_cell": false, "color_bin": ">0 to 0.25", "imagery_date": "15 May 2025" }, "geometry": { "type": "Polygon", "coordinates": [ [ [ -8021000.0, 4927999.999450425617397 ], [ -8021000.0, 4928999.999450953677297 ], [ -8021999.999999999068677, 4928999.999450953677297 ], [ -8021999.999999999068677, 4927999.999450425617397 ], [ -8021000.0, 4927999.999450425617397 ] ] ] } },
{ "type": "Feature", "properties": { "city_key": "detroit", "City": "Detroit", "grid_id": "detroit_-8022_4929", "building_count": 831, "pv_positive_buildings": 2, "footprint_area_m2": 75803.879833362691, "pv_positive_footprint_m2": 4034.9939940952636, "pv_area_m2": 716.40103724854737, "prevalence": 0.0024067388688327317, "roof_size_selection": 22.116809960546448, "conditional_intensity": 0.17754698973453628, "pv_utilization": 0.0094507172828539841, "eligible_50_buildings": true, "pv_utilization_pct": 0.94507172828539843, "zero_pv_eligible_cell": false, "color_bin": ">0.25 to 1", "imagery_date": "15 May 2025" }, "geometry": { "type": "Polygon", "coordinates": [ [ [ -8021000.0, 4928999.999450953677297 ], [ -8021000.0, 4929999.999451482668519 ], [ -8021999.999999999068677, 4929999.999451482668519 ], [ -8021999.999999999068677, 4928999.999450953677297 ], [ -8021000.0, 4928999.999450953677297 ] ] ] } },
{ "type": "Feature", "properties": { "city_key": "detroit", "City": "Detroit", "grid_id": "detroit_-8022_4930", "building_count": 785, "pv_positive_buildings": 2, "footprint_area_m2": 86722.940450875976, "pv_positive_footprint_m2": 181.04349350033917, "pv_area_m2": 12.569459315507276, "prevalence": 0.0025477707006369425, "roof_size_selection": 0.81938609126306861, "conditional_intensity": 0.069427843400976616, "pv_utilization": 0.00014493811268573417, "eligible_50_buildings": true, "pv_utilization_pct": 0.014493811268573418, "zero_pv_eligible_cell": false, "color_bin": ">0 to 0.25", "imagery_date": "15 May 2025" }, "geometry": { "type": "Polygon", "coordinates": [ [ [ -8021000.0, 4929999.999451482668519 ], [ -8021000.0, 4930999.999452007003129 ], [ -8021999.999999999068677, 4930999.999452007003129 ], [ -8021999.999999999068677, 4929999.999451482668519 ], [ -8021000.0, 4929999.999451482668519 ] ] ] } },
{ "type": "Feature", "properties": { "city_key": "detroit", "City": "Detroit", "grid_id": "detroit_-8022_4931", "building_count": 519, "pv_positive_buildings": 0, "footprint_area_m2": 108625.24544115472, "pv_positive_footprint_m2": 0.0, "pv_area_m2": 0.0, "prevalence": 0.0, "roof_size_selection": null, "conditional_intensity": null, "pv_utilization": 0.0, "eligible_50_buildings": true, "pv_utilization_pct": 0.0, "zero_pv_eligible_cell": true, "color_bin": "zero", "imagery_date": "15 May 2025" }, "geometry": { "type": "Polygon", "coordinates": [ [ [ -8021000.0, 4930999.999452007003129 ], [ -8021000.0, 4931999.999452533200383 ], [ -8021999.999999999068677, 4931999.999452533200383 ], [ -8021999.999999999068677, 4930999.999452007003129 ], [ -8021000.0, 4930999.999452007003129 ] ] ] } },
{ "type": "Feature", "properties": { "city_key": "detroit", "City": "Detroit", "grid_id": "detroit_-8022_4932", "building_count": 1394, "pv_positive_buildings": 1, "footprint_area_m2": 164383.39456572864, "pv_positive_footprint_m2": 845.05229149723141, "pv_area_m2": 38.165873623891038, "prevalence": 0.0007173601147776184, "roof_size_selection": 7.1661915576035664, "conditional_intensity": 0.045163919449612046, "pv_utilization": 0.00023217596719375707, "eligible_50_buildings": true, "pv_utilization_pct": 0.023217596719375708, "zero_pv_eligible_cell": false, "color_bin": ">0 to 0.25", "imagery_date": "15 May 2025" }, "geometry": { "type": "Polygon", "coordinates": [ [ [ -8021000.0, 4931999.999452533200383 ], [ -8021000.0, 4932999.999453063122928 ], [ -8021999.999999999068677, 4932999.999453063122928 ], [ -8021999.999999999068677, 4931999.999452533200383 ], [ -8021000.0, 4931999.999452533200383 ] ] ] } },
{ "type": "Feature", "properties": { "city_key": "detroit", "City": "Detroit", "grid_id": "detroit_-8022_4933", "building_count": 1183, "pv_positive_buildings": 2, "footprint_area_m2": 176438.31913532849, "pv_positive_footprint_m2": 1024.9160656376923, "pv_area_m2": 15.13550420628064, "prevalence": 0.0016906170752324597, "roof_size_selection": 3.4359761291973627, "conditional_intensity": 0.014767554840564903, "pv_utilization": 8.5783543396101406e-05, "eligible_50_buildings": true, "pv_utilization_pct": 0.0085783543396101402, "zero_pv_eligible_cell": false, "color_bin": ">0 to 0.25", "imagery_date": "15 May 2025" }, "geometry": { "type": "Polygon", "coordinates": [ [ [ -8021000.0, 4932999.999453063122928 ], [ -8021000.0, 4933999.999453587457538 ], [ -8021999.999999999068677, 4933999.999453587457538 ], [ -8021999.999999999068677, 4932999.999453063122928 ], [ -8021000.0, 4932999.999453063122928 ] ] ] } },
{ "type": "Feature", "properties": { "city_key": "detroit", "City": "Detroit", "grid_id": "detroit_-8022_4934", "building_count": 822, "pv_positive_buildings": 3, "footprint_area_m2": 138496.83317593427, "pv_positive_footprint_m2": 3001.7940697026729, "pv_area_m2": 80.381833203136523, "prevalence": 0.0036496350364963502, "roof_size_selection": 5.9387031186027981, "conditional_intensity": 0.026777930576396377, "pv_utilization": 0.00058038751760501606, "eligible_50_buildings": true, "pv_utilization_pct": 0.058038751760501606, "zero_pv_eligible_cell": false, "color_bin": ">0 to 0.25", "imagery_date": "15 May 2025" }, "geometry": { "type": "Polygon", "coordinates": [ [ [ -8021000.0, 4933999.999453587457538 ], [ -8021000.0, 4934999.99945411644876 ], [ -8021999.999999999068677, 4934999.99945411644876 ], [ -8021999.999999999068677, 4933999.999453587457538 ], [ -8021000.0, 4933999.999453587457538 ] ] ] } },
{ "type": "Feature", "properties": { "city_key": "detroit", "City": "Detroit", "grid_id": "detroit_-8022_4935", "building_count": 854, "pv_positive_buildings": 3, "footprint_area_m2": 123589.23678381564, "pv_positive_footprint_m2": 1819.9234686504115, "pv_area_m2": 40.951811504164354, "prevalence": 0.0035128805620608899, "roof_size_selection": 4.1918824073278307, "conditional_intensity": 0.022501941542922524, "pv_utilization": 0.00033135419046075954, "eligible_50_buildings": true, "pv_utilization_pct": 0.033135419046075955, "zero_pv_eligible_cell": false, "color_bin": ">0 to 0.25", "imagery_date": "15 May 2025" }, "geometry": { "type": "Polygon", "coordinates": [ [ [ -8021000.0, 4934999.99945411644876 ], [ -8021000.0, 4935999.999454646371305 ], [ -8021999.999999999068677, 4935999.999454646371305 ], [ -8021999.999999999068677, 4934999.99945411644876 ], [ -8021000.0, 4934999.99945411644876 ] ] ] } },
{ "type": "Feature", "properties": { "city_key": "detroit", "City": "Detroit", "grid_id": "detroit_-8022_4936", "building_count": 1150, "pv_positive_buildings": 1, "footprint_area_m2": 151300.74817541774, "pv_positive_footprint_m2": 31.582802265396491, "pv_area_m2": 10.50131019374334, "prevalence": 0.00086956521739130438, "roof_size_selection": 0.24005315930821694, "conditional_intensity": 0.33250090050587555, "pv_utilization": 6.9406862295010887e-05, "eligible_50_buildings": true, "pv_utilization_pct": 0.0069406862295010889, "zero_pv_eligible_cell": false, "color_bin": ">0 to 0.25", "imagery_date": "15 May 2025" }, "geometry": { "type": "Polygon", "coordinates": [ [ [ -8021000.0, 4935999.999454646371305 ], [ -8021000.0, 4936999.999455165117979 ], [ -8021999.999999999068677, 4936999.999455165117979 ], [ -8021999.999999999068677, 4935999.999454646371305 ], [ -8021000.0, 4935999.999454646371305 ] ] ] } },
{ "type": "Feature", "properties": { "city_key": "detroit", "City": "Detroit", "grid_id": "detroit_-8022_4937", "building_count": 1494, "pv_positive_buildings": 8, "footprint_area_m2": 170105.66370572269, "pv_positive_footprint_m2": 1076.727575773846, "pv_area_m2": 145.49231637498116, "prevalence": 0.0053547523427041497, "roof_size_selection": 1.1820821858325994, "conditional_intensity": 0.1351245381362278, "pv_utilization": 0.00085530553895417718, "eligible_50_buildings": true, "pv_utilization_pct": 0.085530553895417721, "zero_pv_eligible_cell": false, "color_bin": ">0 to 0.25", "imagery_date": "15 May 2025" }, "geometry": { "type": "Polygon", "coordinates": [ [ [ -8021000.0, 4936999.999455165117979 ], [ -8021000.0, 4937999.999455693177879 ], [ -8021999.999999999068677, 4937999.999455693177879 ], [ -8021999.999999999068677, 4936999.999455165117979 ], [ -8021000.0, 4936999.999455165117979 ] ] ] } },
{ "type": "Feature", "properties": { "city_key": "detroit", "City": "Detroit", "grid_id": "detroit_-8022_4938", "building_count": 747, "pv_positive_buildings": 3, "footprint_area_m2": 166302.26165395122, "pv_positive_footprint_m2": 378.80759653655986, "pv_area_m2": 31.631500747439723, "prevalence": 0.0040160642570281121, "roof_size_selection": 0.56717864567515552, "conditional_intensity": 0.083502815246174381, "pv_utilization": 0.00019020487414212012, "eligible_50_buildings": true, "pv_utilization_pct": 0.019020487414212011, "zero_pv_eligible_cell": false, "color_bin": ">0 to 0.25", "imagery_date": "15 May 2025" }, "geometry": { "type": "Polygon", "coordinates": [ [ [ -8021000.0, 4937999.999455693177879 ], [ -8021000.0, 4938999.999456216581166 ], [ -8021999.999999999068677, 4938999.999456216581166 ], [ -8021999.999999999068677, 4937999.999455693177879 ], [ -8021000.0, 4937999.999455693177879 ] ] ] } },
{ "type": "Feature", "properties": { "city_key": "detroit", "City": "Detroit", "grid_id": "detroit_-8022_4939", "building_count": 1021, "pv_positive_buildings": 9, "footprint_area_m2": 127569.6288156364, "pv_positive_footprint_m2": 1450.8864243683411, "pv_area_m2": 197.39986463790081, "prevalence": 0.0088148873653281102, "roof_size_selection": 1.2902366017096873, "conditional_intensity": 0.13605466377138442, "pv_utilization": 0.0015473891902843351, "eligible_50_buildings": true, "pv_utilization_pct": 0.15473891902843351, "zero_pv_eligible_cell": false, "color_bin": ">0 to 0.25", "imagery_date": "15 May 2025" }, "geometry": { "type": "Polygon", "coordinates": [ [ [ -8021000.0, 4938999.999456216581166 ], [ -8021000.0, 4939999.99945674277842 ], [ -8021999.999999999068677, 4939999.99945674277842 ], [ -8021999.999999999068677, 4938999.999456216581166 ], [ -8021000.0, 4938999.999456216581166 ] ] ] } },
{ "type": "Feature", "properties": { "city_key": "detroit", "City": "Detroit", "grid_id": "detroit_-8022_4940", "building_count": 1217, "pv_positive_buildings": 8, "footprint_area_m2": 176958.76833671841, "pv_positive_footprint_m2": 4260.0579741528754, "pv_area_m2": 430.46190001591447, "prevalence": 0.0065735414954806899, "roof_size_selection": 3.6622164892381628, "conditional_intensity": 0.10104601923909569, "pv_utilization": 0.0024325547926329848, "eligible_50_buildings": true, "pv_utilization_pct": 0.24325547926329849, "zero_pv_eligible_cell": false, "color_bin": ">0 to 0.25", "imagery_date": "15 May 2025" }, "geometry": { "type": "Polygon", "coordinates": [ [ [ -8021000.0, 4939999.99945674277842 ], [ -8021000.0, 4940999.99945726711303 ], [ -8021999.999999999068677, 4940999.99945726711303 ], [ -8021999.999999999068677, 4939999.99945674277842 ], [ -8021000.0, 4939999.99945674277842 ] ] ] } },
{ "type": "Feature", "properties": { "city_key": "detroit", "City": "Detroit", "grid_id": "detroit_-8022_4941", "building_count": 1235, "pv_positive_buildings": 0, "footprint_area_m2": 174473.57945486071, "pv_positive_footprint_m2": 0.0, "pv_area_m2": 0.0, "prevalence": 0.0, "roof_size_selection": null, "conditional_intensity": null, "pv_utilization": 0.0, "eligible_50_buildings": true, "pv_utilization_pct": 0.0, "zero_pv_eligible_cell": true, "color_bin": "zero", "imagery_date": "15 May 2025" }, "geometry": { "type": "Polygon", "coordinates": [ [ [ -8021000.0, 4940999.99945726711303 ], [ -8021000.0, 4941999.999457794241607 ], [ -8021999.999999999068677, 4941999.999457794241607 ], [ -8021999.999999999068677, 4940999.99945726711303 ], [ -8021000.0, 4940999.99945726711303 ] ] ] } },
{ "type": "Feature", "properties": { "city_key": "detroit", "City": "Detroit", "grid_id": "detroit_-8022_4942", "building_count": 1295, "pv_positive_buildings": 0, "footprint_area_m2": 151495.73585656658, "pv_positive_footprint_m2": 0.0, "pv_area_m2": 0.0, "prevalence": 0.0, "roof_size_selection": null, "conditional_intensity": null, "pv_utilization": 0.0, "eligible_50_buildings": true, "pv_utilization_pct": 0.0, "zero_pv_eligible_cell": true, "color_bin": "zero", "imagery_date": "15 May 2025" }, "geometry": { "type": "Polygon", "coordinates": [ [ [ -8021000.0, 4941999.999457794241607 ], [ -8021000.0, 4942999.999458317644894 ], [ -8021999.999999999068677, 4942999.999458317644894 ], [ -8021999.999999999068677, 4941999.999457794241607 ], [ -8021000.0, 4941999.999457794241607 ] ] ] } },
{ "type": "Feature", "properties": { "city_key": "detroit", "City": "Detroit", "grid_id": "detroit_-8022_4943", "building_count": 258, "pv_positive_buildings": 0, "footprint_area_m2": 24118.43887811988, "pv_positive_footprint_m2": 0.0, "pv_area_m2": 0.0, "prevalence": 0.0, "roof_size_selection": null, "conditional_intensity": null, "pv_utilization": 0.0, "eligible_50_buildings": true, "pv_utilization_pct": 0.0, "zero_pv_eligible_cell": true, "color_bin": "zero", "imagery_date": "15 May 2025" }, "geometry": { "type": "Polygon", "coordinates": [ [ [ -8021000.0, 4942999.999458317644894 ], [ -8021000.0, 4943999.999458842910826 ], [ -8021999.999999999068677, 4943999.999458842910826 ], [ -8021999.999999999068677, 4942999.999458317644894 ], [ -8021000.0, 4942999.999458317644894 ] ] ] } },
{ "type": "Feature", "properties": { "city_key": "detroit", "City": "Detroit", "grid_id": "detroit_-8021_4927", "building_count": 89, "pv_positive_buildings": 1, "footprint_area_m2": 75004.695653211966, "pv_positive_footprint_m2": 306.74726480831839, "pv_area_m2": 59.490098932966006, "prevalence": 0.011235955056179775, "roof_size_selection": 0.36398396567283758, "conditional_intensity": 0.19393848212514769, "pv_utilization": 0.00079315166090429209, "eligible_50_buildings": true, "pv_utilization_pct": 0.079315166090429212, "zero_pv_eligible_cell": false, "color_bin": ">0 to 0.25", "imagery_date": "15 May 2025" }, "geometry": { "type": "Polygon", "coordinates": [ [ [ -8020000.0, 4926999.999449895694852 ], [ -8020000.0, 4927999.999450425617397 ], [ -8021000.0, 4927999.999450425617397 ], [ -8021000.0, 4926999.999449895694852 ], [ -8020000.0, 4926999.999449895694852 ] ] ] } },
{ "type": "Feature", "properties": { "city_key": "detroit", "City": "Detroit", "grid_id": "detroit_-8021_4928", "building_count": 214, "pv_positive_buildings": 0, "footprint_area_m2": 70969.027349604235, "pv_positive_footprint_m2": 0.0, "pv_area_m2": 0.0, "prevalence": 0.0, "roof_size_selection": null, "conditional_intensity": null, "pv_utilization": 0.0, "eligible_50_buildings": true, "pv_utilization_pct": 0.0, "zero_pv_eligible_cell": true, "color_bin": "zero", "imagery_date": "15 May 2025" }, "geometry": { "type": "Polygon", "coordinates": [ [ [ -8020000.0, 4927999.999450425617397 ], [ -8020000.0, 4928999.999450953677297 ], [ -8021000.0, 4928999.999450953677297 ], [ -8021000.0, 4927999.999450425617397 ], [ -8020000.0, 4927999.999450425617397 ] ] ] } },
{ "type": "Feature", "properties": { "city_key": "detroit", "City": "Detroit", "grid_id": "detroit_-8021_4929", "building_count": 1303, "pv_positive_buildings": 1, "footprint_area_m2": 136351.35484155963, "pv_positive_footprint_m2": 150.14119598895829, "pv_area_m2": 31.774560209626696, "prevalence": 0.00076745970836531081, "roof_size_selection": 1.4347783973319477, "conditional_intensity": 0.21163119156159824, "pv_utilization": 0.00023303442966554134, "eligible_50_buildings": true, "pv_utilization_pct": 0.023303442966554132, "zero_pv_eligible_cell": false, "color_bin": ">0 to 0.25", "imagery_date": "15 May 2025" }, "geometry": { "type": "Polygon", "coordinates": [ [ [ -8020000.0, 4928999.999450953677297 ], [ -8020000.0, 4929999.999451482668519 ], [ -8021000.0, 4929999.999451482668519 ], [ -8021000.0, 4928999.999450953677297 ], [ -8020000.0, 4928999.999450953677297 ] ] ] } },
{ "type": "Feature", "properties": { "city_key": "detroit", "City": "Detroit", "grid_id": "detroit_-8021_4930", "building_count": 1817, "pv_positive_buildings": 8, "footprint_area_m2": 225194.48602205855, "pv_positive_footprint_m2": 3838.0119302795615, "pv_area_m2": 415.07916417827983, "prevalence": 0.0044028618602091358, "roof_size_selection": 3.8709138712186704, "conditional_intensity": 0.10814952421162624, "pv_utilization": 0.0018432030531050456, "eligible_50_buildings": true, "pv_utilization_pct": 0.18432030531050456, "zero_pv_eligible_cell": false, "color_bin": ">0 to 0.25", "imagery_date": "15 May 2025" }, "geometry": { "type": "Polygon", "coordinates": [ [ [ -8020000.0, 4929999.999451482668519 ], [ -8020000.0, 4930999.999452007003129 ], [ -8021000.0, 4930999.999452007003129 ], [ -8021000.0, 4929999.999451482668519 ], [ -8020000.0, 4929999.999451482668519 ] ] ] } },
{ "type": "Feature", "properties": { "city_key": "detroit", "City": "Detroit", "grid_id": "detroit_-8021_4931", "building_count": 626, "pv_positive_buildings": 6, "footprint_area_m2": 93618.131451651643, "pv_positive_footprint_m2": 564.33787572575125, "pv_area_m2": 60.190209497960616, "prevalence": 0.0095846645367412137, "roof_size_selection": 0.62893000306385927, "conditional_intensity": 0.10665633494926181, "pv_utilization": 0.00064293324983788404, "eligible_50_buildings": true, "pv_utilization_pct": 0.064293324983788411, "zero_pv_eligible_cell": false, "color_bin": ">0 to 0.25", "imagery_date": "15 May 2025" }, "geometry": { "type": "Polygon", "coordinates": [ [ [ -8020000.0, 4930999.999452007003129 ], [ -8020000.0, 4931999.999452533200383 ], [ -8021000.0, 4931999.999452533200383 ], [ -8021000.0, 4930999.999452007003129 ], [ -8020000.0, 4930999.999452007003129 ] ] ] } },
{ "type": "Feature", "properties": { "city_key": "detroit", "City": "Detroit", "grid_id": "detroit_-8021_4932", "building_count": 1186, "pv_positive_buildings": 4, "footprint_area_m2": 140575.85911566915, "pv_positive_footprint_m2": 483.9329791950563, "pv_area_m2": 36.174548530352865, "prevalence": 0.0033726812816188868, "roof_size_selection": 1.0207024821613959, "conditional_intensity": 0.074751153745552398, "pv_utilization": 0.0002573311574115125, "eligible_50_buildings": true, "pv_utilization_pct": 0.025733115741151249, "zero_pv_eligible_cell": false, "color_bin": ">0 to 0.25", "imagery_date": "15 May 2025" }, "geometry": { "type": "Polygon", "coordinates": [ [ [ -8020000.0, 4931999.999452533200383 ], [ -8020000.0, 4932999.999453063122928 ], [ -8021000.0, 4932999.999453063122928 ], [ -8021000.0, 4931999.999452533200383 ], [ -8020000.0, 4931999.999452533200383 ] ] ] } },
{ "type": "Feature", "properties": { "city_key": "detroit", "City": "Detroit", "grid_id": "detroit_-8021_4933", "building_count": 463, "pv_positive_buildings": 2, "footprint_area_m2": 172733.6537800708, "pv_positive_footprint_m2": 441.1358406955577, "pv_area_m2": 21.364596552688965, "prevalence": 0.0043196544276457886, "roof_size_selection": 0.59121627364547813, "conditional_intensity": 0.048430879066644172, "pv_utilization": 0.00012368520022097693, "eligible_50_buildings": true, "pv_utilization_pct": 0.012368520022097693, "zero_pv_eligible_cell": false, "color_bin": ">0 to 0.25", "imagery_date": "15 May 2025" }, "geometry": { "type": "Polygon", "coordinates": [ [ [ -8020000.0, 4932999.999453063122928 ], [ -8020000.0, 4933999.999453587457538 ], [ -8021000.0, 4933999.999453587457538 ], [ -8021000.0, 4932999.999453063122928 ], [ -8020000.0, 4932999.999453063122928 ] ] ] } },
{ "type": "Feature", "properties": { "city_key": "detroit", "City": "Detroit", "grid_id": "detroit_-8021_4934", "building_count": 1294, "pv_positive_buildings": 6, "footprint_area_m2": 148033.17281230981, "pv_positive_footprint_m2": 922.09197719205372, "pv_area_m2": 105.97375355579946, "prevalence": 0.0046367851622874804, "roof_size_selection": 1.3433779692962813, "conditional_intensity": 0.11492753019987202, "pv_utilization": 0.00071587841794192183, "eligible_50_buildings": true, "pv_utilization_pct": 0.071587841794192184, "zero_pv_eligible_cell": false, "color_bin": ">0 to 0.25", "imagery_date": "15 May 2025" }, "geometry": { "type": "Polygon", "coordinates": [ [ [ -8020000.0, 4933999.999453587457538 ], [ -8020000.0, 4934999.99945411644876 ], [ -8021000.0, 4934999.99945411644876 ], [ -8021000.0, 4933999.999453587457538 ], [ -8020000.0, 4933999.999453587457538 ] ] ] } },
{ "type": "Feature", "properties": { "city_key": "detroit", "City": "Detroit", "grid_id": "detroit_-8021_4935", "building_count": 851, "pv_positive_buildings": 2, "footprint_area_m2": 128064.48024493051, "pv_positive_footprint_m2": 265.32506222688431, "pv_area_m2": 46.984782532771987, "prevalence": 0.0023501762632197414, "roof_size_selection": 0.88155446195244525, "conditional_intensity": 0.17708384627681512, "pv_utilization": 0.00036688379512344834, "eligible_50_buildings": true, "pv_utilization_pct": 0.036688379512344833, "zero_pv_eligible_cell": false, "color_bin": ">0 to 0.25", "imagery_date": "15 May 2025" }, "geometry": { "type": "Polygon", "coordinates": [ [ [ -8020000.0, 4934999.99945411644876 ], [ -8020000.0, 4935999.999454646371305 ], [ -8021000.0, 4935999.999454646371305 ], [ -8021000.0, 4934999.99945411644876 ], [ -8020000.0, 4934999.99945411644876 ] ] ] } },
{ "type": "Feature", "properties": { "city_key": "detroit", "City": "Detroit", "grid_id": "detroit_-8021_4936", "building_count": 903, "pv_positive_buildings": 1, "footprint_area_m2": 129255.72895992077, "pv_positive_footprint_m2": 36.872343595287298, "pv_area_m2": 3.1602034234630572, "prevalence": 0.0011074197120708748, "roof_size_selection": 0.2575957486330735, "conditional_intensity": 0.085706605963255536, "pv_utilization": 2.4449232919052768e-05, "eligible_50_buildings": true, "pv_utilization_pct": 0.0024449232919052767, "zero_pv_eligible_cell": false, "color_bin": ">0 to 0.25", "imagery_date": "15 May 2025" }, "geometry": { "type": "Polygon", "coordinates": [ [ [ -8020000.0, 4935999.999454646371305 ], [ -8020000.0, 4936999.999455165117979 ], [ -8021000.0, 4936999.999455165117979 ], [ -8021000.0, 4935999.999454646371305 ], [ -8020000.0, 4935999.999454646371305 ] ] ] } },
{ "type": "Feature", "properties": { "city_key": "detroit", "City": "Detroit", "grid_id": "detroit_-8021_4937", "building_count": 1398, "pv_positive_buildings": 4, "footprint_area_m2": 184925.79370517877, "pv_positive_footprint_m2": 1127.2607472887403, "pv_area_m2": 43.743554126819589, "prevalence": 0.0028612303290414878, "roof_size_selection": 2.1304633782214317, "conditional_intensity": 0.038805178156012712, "pv_utilization": 0.00023654652631400098, "eligible_50_buildings": true, "pv_utilization_pct": 0.023654652631400097, "zero_pv_eligible_cell": false, "color_bin": ">0 to 0.25", "imagery_date": "15 May 2025" }, "geometry": { "type": "Polygon", "coordinates": [ [ [ -8020000.0, 4936999.999455165117979 ], [ -8020000.0, 4937999.999455693177879 ], [ -8021000.0, 4937999.999455693177879 ], [ -8021000.0, 4936999.999455165117979 ], [ -8020000.0, 4936999.999455165117979 ] ] ] } },
{ "type": "Feature", "properties": { "city_key": "detroit", "City": "Detroit", "grid_id": "detroit_-8021_4938", "building_count": 696, "pv_positive_buildings": 3, "footprint_area_m2": 179869.97937206036, "pv_positive_footprint_m2": 375.05920505102915, "pv_area_m2": 35.665698772152133, "prevalence": 0.0043103448275862068, "roof_size_selection": 0.48375907906149906, "conditional_intensity": 0.095093516681718532, "pv_utilization": 0.00019828600023563561, "eligible_50_buildings": true, "pv_utilization_pct": 0.019828600023563563, "zero_pv_eligible_cell": false, "color_bin": ">0 to 0.25", "imagery_date": "15 May 2025" }, "geometry": { "type": "Polygon", "coordinates": [ [ [ -8020000.0, 4937999.999455693177879 ], [ -8020000.0, 4938999.999456216581166 ], [ -8021000.0, 4938999.999456216581166 ], [ -8021000.0, 4937999.999455693177879 ], [ -8020000.0, 4937999.999455693177879 ] ] ] } },
{ "type": "Feature", "properties": { "city_key": "detroit", "City": "Detroit", "grid_id": "detroit_-8021_4939", "building_count": 1087, "pv_positive_buildings": 3, "footprint_area_m2": 138885.21895163661, "pv_positive_footprint_m2": 367.27803270327576, "pv_area_m2": 41.720606932531574, "prevalence": 0.0027598896044158236, "roof_size_selection": 0.95818025023834796, "conditional_intensity": 0.11359407102421964, "pv_utilization": 0.00030039630745054129, "eligible_50_buildings": true, "pv_utilization_pct": 0.030039630745054131, "zero_pv_eligible_cell": false, "color_bin": ">0 to 0.25", "imagery_date": "15 May 2025" }, "geometry": { "type": "Polygon", "coordinates": [ [ [ -8020000.0, 4938999.999456216581166 ], [ -8020000.0, 4939999.99945674277842 ], [ -8021000.0, 4939999.99945674277842 ], [ -8021000.0, 4938999.999456216581166 ], [ -8020000.0, 4938999.999456216581166 ] ] ] } },
{ "type": "Feature", "properties": { "city_key": "detroit", "City": "Detroit", "grid_id": "detroit_-8021_4940", "building_count": 687, "pv_positive_buildings": 8, "footprint_area_m2": 87857.99990836707, "pv_positive_footprint_m2": 1067.3452637480011, "pv_area_m2": 138.4466330614809, "prevalence": 0.011644832605531296, "roof_size_selection": 1.0432547362784959, "conditional_intensity": 0.12971119820715105, "pv_utilization": 0.0015757999636444725, "eligible_50_buildings": true, "pv_utilization_pct": 0.15757999636444725, "zero_pv_eligible_cell": false, "color_bin": ">0 to 0.25", "imagery_date": "15 May 2025" }, "geometry": { "type": "Polygon", "coordinates": [ [ [ -8020000.0, 4939999.99945674277842 ], [ -8020000.0, 4940999.99945726711303 ], [ -8021000.0, 4940999.99945726711303 ], [ -8021000.0, 4939999.99945674277842 ], [ -8020000.0, 4939999.99945674277842 ] ] ] } },
{ "type": "Feature", "properties": { "city_key": "detroit", "City": "Detroit", "grid_id": "detroit_-8021_4941", "building_count": 131, "pv_positive_buildings": 0, "footprint_area_m2": 37304.499180092062, "pv_positive_footprint_m2": 0.0, "pv_area_m2": 0.0, "prevalence": 0.0, "roof_size_selection": null, "conditional_intensity": null, "pv_utilization": 0.0, "eligible_50_buildings": true, "pv_utilization_pct": 0.0, "zero_pv_eligible_cell": true, "color_bin": "zero", "imagery_date": "15 May 2025" }, "geometry": { "type": "Polygon", "coordinates": [ [ [ -8020000.0, 4940999.99945726711303 ], [ -8020000.0, 4941999.999457794241607 ], [ -8021000.0, 4941999.999457794241607 ], [ -8021000.0, 4940999.99945726711303 ], [ -8020000.0, 4940999.99945726711303 ] ] ] } },
{ "type": "Feature", "properties": { "city_key": "detroit", "City": "Detroit", "grid_id": "detroit_-8021_4942", "building_count": 221, "pv_positive_buildings": 0, "footprint_area_m2": 54609.621958081414, "pv_positive_footprint_m2": 0.0, "pv_area_m2": 0.0, "prevalence": 0.0, "roof_size_selection": null, "conditional_intensity": null, "pv_utilization": 0.0, "eligible_50_buildings": true, "pv_utilization_pct": 0.0, "zero_pv_eligible_cell": true, "color_bin": "zero", "imagery_date": "15 May 2025" }, "geometry": { "type": "Polygon", "coordinates": [ [ [ -8020000.0, 4941999.999457794241607 ], [ -8020000.0, 4942999.999458317644894 ], [ -8021000.0, 4942999.999458317644894 ], [ -8021000.0, 4941999.999457794241607 ], [ -8020000.0, 4941999.999457794241607 ] ] ] } },
{ "type": "Feature", "properties": { "city_key": "detroit", "City": "Detroit", "grid_id": "detroit_-8021_4943", "building_count": 103, "pv_positive_buildings": 0, "footprint_area_m2": 14644.369177548113, "pv_positive_footprint_m2": 0.0, "pv_area_m2": 0.0, "prevalence": 0.0, "roof_size_selection": null, "conditional_intensity": null, "pv_utilization": 0.0, "eligible_50_buildings": true, "pv_utilization_pct": 0.0, "zero_pv_eligible_cell": true, "color_bin": "zero", "imagery_date": "15 May 2025" }, "geometry": { "type": "Polygon", "coordinates": [ [ [ -8020000.0, 4942999.999458317644894 ], [ -8020000.0, 4943999.999458842910826 ], [ -8021000.0, 4943999.999458842910826 ], [ -8021000.0, 4942999.999458317644894 ], [ -8020000.0, 4942999.999458317644894 ] ] ] } },
{ "type": "Feature", "properties": { "city_key": "detroit", "City": "Detroit", "grid_id": "detroit_-8020_4928", "building_count": 248, "pv_positive_buildings": 0, "footprint_area_m2": 41414.500462370634, "pv_positive_footprint_m2": 0.0, "pv_area_m2": 0.0, "prevalence": 0.0, "roof_size_selection": null, "conditional_intensity": null, "pv_utilization": 0.0, "eligible_50_buildings": true, "pv_utilization_pct": 0.0, "zero_pv_eligible_cell": true, "color_bin": "zero", "imagery_date": "15 May 2025" }, "geometry": { "type": "Polygon", "coordinates": [ [ [ -8018999.999999999068677, 4927999.999450425617397 ], [ -8018999.999999999068677, 4928999.999450953677297 ], [ -8020000.0, 4928999.999450953677297 ], [ -8020000.0, 4927999.999450425617397 ], [ -8018999.999999999068677, 4927999.999450425617397 ] ] ] } },
{ "type": "Feature", "properties": { "city_key": "detroit", "City": "Detroit", "grid_id": "detroit_-8020_4929", "building_count": 640, "pv_positive_buildings": 1, "footprint_area_m2": 111309.83542903922, "pv_positive_footprint_m2": 98.403981017167084, "pv_area_m2": 8.9662795984318322, "prevalence": 0.0015625, "roof_size_selection": 0.56579499563752556, "conditional_intensity": 0.091117041259414278, "pv_utilization": 8.0552446815428959e-05, "eligible_50_buildings": true, "pv_utilization_pct": 0.0080552446815428964, "zero_pv_eligible_cell": false, "color_bin": ">0 to 0.25", "imagery_date": "15 May 2025" }, "geometry": { "type": "Polygon", "coordinates": [ [ [ -8018999.999999999068677, 4928999.999450953677297 ], [ -8018999.999999999068677, 4929999.999451482668519 ], [ -8020000.0, 4929999.999451482668519 ], [ -8020000.0, 4928999.999450953677297 ], [ -8018999.999999999068677, 4928999.999450953677297 ] ] ] } },
{ "type": "Feature", "properties": { "city_key": "detroit", "City": "Detroit", "grid_id": "detroit_-8020_4930", "building_count": 959, "pv_positive_buildings": 3, "footprint_area_m2": 154822.76883861233, "pv_positive_footprint_m2": 5399.9905120627991, "pv_area_m2": 35.325625803903343, "prevalence": 0.0031282586027111575, "roof_size_selection": 11.149503267327132, "conditional_intensity": 0.0065417940503767541, "pv_utilization": 0.00022816815684731015, "eligible_50_buildings": true, "pv_utilization_pct": 0.022816815684731016, "zero_pv_eligible_cell": false, "color_bin": ">0 to 0.25", "imagery_date": "15 May 2025" }, "geometry": { "type": "Polygon", "coordinates": [ [ [ -8018999.999999999068677, 4929999.999451482668519 ], [ -8018999.999999999068677, 4930999.999452007003129 ], [ -8020000.0, 4930999.999452007003129 ], [ -8020000.0, 4929999.999451482668519 ], [ -8018999.999999999068677, 4929999.999451482668519 ] ] ] } },
{ "type": "Feature", "properties": { "city_key": "detroit", "City": "Detroit", "grid_id": "detroit_-8020_4931", "building_count": 567, "pv_positive_buildings": 1, "footprint_area_m2": 83428.705535965011, "pv_positive_footprint_m2": 2761.7086450174775, "pv_area_m2": 94.054001744933913, "prevalence": 0.0017636684303350969, "roof_size_selection": 18.769184918611447, "conditional_intensity": 0.0340564533896872, "pv_utilization": 0.001127357797783264, "eligible_50_buildings": true, "pv_utilization_pct": 0.1127357797783264, "zero_pv_eligible_cell": false, "color_bin": ">0 to 0.25", "imagery_date": "15 May 2025" }, "geometry": { "type": "Polygon", "coordinates": [ [ [ -8018999.999999999068677, 4930999.999452007003129 ], [ -8018999.999999999068677, 4931999.999452533200383 ], [ -8020000.0, 4931999.999452533200383 ], [ -8020000.0, 4930999.999452007003129 ], [ -8018999.999999999068677, 4930999.999452007003129 ] ] ] } },
{ "type": "Feature", "properties": { "city_key": "detroit", "City": "Detroit", "grid_id": "detroit_-8020_4932", "building_count": 674, "pv_positive_buildings": 4, "footprint_area_m2": 139583.96564902063, "pv_positive_footprint_m2": 7941.8883578748992, "pv_area_m2": 87.784077934297514, "prevalence": 0.0059347181008902079, "roof_size_selection": 9.5871197102022574, "conditional_intensity": 0.011053300421587251, "pv_utilization": 0.00062889800792039212, "eligible_50_buildings": true, "pv_utilization_pct": 0.062889800792039208, "zero_pv_eligible_cell": false, "color_bin": ">0 to 0.25", "imagery_date": "15 May 2025" }, "geometry": { "type": "Polygon", "coordinates": [ [ [ -8018999.999999999068677, 4931999.999452533200383 ], [ -8018999.999999999068677, 4932999.999453063122928 ], [ -8020000.0, 4932999.999453063122928 ], [ -8020000.0, 4931999.999452533200383 ], [ -8018999.999999999068677, 4931999.999452533200383 ] ] ] } },
{ "type": "Feature", "properties": { "city_key": "detroit", "City": "Detroit", "grid_id": "detroit_-8020_4933", "building_count": 554, "pv_positive_buildings": 7, "footprint_area_m2": 72222.200775118967, "pv_positive_footprint_m2": 913.1472995078168, "pv_area_m2": 94.903874218801803, "prevalence": 0.01263537906137184, "roof_size_selection": 1.0006491840418981, "conditional_intensity": 0.10393052059613456, "pv_utilization": 0.0013140540332509062, "eligible_50_buildings": true, "pv_utilization_pct": 0.13140540332509063, "zero_pv_eligible_cell": false, "color_bin": ">0 to 0.25", "imagery_date": "15 May 2025" }, "geometry": { "type": "Polygon", "coordinates": [ [ [ -8018999.999999999068677, 4932999.999453063122928 ], [ -8018999.999999999068677, 4933999.999453587457538 ], [ -8020000.0, 4933999.999453587457538 ], [ -8020000.0, 4932999.999453063122928 ], [ -8018999.999999999068677, 4932999.999453063122928 ] ] ] } },
{ "type": "Feature", "properties": { "city_key": "detroit", "City": "Detroit", "grid_id": "detroit_-8020_4934", "building_count": 951, "pv_positive_buildings": 4, "footprint_area_m2": 124967.45114772193, "pv_positive_footprint_m2": 316.50265796864198, "pv_area_m2": 39.118390292771892, "prevalence": 0.004206098843322818, "roof_size_selection": 0.60214484844613358, "conditional_intensity": 0.12359577181385822, "pv_utilization": 0.00031302863212382157, "eligible_50_buildings": true, "pv_utilization_pct": 0.031302863212382161, "zero_pv_eligible_cell": false, "color_bin": ">0 to 0.25", "imagery_date": "15 May 2025" }, "geometry": { "type": "Polygon", "coordinates": [ [ [ -8018999.999999999068677, 4933999.999453587457538 ], [ -8018999.999999999068677, 4934999.99945411644876 ], [ -8020000.0, 4934999.99945411644876 ], [ -8020000.0, 4933999.999453587457538 ], [ -8018999.999999999068677, 4933999.999453587457538 ] ] ] } },
{ "type": "Feature", "properties": { "city_key": "detroit", "City": "Detroit", "grid_id": "detroit_-8020_4935", "building_count": 1605, "pv_positive_buildings": 5, "footprint_area_m2": 192662.56430430312, "pv_positive_footprint_m2": 2443.4288736056756, "pv_area_m2": 34.778698361607965, "prevalence": 0.0031152647975077881, "roof_size_selection": 4.0710590106575442, "conditional_intensity": 0.014233562817110513, "pv_utilization": 0.00018051611887961975, "eligible_50_buildings": true, "pv_utilization_pct": 0.018051611887961973, "zero_pv_eligible_cell": false, "color_bin": ">0 to 0.25", "imagery_date": "15 May 2025" }, "geometry": { "type": "Polygon", "coordinates": [ [ [ -8018999.999999999068677, 4934999.99945411644876 ], [ -8018999.999999999068677, 4935999.999454646371305 ], [ -8020000.0, 4935999.999454646371305 ], [ -8020000.0, 4934999.99945411644876 ], [ -8018999.999999999068677, 4934999.99945411644876 ] ] ] } },
{ "type": "Feature", "properties": { "city_key": "detroit", "City": "Detroit", "grid_id": "detroit_-8020_4936", "building_count": 1114, "pv_positive_buildings": 2, "footprint_area_m2": 155160.58452115054, "pv_positive_footprint_m2": 215.85884041228127, "pv_area_m2": 17.599883305870243, "prevalence": 0.0017953321364452424, "roof_size_selection": 0.77489637255943167, "conditional_intensity": 0.081534225201317714, "pv_utilization": 0.00011343011732126554, "eligible_50_buildings": true, "pv_utilization_pct": 0.011343011732126554, "zero_pv_eligible_cell": false, "color_bin": ">0 to 0.25", "imagery_date": "15 May 2025" }, "geometry": { "type": "Polygon", "coordinates": [ [ [ -8018999.999999999068677, 4935999.999454646371305 ], [ -8018999.999999999068677, 4936999.999455165117979 ], [ -8020000.0, 4936999.999455165117979 ], [ -8020000.0, 4935999.999454646371305 ], [ -8018999.999999999068677, 4935999.999454646371305 ] ] ] } },
{ "type": "Feature", "properties": { "city_key": "detroit", "City": "Detroit", "grid_id": "detroit_-8020_4937", "building_count": 1045, "pv_positive_buildings": 5, "footprint_area_m2": 147700.02854144116, "pv_positive_footprint_m2": 10447.585594787899, "pv_area_m2": 70.77336227453138, "prevalence": 0.0047846889952153108, "roof_size_selection": 14.78364906813826, "conditional_intensity": 0.0067741356730150991, "pv_utilization": 0.00047916959105173115, "eligible_50_buildings": true, "pv_utilization_pct": 0.047916959105173115, "zero_pv_eligible_cell": false, "color_bin": ">0 to 0.25", "imagery_date": "15 May 2025" }, "geometry": { "type": "Polygon", "coordinates": [ [ [ -8018999.999999999068677, 4936999.999455165117979 ], [ -8018999.999999999068677, 4937999.999455693177879 ], [ -8020000.0, 4937999.999455693177879 ], [ -8020000.0, 4936999.999455165117979 ], [ -8018999.999999999068677, 4936999.999455165117979 ] ] ] } },
{ "type": "Feature", "properties": { "city_key": "detroit", "City": "Detroit", "grid_id": "detroit_-8020_4938", "building_count": 860, "pv_positive_buildings": 1, "footprint_area_m2": 127012.97554589699, "pv_positive_footprint_m2": 127.02709793493341, "pv_area_m2": 4.5186311556412528, "prevalence": 0.0011627906976744186, "roof_size_selection": 0.86009562215607593, "conditional_intensity": 0.035572182857832535, "pv_utilization": 3.5576138077392062e-05, "eligible_50_buildings": true, "pv_utilization_pct": 0.0035576138077392061, "zero_pv_eligible_cell": false, "color_bin": ">0 to 0.25", "imagery_date": "15 May 2025" }, "geometry": { "type": "Polygon", "coordinates": [ [ [ -8018999.999999999068677, 4937999.999455693177879 ], [ -8018999.999999999068677, 4938999.999456216581166 ], [ -8020000.0, 4938999.999456216581166 ], [ -8020000.0, 4937999.999455693177879 ], [ -8018999.999999999068677, 4937999.999455693177879 ] ] ] } },
{ "type": "Feature", "properties": { "city_key": "detroit", "City": "Detroit", "grid_id": "detroit_-8020_4939", "building_count": 265, "pv_positive_buildings": 1, "footprint_area_m2": 98250.02567758743, "pv_positive_footprint_m2": 126.39986763889152, "pv_area_m2": 8.0148736568715471, "prevalence": 0.0037735849056603774, "roof_size_selection": 0.34092576254610868, "conditional_intensity": 0.06340887697579739, "pv_utilization": 8.1576300887419329e-05, "eligible_50_buildings": true, "pv_utilization_pct": 0.008157630088741933, "zero_pv_eligible_cell": false, "color_bin": ">0 to 0.25", "imagery_date": "15 May 2025" }, "geometry": { "type": "Polygon", "coordinates": [ [ [ -8018999.999999999068677, 4938999.999456216581166 ], [ -8018999.999999999068677, 4939999.99945674277842 ], [ -8020000.0, 4939999.99945674277842 ], [ -8020000.0, 4938999.999456216581166 ], [ -8018999.999999999068677, 4938999.999456216581166 ] ] ] } },
{ "type": "Feature", "properties": { "city_key": "detroit", "City": "Detroit", "grid_id": "detroit_-8020_4940", "building_count": 142, "pv_positive_buildings": 0, "footprint_area_m2": 69052.561661412226, "pv_positive_footprint_m2": 0.0, "pv_area_m2": 0.0, "prevalence": 0.0, "roof_size_selection": null, "conditional_intensity": null, "pv_utilization": 0.0, "eligible_50_buildings": true, "pv_utilization_pct": 0.0, "zero_pv_eligible_cell": true, "color_bin": "zero", "imagery_date": "15 May 2025" }, "geometry": { "type": "Polygon", "coordinates": [ [ [ -8018999.999999999068677, 4939999.99945674277842 ], [ -8018999.999999999068677, 4940999.99945726711303 ], [ -8020000.0, 4940999.99945726711303 ], [ -8020000.0, 4939999.99945674277842 ], [ -8018999.999999999068677, 4939999.99945674277842 ] ] ] } },
{ "type": "Feature", "properties": { "city_key": "detroit", "City": "Detroit", "grid_id": "detroit_-8020_4941", "building_count": 213, "pv_positive_buildings": 0, "footprint_area_m2": 52101.503590588487, "pv_positive_footprint_m2": 0.0, "pv_area_m2": 0.0, "prevalence": 0.0, "roof_size_selection": null, "conditional_intensity": null, "pv_utilization": 0.0, "eligible_50_buildings": true, "pv_utilization_pct": 0.0, "zero_pv_eligible_cell": true, "color_bin": "zero", "imagery_date": "15 May 2025" }, "geometry": { "type": "Polygon", "coordinates": [ [ [ -8018999.999999999068677, 4940999.99945726711303 ], [ -8018999.999999999068677, 4941999.999457794241607 ], [ -8020000.0, 4941999.999457794241607 ], [ -8020000.0, 4940999.99945726711303 ], [ -8018999.999999999068677, 4940999.99945726711303 ] ] ] } },
{ "type": "Feature", "properties": { "city_key": "detroit", "City": "Detroit", "grid_id": "detroit_-8020_4942", "building_count": 239, "pv_positive_buildings": 0, "footprint_area_m2": 178445.60814583127, "pv_positive_footprint_m2": 0.0, "pv_area_m2": 0.0, "prevalence": 0.0, "roof_size_selection": null, "conditional_intensity": null, "pv_utilization": 0.0, "eligible_50_buildings": true, "pv_utilization_pct": 0.0, "zero_pv_eligible_cell": true, "color_bin": "zero", "imagery_date": "15 May 2025" }, "geometry": { "type": "Polygon", "coordinates": [ [ [ -8018999.999999999068677, 4941999.999457794241607 ], [ -8018999.999999999068677, 4942999.999458317644894 ], [ -8020000.0, 4942999.999458317644894 ], [ -8020000.0, 4941999.999457794241607 ], [ -8018999.999999999068677, 4941999.999457794241607 ] ] ] } },
{ "type": "Feature", "properties": { "city_key": "detroit", "City": "Detroit", "grid_id": "detroit_-8019_4928", "building_count": 66, "pv_positive_buildings": 0, "footprint_area_m2": 36012.609116289997, "pv_positive_footprint_m2": 0.0, "pv_area_m2": 0.0, "prevalence": 0.0, "roof_size_selection": null, "conditional_intensity": null, "pv_utilization": 0.0, "eligible_50_buildings": true, "pv_utilization_pct": 0.0, "zero_pv_eligible_cell": true, "color_bin": "zero", "imagery_date": "15 May 2025" }, "geometry": { "type": "Polygon", "coordinates": [ [ [ -8017999.999999999068677, 4927999.999450425617397 ], [ -8017999.999999999068677, 4928999.999450953677297 ], [ -8018999.999999999068677, 4928999.999450953677297 ], [ -8018999.999999999068677, 4927999.999450425617397 ], [ -8017999.999999999068677, 4927999.999450425617397 ] ] ] } },
{ "type": "Feature", "properties": { "city_key": "detroit", "City": "Detroit", "grid_id": "detroit_-8019_4929", "building_count": 90, "pv_positive_buildings": 1, "footprint_area_m2": 124202.60636772211, "pv_positive_footprint_m2": 12514.804678936909, "pv_area_m2": 47.272178821768179, "prevalence": 0.011111111111111112, "roof_size_selection": 9.0685087378088554, "conditional_intensity": 0.0037773005679688958, "pv_utilization": 0.00038060536895506984, "eligible_50_buildings": true, "pv_utilization_pct": 0.038060536895506987, "zero_pv_eligible_cell": false, "color_bin": ">0 to 0.25", "imagery_date": "15 May 2025" }, "geometry": { "type": "Polygon", "coordinates": [ [ [ -8017999.999999999068677, 4928999.999450953677297 ], [ -8017999.999999999068677, 4929999.999451482668519 ], [ -8018999.999999999068677, 4929999.999451482668519 ], [ -8018999.999999999068677, 4928999.999450953677297 ], [ -8017999.999999999068677, 4928999.999450953677297 ] ] ] } },
{ "type": "Feature", "properties": { "city_key": "detroit", "City": "Detroit", "grid_id": "detroit_-8019_4930", "building_count": 1334, "pv_positive_buildings": 4, "footprint_area_m2": 157601.46839275616, "pv_positive_footprint_m2": 1326.1154227790494, "pv_area_m2": 452.91123488934699, "prevalence": 0.0029985007496251873, "roof_size_selection": 2.8061889143993568, "conditional_intensity": 0.34153228829826282, "pv_utilization": 0.0028737754762579622, "eligible_50_buildings": true, "pv_utilization_pct": 0.2873775476257962, "zero_pv_eligible_cell": false, "color_bin": ">0.25 to 1", "imagery_date": "15 May 2025" }, "geometry": { "type": "Polygon", "coordinates": [ [ [ -8017999.999999999068677, 4929999.999451482668519 ], [ -8017999.999999999068677, 4930999.999452007003129 ], [ -8018999.999999999068677, 4930999.999452007003129 ], [ -8018999.999999999068677, 4929999.999451482668519 ], [ -8017999.999999999068677, 4929999.999451482668519 ] ] ] } },
{ "type": "Feature", "properties": { "city_key": "detroit", "City": "Detroit", "grid_id": "detroit_-8019_4931", "building_count": 869, "pv_positive_buildings": 2, "footprint_area_m2": 154912.41310799707, "pv_positive_footprint_m2": 203.4096493521192, "pv_area_m2": 15.586161699049732, "prevalence": 0.0023014959723820483, "roof_size_selection": 0.57052556906385998, "conditional_intensity": 0.076624495193287401, "pv_utilization": 0.00010061273584437583, "eligible_50_buildings": true, "pv_utilization_pct": 0.010061273584437584, "zero_pv_eligible_cell": false, "color_bin": ">0 to 0.25", "imagery_date": "15 May 2025" }, "geometry": { "type": "Polygon", "coordinates": [ [ [ -8017999.999999999068677, 4930999.999452007003129 ], [ -8017999.999999999068677, 4931999.999452533200383 ], [ -8018999.999999999068677, 4931999.999452533200383 ], [ -8018999.999999999068677, 4930999.999452007003129 ], [ -8017999.999999999068677, 4930999.999452007003129 ] ] ] } },
{ "type": "Feature", "properties": { "city_key": "detroit", "City": "Detroit", "grid_id": "detroit_-8019_4932", "building_count": 481, "pv_positive_buildings": 1, "footprint_area_m2": 117562.37523859963, "pv_positive_footprint_m2": 162.11535894900649, "pv_area_m2": 18.451243811590221, "prevalence": 0.0020790020790020791, "roof_size_selection": 0.6632860853331034, "conditional_intensity": 0.11381551958561849, "pv_utilization": 0.00015694854560519345, "eligible_50_buildings": true, "pv_utilization_pct": 0.015694854560519344, "zero_pv_eligible_cell": false, "color_bin": ">0 to 0.25", "imagery_date": "15 May 2025" }, "geometry": { "type": "Polygon", "coordinates": [ [ [ -8017999.999999999068677, 4931999.999452533200383 ], [ -8017999.999999999068677, 4932999.999453063122928 ], [ -8018999.999999999068677, 4932999.999453063122928 ], [ -8018999.999999999068677, 4931999.999452533200383 ], [ -8017999.999999999068677, 4931999.999452533200383 ] ] ] } },
{ "type": "Feature", "properties": { "city_key": "detroit", "City": "Detroit", "grid_id": "detroit_-8019_4933", "building_count": 415, "pv_positive_buildings": 4, "footprint_area_m2": 69331.259603151906, "pv_positive_footprint_m2": 1071.865692211999, "pv_area_m2": 104.74254994767225, "prevalence": 0.0096385542168674707, "roof_size_selection": 1.6039816123856965, "conditional_intensity": 0.097719845600726385, "pv_utilization": 0.0015107550410480425, "eligible_50_buildings": true, "pv_utilization_pct": 0.15107550410480425, "zero_pv_eligible_cell": false, "color_bin": ">0 to 0.25", "imagery_date": "15 May 2025" }, "geometry": { "type": "Polygon", "coordinates": [ [ [ -8017999.999999999068677, 4932999.999453063122928 ], [ -8017999.999999999068677, 4933999.999453587457538 ], [ -8018999.999999999068677, 4933999.999453587457538 ], [ -8018999.999999999068677, 4932999.999453063122928 ], [ -8017999.999999999068677, 4932999.999453063122928 ] ] ] } },
{ "type": "Feature", "properties": { "city_key": "detroit", "City": "Detroit", "grid_id": "detroit_-8019_4934", "building_count": 407, "pv_positive_buildings": 0, "footprint_area_m2": 91153.777039350185, "pv_positive_footprint_m2": 0.0, "pv_area_m2": 0.0, "prevalence": 0.0, "roof_size_selection": null, "conditional_intensity": null, "pv_utilization": 0.0, "eligible_50_buildings": true, "pv_utilization_pct": 0.0, "zero_pv_eligible_cell": true, "color_bin": "zero", "imagery_date": "15 May 2025" }, "geometry": { "type": "Polygon", "coordinates": [ [ [ -8017999.999999999068677, 4933999.999453587457538 ], [ -8017999.999999999068677, 4934999.99945411644876 ], [ -8018999.999999999068677, 4934999.99945411644876 ], [ -8018999.999999999068677, 4933999.999453587457538 ], [ -8017999.999999999068677, 4933999.999453587457538 ] ] ] } },
{ "type": "Feature", "properties": { "city_key": "detroit", "City": "Detroit", "grid_id": "detroit_-8019_4935", "building_count": 1077, "pv_positive_buildings": 4, "footprint_area_m2": 132166.02395678023, "pv_positive_footprint_m2": 815.11671313882778, "pv_area_m2": 112.55631245499367, "prevalence": 0.0037140204271123491, "roof_size_selection": 1.6605642542776242, "conditional_intensity": 0.13808613004825418, "pv_utilization": 0.00085162819524479938, "eligible_50_buildings": true, "pv_utilization_pct": 0.085162819524479932, "zero_pv_eligible_cell": false, "color_bin": ">0 to 0.25", "imagery_date": "15 May 2025" }, "geometry": { "type": "Polygon", "coordinates": [ [ [ -8017999.999999999068677, 4934999.99945411644876 ], [ -8017999.999999999068677, 4935999.999454646371305 ], [ -8018999.999999999068677, 4935999.999454646371305 ], [ -8018999.999999999068677, 4934999.99945411644876 ], [ -8017999.999999999068677, 4934999.99945411644876 ] ] ] } },
{ "type": "Feature", "properties": { "city_key": "detroit", "City": "Detroit", "grid_id": "detroit_-8019_4936", "building_count": 1580, "pv_positive_buildings": 12, "footprint_area_m2": 182916.00535341166, "pv_positive_footprint_m2": 1819.8640256969845, "pv_area_m2": 133.07404783112446, "prevalence": 0.0075949367088607592, "roof_size_selection": 1.3099751964686877, "conditional_intensity": 0.073123071807608714, "pv_utilization": 0.00072751450904480638, "eligible_50_buildings": true, "pv_utilization_pct": 0.072751450904480638, "zero_pv_eligible_cell": false, "color_bin": ">0 to 0.25", "imagery_date": "15 May 2025" }, "geometry": { "type": "Polygon", "coordinates": [ [ [ -8017999.999999999068677, 4935999.999454646371305 ], [ -8017999.999999999068677, 4936999.999455165117979 ], [ -8018999.999999999068677, 4936999.999455165117979 ], [ -8018999.999999999068677, 4935999.999454646371305 ], [ -8017999.999999999068677, 4935999.999454646371305 ] ] ] } },
{ "type": "Feature", "properties": { "city_key": "detroit", "City": "Detroit", "grid_id": "detroit_-8019_4937", "building_count": 747, "pv_positive_buildings": 8, "footprint_area_m2": 121225.56773800518, "pv_positive_footprint_m2": 2605.2200892189203, "pv_area_m2": 71.501315096916656, "prevalence": 0.010709504685408299, "roof_size_selection": 2.0066924030131972, "conditional_intensity": 0.027445402940353383, "pv_utilization": 0.00058982041850648664, "eligible_50_buildings": true, "pv_utilization_pct": 0.058982041850648662, "zero_pv_eligible_cell": false, "color_bin": ">0 to 0.25", "imagery_date": "15 May 2025" }, "geometry": { "type": "Polygon", "coordinates": [ [ [ -8017999.999999999068677, 4936999.999455165117979 ], [ -8017999.999999999068677, 4937999.999455693177879 ], [ -8018999.999999999068677, 4937999.999455693177879 ], [ -8018999.999999999068677, 4936999.999455165117979 ], [ -8017999.999999999068677, 4936999.999455165117979 ] ] ] } },
{ "type": "Feature", "properties": { "city_key": "detroit", "City": "Detroit", "grid_id": "detroit_-8019_4938", "building_count": 90, "pv_positive_buildings": 1, "footprint_area_m2": 13382.969607388835, "pv_positive_footprint_m2": 1052.5420289495382, "pv_area_m2": 76.584539668032392, "prevalence": 0.011111111111111112, "roof_size_selection": 7.0783081322368089, "conditional_intensity": 0.072761502687418156, "pv_utilization": 0.005722537068734693, "eligible_50_buildings": true, "pv_utilization_pct": 0.57225370687346933, "zero_pv_eligible_cell": false, "color_bin": ">0.25 to 1", "imagery_date": "15 May 2025" }, "geometry": { "type": "Polygon", "coordinates": [ [ [ -8017999.999999999068677, 4937999.999455693177879 ], [ -8017999.999999999068677, 4938999.999456216581166 ], [ -8018999.999999999068677, 4938999.999456216581166 ], [ -8018999.999999999068677, 4937999.999455693177879 ], [ -8017999.999999999068677, 4937999.999455693177879 ] ] ] } },
{ "type": "Feature", "properties": { "city_key": "detroit", "City": "Detroit", "grid_id": "detroit_-8019_4940", "building_count": 395, "pv_positive_buildings": 0, "footprint_area_m2": 67739.44372056151, "pv_positive_footprint_m2": 0.0, "pv_area_m2": 0.0, "prevalence": 0.0, "roof_size_selection": null, "conditional_intensity": null, "pv_utilization": 0.0, "eligible_50_buildings": true, "pv_utilization_pct": 0.0, "zero_pv_eligible_cell": true, "color_bin": "zero", "imagery_date": "15 May 2025" }, "geometry": { "type": "Polygon", "coordinates": [ [ [ -8017999.999999999068677, 4939999.99945674277842 ], [ -8017999.999999999068677, 4940999.99945726711303 ], [ -8018999.999999999068677, 4940999.99945726711303 ], [ -8018999.999999999068677, 4939999.99945674277842 ], [ -8017999.999999999068677, 4939999.99945674277842 ] ] ] } },
{ "type": "Feature", "properties": { "city_key": "detroit", "City": "Detroit", "grid_id": "detroit_-8019_4941", "building_count": 853, "pv_positive_buildings": 0, "footprint_area_m2": 131926.968023066, "pv_positive_footprint_m2": 0.0, "pv_area_m2": 0.0, "prevalence": 0.0, "roof_size_selection": null, "conditional_intensity": null, "pv_utilization": 0.0, "eligible_50_buildings": true, "pv_utilization_pct": 0.0, "zero_pv_eligible_cell": true, "color_bin": "zero", "imagery_date": "15 May 2025" }, "geometry": { "type": "Polygon", "coordinates": [ [ [ -8017999.999999999068677, 4940999.99945726711303 ], [ -8017999.999999999068677, 4941999.999457794241607 ], [ -8018999.999999999068677, 4941999.999457794241607 ], [ -8018999.999999999068677, 4940999.99945726711303 ], [ -8017999.999999999068677, 4940999.99945726711303 ] ] ] } },
{ "type": "Feature", "properties": { "city_key": "detroit", "City": "Detroit", "grid_id": "detroit_-8019_4942", "building_count": 650, "pv_positive_buildings": 0, "footprint_area_m2": 101709.69968283542, "pv_positive_footprint_m2": 0.0, "pv_area_m2": 0.0, "prevalence": 0.0, "roof_size_selection": null, "conditional_intensity": null, "pv_utilization": 0.0, "eligible_50_buildings": true, "pv_utilization_pct": 0.0, "zero_pv_eligible_cell": true, "color_bin": "zero", "imagery_date": "15 May 2025" }, "geometry": { "type": "Polygon", "coordinates": [ [ [ -8017999.999999999068677, 4941999.999457794241607 ], [ -8017999.999999999068677, 4942999.999458317644894 ], [ -8018999.999999999068677, 4942999.999458317644894 ], [ -8018999.999999999068677, 4941999.999457794241607 ], [ -8017999.999999999068677, 4941999.999457794241607 ] ] ] } },
{ "type": "Feature", "properties": { "city_key": "detroit", "City": "Detroit", "grid_id": "detroit_-8019_4943", "building_count": 208, "pv_positive_buildings": 0, "footprint_area_m2": 24444.034757388625, "pv_positive_footprint_m2": 0.0, "pv_area_m2": 0.0, "prevalence": 0.0, "roof_size_selection": null, "conditional_intensity": null, "pv_utilization": 0.0, "eligible_50_buildings": true, "pv_utilization_pct": 0.0, "zero_pv_eligible_cell": true, "color_bin": "zero", "imagery_date": "15 May 2025" }, "geometry": { "type": "Polygon", "coordinates": [ [ [ -8017999.999999999068677, 4942999.999458317644894 ], [ -8017999.999999999068677, 4943999.999458842910826 ], [ -8018999.999999999068677, 4943999.999458842910826 ], [ -8018999.999999999068677, 4942999.999458317644894 ], [ -8017999.999999999068677, 4942999.999458317644894 ] ] ] } },
{ "type": "Feature", "properties": { "city_key": "detroit", "City": "Detroit", "grid_id": "detroit_-8018_4929", "building_count": 137, "pv_positive_buildings": 1, "footprint_area_m2": 76741.230699573047, "pv_positive_footprint_m2": 661.12759308972761, "pv_area_m2": 36.789712760583427, "prevalence": 0.0072992700729927005, "roof_size_selection": 1.1802583751604676, "conditional_intensity": 0.055646917698064319, "pv_utilization": 0.00047939956689785156, "eligible_50_buildings": true, "pv_utilization_pct": 0.047939956689785158, "zero_pv_eligible_cell": false, "color_bin": ">0 to 0.25", "imagery_date": "15 May 2025" }, "geometry": { "type": "Polygon", "coordinates": [ [ [ -8016999.999999999068677, 4928999.999450953677297 ], [ -8016999.999999999068677, 4929999.999451482668519 ], [ -8017999.999999999068677, 4929999.999451482668519 ], [ -8017999.999999999068677, 4928999.999450953677297 ], [ -8016999.999999999068677, 4928999.999450953677297 ] ] ] } },
{ "type": "Feature", "properties": { "city_key": "detroit", "City": "Detroit", "grid_id": "detroit_-8018_4930", "building_count": 808, "pv_positive_buildings": 3, "footprint_area_m2": 127088.4353643674, "pv_positive_footprint_m2": 936.05613132830013, "pv_area_m2": 16.222155637082885, "prevalence": 0.0037128712871287127, "roof_size_selection": 1.983745549427399, "conditional_intensity": 0.017330323571582203, "pv_utilization": 0.00012764462471013467, "eligible_50_buildings": true, "pv_utilization_pct": 0.012764462471013467, "zero_pv_eligible_cell": false, "color_bin": ">0 to 0.25", "imagery_date": "15 May 2025" }, "geometry": { "type": "Polygon", "coordinates": [ [ [ -8016999.999999999068677, 4929999.999451482668519 ], [ -8016999.999999999068677, 4930999.999452007003129 ], [ -8017999.999999999068677, 4930999.999452007003129 ], [ -8017999.999999999068677, 4929999.999451482668519 ], [ -8016999.999999999068677, 4929999.999451482668519 ] ] ] } },
{ "type": "Feature", "properties": { "city_key": "detroit", "City": "Detroit", "grid_id": "detroit_-8018_4931", "building_count": 807, "pv_positive_buildings": 2, "footprint_area_m2": 138759.71143995092, "pv_positive_footprint_m2": 900.66430070508352, "pv_area_m2": 19.775244873260423, "prevalence": 0.0024783147459727386, "roof_size_selection": 2.6190458423645002, "conditional_intensity": 0.02195628810621161, "pv_utilization": 0.00014251431246178599, "eligible_50_buildings": true, "pv_utilization_pct": 0.014251431246178599, "zero_pv_eligible_cell": false, "color_bin": ">0 to 0.25", "imagery_date": "15 May 2025" }, "geometry": { "type": "Polygon", "coordinates": [ [ [ -8016999.999999999068677, 4930999.999452007003129 ], [ -8016999.999999999068677, 4931999.999452533200383 ], [ -8017999.999999999068677, 4931999.999452533200383 ], [ -8017999.999999999068677, 4930999.999452007003129 ], [ -8016999.999999999068677, 4930999.999452007003129 ] ] ] } },
{ "type": "Feature", "properties": { "city_key": "detroit", "City": "Detroit", "grid_id": "detroit_-8018_4932", "building_count": 521, "pv_positive_buildings": 1, "footprint_area_m2": 134091.77887982683, "pv_positive_footprint_m2": 1906.4727417693209, "pv_area_m2": 9.8836298703535554, "prevalence": 0.0019193857965451055, "roof_size_selection": 7.4074063806103121, "conditional_intensity": 0.0051842492440678459, "pv_utilization": 7.3707948040657091e-05, "eligible_50_buildings": true, "pv_utilization_pct": 0.0073707948040657089, "zero_pv_eligible_cell": false, "color_bin": ">0 to 0.25", "imagery_date": "15 May 2025" }, "geometry": { "type": "Polygon", "coordinates": [ [ [ -8016999.999999999068677, 4931999.999452533200383 ], [ -8016999.999999999068677, 4932999.999453063122928 ], [ -8017999.999999999068677, 4932999.999453063122928 ], [ -8017999.999999999068677, 4931999.999452533200383 ], [ -8016999.999999999068677, 4931999.999452533200383 ] ] ] } },
{ "type": "Feature", "properties": { "city_key": "detroit", "City": "Detroit", "grid_id": "detroit_-8018_4933", "building_count": 169, "pv_positive_buildings": 1, "footprint_area_m2": 59608.633704061845, "pv_positive_footprint_m2": 446.49399286344527, "pv_area_m2": 11.874065396913641, "prevalence": 0.0059171597633136093, "roof_size_selection": 1.2658818044470701, "conditional_intensity": 0.026594009296212813, "pv_utilization": 0.00019920042884835523, "eligible_50_buildings": true, "pv_utilization_pct": 0.019920042884835523, "zero_pv_eligible_cell": false, "color_bin": ">0 to 0.25", "imagery_date": "15 May 2025" }, "geometry": { "type": "Polygon", "coordinates": [ [ [ -8016999.999999999068677, 4932999.999453063122928 ], [ -8016999.999999999068677, 4933999.999453587457538 ], [ -8017999.999999999068677, 4933999.999453587457538 ], [ -8017999.999999999068677, 4932999.999453063122928 ], [ -8016999.999999999068677, 4932999.999453063122928 ] ] ] } },
{ "type": "Feature", "properties": { "city_key": "detroit", "City": "Detroit", "grid_id": "detroit_-8018_4934", "building_count": 414, "pv_positive_buildings": 3, "footprint_area_m2": 74746.484679217581, "pv_positive_footprint_m2": 308.36311802336866, "pv_area_m2": 423.5511983852445, "prevalence": 0.007246376811594203, "roof_size_selection": 0.56931252981127234, "conditional_intensity": 1.3735468790828174, "pv_utilization": 0.0056665032503262075, "eligible_50_buildings": true, "pv_utilization_pct": 0.56665032503262069, "zero_pv_eligible_cell": false, "color_bin": ">0.25 to 1", "imagery_date": "15 May 2025" }, "geometry": { "type": "Polygon", "coordinates": [ [ [ -8016999.999999999068677, 4933999.999453587457538 ], [ -8016999.999999999068677, 4934999.99945411644876 ], [ -8017999.999999999068677, 4934999.99945411644876 ], [ -8017999.999999999068677, 4933999.999453587457538 ], [ -8016999.999999999068677, 4933999.999453587457538 ] ] ] } },
{ "type": "Feature", "properties": { "city_key": "detroit", "City": "Detroit", "grid_id": "detroit_-8018_4935", "building_count": 724, "pv_positive_buildings": 6, "footprint_area_m2": 123595.87408683098, "pv_positive_footprint_m2": 2046.1806409736087, "pv_area_m2": 110.94558180670697, "prevalence": 0.0082872928176795577, "roof_size_selection": 1.9976864047313398, "conditional_intensity": 0.054220814910025304, "pv_utilization": 0.00089764794032496037, "eligible_50_buildings": true, "pv_utilization_pct": 0.089764794032496042, "zero_pv_eligible_cell": false, "color_bin": ">0 to 0.25", "imagery_date": "15 May 2025" }, "geometry": { "type": "Polygon", "coordinates": [ [ [ -8016999.999999999068677, 4934999.99945411644876 ], [ -8016999.999999999068677, 4935999.999454646371305 ], [ -8017999.999999999068677, 4935999.999454646371305 ], [ -8017999.999999999068677, 4934999.99945411644876 ], [ -8016999.999999999068677, 4934999.99945411644876 ] ] ] } },
{ "type": "Feature", "properties": { "city_key": "detroit", "City": "Detroit", "grid_id": "detroit_-8018_4936", "building_count": 1033, "pv_positive_buildings": 3, "footprint_area_m2": 154771.56844981425, "pv_positive_footprint_m2": 333.37873311051447, "pv_area_m2": 70.977658353495812, "prevalence": 0.0029041626331074541, "roof_size_selection": 0.74169572347268486, "conditional_intensity": 0.21290397768104435, "pv_utilization": 0.00045859623356153304, "eligible_50_buildings": true, "pv_utilization_pct": 0.045859623356153303, "zero_pv_eligible_cell": false, "color_bin": ">0 to 0.25", "imagery_date": "15 May 2025" }, "geometry": { "type": "Polygon", "coordinates": [ [ [ -8016999.999999999068677, 4935999.999454646371305 ], [ -8016999.999999999068677, 4936999.999455165117979 ], [ -8017999.999999999068677, 4936999.999455165117979 ], [ -8017999.999999999068677, 4935999.999454646371305 ], [ -8016999.999999999068677, 4935999.999454646371305 ] ] ] } },
{ "type": "Feature", "properties": { "city_key": "detroit", "City": "Detroit", "grid_id": "detroit_-8018_4937", "building_count": 861, "pv_positive_buildings": 9, "footprint_area_m2": 110633.72920661274, "pv_positive_footprint_m2": 1979.3529562329413, "pv_area_m2": 106.84776332128914, "prevalence": 0.010452961672473868, "roof_size_selection": 1.7115765764885726, "conditional_intensity": 0.053981157319530987, "pv_utilization": 0.00096577927985910003, "eligible_50_buildings": true, "pv_utilization_pct": 0.09657792798591, "zero_pv_eligible_cell": false, "color_bin": ">0 to 0.25", "imagery_date": "15 May 2025" }, "geometry": { "type": "Polygon", "coordinates": [ [ [ -8016999.999999999068677, 4936999.999455165117979 ], [ -8016999.999999999068677, 4937999.999455693177879 ], [ -8017999.999999999068677, 4937999.999455693177879 ], [ -8017999.999999999068677, 4936999.999455165117979 ], [ -8016999.999999999068677, 4936999.999455165117979 ] ] ] } },
{ "type": "Feature", "properties": { "city_key": "detroit", "City": "Detroit", "grid_id": "detroit_-8018_4940", "building_count": 175, "pv_positive_buildings": 0, "footprint_area_m2": 26891.107427028546, "pv_positive_footprint_m2": 0.0, "pv_area_m2": 0.0, "prevalence": 0.0, "roof_size_selection": null, "conditional_intensity": null, "pv_utilization": 0.0, "eligible_50_buildings": true, "pv_utilization_pct": 0.0, "zero_pv_eligible_cell": true, "color_bin": "zero", "imagery_date": "15 May 2025" }, "geometry": { "type": "Polygon", "coordinates": [ [ [ -8016999.999999999068677, 4939999.99945674277842 ], [ -8016999.999999999068677, 4940999.99945726711303 ], [ -8017999.999999999068677, 4940999.99945726711303 ], [ -8017999.999999999068677, 4939999.99945674277842 ], [ -8016999.999999999068677, 4939999.99945674277842 ] ] ] } },
{ "type": "Feature", "properties": { "city_key": "detroit", "City": "Detroit", "grid_id": "detroit_-8018_4941", "building_count": 738, "pv_positive_buildings": 0, "footprint_area_m2": 106052.85231543538, "pv_positive_footprint_m2": 0.0, "pv_area_m2": 0.0, "prevalence": 0.0, "roof_size_selection": null, "conditional_intensity": null, "pv_utilization": 0.0, "eligible_50_buildings": true, "pv_utilization_pct": 0.0, "zero_pv_eligible_cell": true, "color_bin": "zero", "imagery_date": "15 May 2025" }, "geometry": { "type": "Polygon", "coordinates": [ [ [ -8016999.999999999068677, 4940999.99945726711303 ], [ -8016999.999999999068677, 4941999.999457794241607 ], [ -8017999.999999999068677, 4941999.999457794241607 ], [ -8017999.999999999068677, 4940999.99945726711303 ], [ -8016999.999999999068677, 4940999.99945726711303 ] ] ] } },
{ "type": "Feature", "properties": { "city_key": "detroit", "City": "Detroit", "grid_id": "detroit_-8018_4942", "building_count": 977, "pv_positive_buildings": 0, "footprint_area_m2": 105857.51840801862, "pv_positive_footprint_m2": 0.0, "pv_area_m2": 0.0, "prevalence": 0.0, "roof_size_selection": null, "conditional_intensity": null, "pv_utilization": 0.0, "eligible_50_buildings": true, "pv_utilization_pct": 0.0, "zero_pv_eligible_cell": true, "color_bin": "zero", "imagery_date": "15 May 2025" }, "geometry": { "type": "Polygon", "coordinates": [ [ [ -8016999.999999999068677, 4941999.999457794241607 ], [ -8016999.999999999068677, 4942999.999458317644894 ], [ -8017999.999999999068677, 4942999.999458317644894 ], [ -8017999.999999999068677, 4941999.999457794241607 ], [ -8016999.999999999068677, 4941999.999457794241607 ] ] ] } },
{ "type": "Feature", "properties": { "city_key": "detroit", "City": "Detroit", "grid_id": "detroit_-8018_4943", "building_count": 241, "pv_positive_buildings": 0, "footprint_area_m2": 18708.818477527937, "pv_positive_footprint_m2": 0.0, "pv_area_m2": 0.0, "prevalence": 0.0, "roof_size_selection": null, "conditional_intensity": null, "pv_utilization": 0.0, "eligible_50_buildings": true, "pv_utilization_pct": 0.0, "zero_pv_eligible_cell": true, "color_bin": "zero", "imagery_date": "15 May 2025" }, "geometry": { "type": "Polygon", "coordinates": [ [ [ -8016999.999999999068677, 4942999.999458317644894 ], [ -8016999.999999999068677, 4943999.999458842910826 ], [ -8017999.999999999068677, 4943999.999458842910826 ], [ -8017999.999999999068677, 4942999.999458317644894 ], [ -8016999.999999999068677, 4942999.999458317644894 ] ] ] } },
{ "type": "Feature", "properties": { "city_key": "detroit", "City": "Detroit", "grid_id": "detroit_-8017_4930", "building_count": 171, "pv_positive_buildings": 1, "footprint_area_m2": 126974.38462686751, "pv_positive_footprint_m2": 149.5570667572685, "pv_area_m2": 32.394699920975448, "prevalence": 0.0058479532163742687, "roof_size_selection": 0.20141273762142303, "conditional_intensity": 0.21660427436406016, "pv_utilization": 0.00025512783555653315, "eligible_50_buildings": true, "pv_utilization_pct": 0.025512783555653316, "zero_pv_eligible_cell": false, "color_bin": ">0 to 0.25", "imagery_date": "15 May 2025" }, "geometry": { "type": "Polygon", "coordinates": [ [ [ -8016000.0, 4929999.999451482668519 ], [ -8016000.0, 4930999.999452007003129 ], [ -8016999.999999999068677, 4930999.999452007003129 ], [ -8016999.999999999068677, 4929999.999451482668519 ], [ -8016000.0, 4929999.999451482668519 ] ] ] } },
{ "type": "Feature", "properties": { "city_key": "detroit", "City": "Detroit", "grid_id": "detroit_-8017_4931", "building_count": 481, "pv_positive_buildings": 4, "footprint_area_m2": 89114.923920354326, "pv_positive_footprint_m2": 2167.8260544846612, "pv_area_m2": 327.96328840352737, "prevalence": 0.0083160083160083165, "roof_size_selection": 2.9252236503591917, "conditional_intensity": 0.15128671773505892, "pv_utilization": 0.0036802285630254442, "eligible_50_buildings": true, "pv_utilization_pct": 0.36802285630254444, "zero_pv_eligible_cell": false, "color_bin": ">0.25 to 1", "imagery_date": "15 May 2025" }, "geometry": { "type": "Polygon", "coordinates": [ [ [ -8016000.0, 4930999.999452007003129 ], [ -8016000.0, 4931999.999452533200383 ], [ -8016999.999999999068677, 4931999.999452533200383 ], [ -8016999.999999999068677, 4930999.999452007003129 ], [ -8016000.0, 4930999.999452007003129 ] ] ] } },
{ "type": "Feature", "properties": { "city_key": "detroit", "City": "Detroit", "grid_id": "detroit_-8017_4932", "building_count": 227, "pv_positive_buildings": 1, "footprint_area_m2": 92775.086397299398, "pv_positive_footprint_m2": 12155.754105438267, "pv_area_m2": 14.803275875608875, "prevalence": 0.0044052863436123352, "roof_size_selection": 29.742426432435089, "conditional_intensity": 0.0012177998787410609, "pv_utilization": 0.00015956089560742017, "eligible_50_buildings": true, "pv_utilization_pct": 0.015956089560742018, "zero_pv_eligible_cell": false, "color_bin": ">0 to 0.25", "imagery_date": "15 May 2025" }, "geometry": { "type": "Polygon", "coordinates": [ [ [ -8016000.0, 4931999.999452533200383 ], [ -8016000.0, 4932999.999453063122928 ], [ -8016999.999999999068677, 4932999.999453063122928 ], [ -8016999.999999999068677, 4931999.999452533200383 ], [ -8016000.0, 4931999.999452533200383 ] ] ] } },
{ "type": "Feature", "properties": { "city_key": "detroit", "City": "Detroit", "grid_id": "detroit_-8017_4933", "building_count": 376, "pv_positive_buildings": 1, "footprint_area_m2": 115082.17594433078, "pv_positive_footprint_m2": 85.980647309376494, "pv_area_m2": 4.0881564421139913, "prevalence": 0.0026595744680851063, "roof_size_selection": 0.28091859684651843, "conditional_intensity": 0.047547402468417606, "pv_utilization": 3.5523802088097233e-05, "eligible_50_buildings": true, "pv_utilization_pct": 0.0035523802088097234, "zero_pv_eligible_cell": false, "color_bin": ">0 to 0.25", "imagery_date": "15 May 2025" }, "geometry": { "type": "Polygon", "coordinates": [ [ [ -8016000.0, 4932999.999453063122928 ], [ -8016000.0, 4933999.999453587457538 ], [ -8016999.999999999068677, 4933999.999453587457538 ], [ -8016999.999999999068677, 4932999.999453063122928 ], [ -8016000.0, 4932999.999453063122928 ] ] ] } },
{ "type": "Feature", "properties": { "city_key": "detroit", "City": "Detroit", "grid_id": "detroit_-8017_4934", "building_count": 320, "pv_positive_buildings": 0, "footprint_area_m2": 126929.65563036963, "pv_positive_footprint_m2": 0.0, "pv_area_m2": 0.0, "prevalence": 0.0, "roof_size_selection": null, "conditional_intensity": null, "pv_utilization": 0.0, "eligible_50_buildings": true, "pv_utilization_pct": 0.0, "zero_pv_eligible_cell": true, "color_bin": "zero", "imagery_date": "15 May 2025" }, "geometry": { "type": "Polygon", "coordinates": [ [ [ -8016000.0, 4933999.999453587457538 ], [ -8016000.0, 4934999.99945411644876 ], [ -8016999.999999999068677, 4934999.99945411644876 ], [ -8016999.999999999068677, 4933999.999453587457538 ], [ -8016000.0, 4933999.999453587457538 ] ] ] } },
{ "type": "Feature", "properties": { "city_key": "detroit", "City": "Detroit", "grid_id": "detroit_-8017_4935", "building_count": 379, "pv_positive_buildings": 2, "footprint_area_m2": 186625.08134090787, "pv_positive_footprint_m2": 2120.8345521154861, "pv_area_m2": 47.523560606885155, "prevalence": 0.0052770448548812663, "roof_size_selection": 2.1535055456545931, "conditional_intensity": 0.022407952831342476, "pv_utilization": 0.00025464723318766524, "eligible_50_buildings": true, "pv_utilization_pct": 0.025464723318766525, "zero_pv_eligible_cell": false, "color_bin": ">0 to 0.25", "imagery_date": "15 May 2025" }, "geometry": { "type": "Polygon", "coordinates": [ [ [ -8016000.0, 4934999.99945411644876 ], [ -8016000.0, 4935999.999454646371305 ], [ -8016999.999999999068677, 4935999.999454646371305 ], [ -8016999.999999999068677, 4934999.99945411644876 ], [ -8016000.0, 4934999.99945411644876 ] ] ] } },
{ "type": "Feature", "properties": { "city_key": "detroit", "City": "Detroit", "grid_id": "detroit_-8017_4936", "building_count": 814, "pv_positive_buildings": 2, "footprint_area_m2": 147170.25734837336, "pv_positive_footprint_m2": 766.36640968899792, "pv_area_m2": 27.421874062890378, "prevalence": 0.0024570024570024569, "roof_size_selection": 2.1193897079698871, "conditional_intensity": 0.035781675339891988, "pv_utilization": 0.00018632755392945208, "eligible_50_buildings": true, "pv_utilization_pct": 0.018632755392945208, "zero_pv_eligible_cell": false, "color_bin": ">0 to 0.25", "imagery_date": "15 May 2025" }, "geometry": { "type": "Polygon", "coordinates": [ [ [ -8016000.0, 4935999.999454646371305 ], [ -8016000.0, 4936999.999455165117979 ], [ -8016999.999999999068677, 4936999.999455165117979 ], [ -8016999.999999999068677, 4935999.999454646371305 ], [ -8016000.0, 4935999.999454646371305 ] ] ] } },
{ "type": "Feature", "properties": { "city_key": "detroit", "City": "Detroit", "grid_id": "detroit_-8017_4937", "building_count": 765, "pv_positive_buildings": 8, "footprint_area_m2": 147872.22620353475, "pv_positive_footprint_m2": 2592.444529192891, "pv_area_m2": 136.87550777327294, "prevalence": 0.01045751633986928, "roof_size_selection": 1.6764642994070533, "conditional_intensity": 0.052797854006884602, "pv_utilization": 0.00092563364525853782, "eligible_50_buildings": true, "pv_utilization_pct": 0.092563364525853786, "zero_pv_eligible_cell": false, "color_bin": ">0 to 0.25", "imagery_date": "15 May 2025" }, "geometry": { "type": "Polygon", "coordinates": [ [ [ -8016000.0, 4936999.999455165117979 ], [ -8016000.0, 4937999.999455693177879 ], [ -8016999.999999999068677, 4937999.999455693177879 ], [ -8016999.999999999068677, 4936999.999455165117979 ], [ -8016000.0, 4936999.999455165117979 ] ] ] } },
{ "type": "Feature", "properties": { "city_key": "detroit", "City": "Detroit", "grid_id": "detroit_-8017_4938", "building_count": 229, "pv_positive_buildings": 0, "footprint_area_m2": 27770.043005731353, "pv_positive_footprint_m2": 0.0, "pv_area_m2": 0.0, "prevalence": 0.0, "roof_size_selection": null, "conditional_intensity": null, "pv_utilization": 0.0, "eligible_50_buildings": true, "pv_utilization_pct": 0.0, "zero_pv_eligible_cell": true, "color_bin": "zero", "imagery_date": "15 May 2025" }, "geometry": { "type": "Polygon", "coordinates": [ [ [ -8016000.0, 4937999.999455693177879 ], [ -8016000.0, 4938999.999456216581166 ], [ -8016999.999999999068677, 4938999.999456216581166 ], [ -8016999.999999999068677, 4937999.999455693177879 ], [ -8016000.0, 4937999.999455693177879 ] ] ] } },
{ "type": "Feature", "properties": { "city_key": "detroit", "City": "Detroit", "grid_id": "detroit_-8017_4940", "building_count": 459, "pv_positive_buildings": 0, "footprint_area_m2": 90370.334400980471, "pv_positive_footprint_m2": 0.0, "pv_area_m2": 0.0, "prevalence": 0.0, "roof_size_selection": null, "conditional_intensity": null, "pv_utilization": 0.0, "eligible_50_buildings": true, "pv_utilization_pct": 0.0, "zero_pv_eligible_cell": true, "color_bin": "zero", "imagery_date": "15 May 2025" }, "geometry": { "type": "Polygon", "coordinates": [ [ [ -8016000.0, 4939999.99945674277842 ], [ -8016000.0, 4940999.99945726711303 ], [ -8016999.999999999068677, 4940999.99945726711303 ], [ -8016999.999999999068677, 4939999.99945674277842 ], [ -8016000.0, 4939999.99945674277842 ] ] ] } },
{ "type": "Feature", "properties": { "city_key": "detroit", "City": "Detroit", "grid_id": "detroit_-8017_4941", "building_count": 1400, "pv_positive_buildings": 1, "footprint_area_m2": 137729.17565376399, "pv_positive_footprint_m2": 80.237571985387007, "pv_area_m2": 9.0282737460462297, "prevalence": 0.00071428571428571429, "roof_size_selection": 0.81560497437328472, "conditional_intensity": 0.11251927896933961, "pv_utilization": 6.5550916885920508e-05, "eligible_50_buildings": true, "pv_utilization_pct": 0.0065550916885920504, "zero_pv_eligible_cell": false, "color_bin": ">0 to 0.25", "imagery_date": "15 May 2025" }, "geometry": { "type": "Polygon", "coordinates": [ [ [ -8016000.0, 4940999.99945726711303 ], [ -8016000.0, 4941999.999457794241607 ], [ -8016999.999999999068677, 4941999.999457794241607 ], [ -8016999.999999999068677, 4940999.99945726711303 ], [ -8016000.0, 4940999.99945726711303 ] ] ] } },
{ "type": "Feature", "properties": { "city_key": "detroit", "City": "Detroit", "grid_id": "detroit_-8017_4942", "building_count": 1514, "pv_positive_buildings": 0, "footprint_area_m2": 137925.73575568685, "pv_positive_footprint_m2": 0.0, "pv_area_m2": 0.0, "prevalence": 0.0, "roof_size_selection": null, "conditional_intensity": null, "pv_utilization": 0.0, "eligible_50_buildings": true, "pv_utilization_pct": 0.0, "zero_pv_eligible_cell": true, "color_bin": "zero", "imagery_date": "15 May 2025" }, "geometry": { "type": "Polygon", "coordinates": [ [ [ -8016000.0, 4941999.999457794241607 ], [ -8016000.0, 4942999.999458317644894 ], [ -8016999.999999999068677, 4942999.999458317644894 ], [ -8016999.999999999068677, 4941999.999457794241607 ], [ -8016000.0, 4941999.999457794241607 ] ] ] } },
{ "type": "Feature", "properties": { "city_key": "detroit", "City": "Detroit", "grid_id": "detroit_-8017_4943", "building_count": 265, "pv_positive_buildings": 0, "footprint_area_m2": 40113.201058081882, "pv_positive_footprint_m2": 0.0, "pv_area_m2": 0.0, "prevalence": 0.0, "roof_size_selection": null, "conditional_intensity": null, "pv_utilization": 0.0, "eligible_50_buildings": true, "pv_utilization_pct": 0.0, "zero_pv_eligible_cell": true, "color_bin": "zero", "imagery_date": "15 May 2025" }, "geometry": { "type": "Polygon", "coordinates": [ [ [ -8016000.0, 4942999.999458317644894 ], [ -8016000.0, 4943999.999458842910826 ], [ -8016999.999999999068677, 4943999.999458842910826 ], [ -8016999.999999999068677, 4942999.999458317644894 ], [ -8016000.0, 4942999.999458317644894 ] ] ] } },
{ "type": "Feature", "properties": { "city_key": "detroit", "City": "Detroit", "grid_id": "detroit_-8016_4931", "building_count": 335, "pv_positive_buildings": 2, "footprint_area_m2": 186353.67366545735, "pv_positive_footprint_m2": 5002.6774276986116, "pv_area_m2": 17.873641616268497, "prevalence": 0.0059701492537313433, "roof_size_selection": 4.4965492370373381, "conditional_intensity": 0.0035728151324141903, "pv_utilization": 9.5912472583477531e-05, "eligible_50_buildings": true, "pv_utilization_pct": 0.0095912472583477536, "zero_pv_eligible_cell": false, "color_bin": ">0 to 0.25", "imagery_date": "15 May 2025" }, "geometry": { "type": "Polygon", "coordinates": [ [ [ -8015000.0, 4930999.999452007003129 ], [ -8015000.0, 4931999.999452533200383 ], [ -8016000.0, 4931999.999452533200383 ], [ -8016000.0, 4930999.999452007003129 ], [ -8015000.0, 4930999.999452007003129 ] ] ] } },
{ "type": "Feature", "properties": { "city_key": "detroit", "City": "Detroit", "grid_id": "detroit_-8016_4932", "building_count": 392, "pv_positive_buildings": 1, "footprint_area_m2": 118553.8578208744, "pv_positive_footprint_m2": 26735.195188369529, "pv_area_m2": 5.4522569863273018, "prevalence": 0.0025510204081632651, "roof_size_selection": 88.400299294145384, "conditional_intensity": 0.00020393555939696929, "pv_utilization": 4.5989705325028183e-05, "eligible_50_buildings": true, "pv_utilization_pct": 0.0045989705325028187, "zero_pv_eligible_cell": false, "color_bin": ">0 to 0.25", "imagery_date": "15 May 2025" }, "geometry": { "type": "Polygon", "coordinates": [ [ [ -8015000.0, 4931999.999452533200383 ], [ -8015000.0, 4932999.999453063122928 ], [ -8016000.0, 4932999.999453063122928 ], [ -8016000.0, 4931999.999452533200383 ], [ -8015000.0, 4931999.999452533200383 ] ] ] } },
{ "type": "Feature", "properties": { "city_key": "detroit", "City": "Detroit", "grid_id": "detroit_-8016_4933", "building_count": 581, "pv_positive_buildings": 3, "footprint_area_m2": 135580.5585566932, "pv_positive_footprint_m2": 673.47971352694162, "pv_area_m2": 40.393503390360586, "prevalence": 0.0051635111876075735, "roof_size_selection": 0.96201529610784609, "conditional_intensity": 0.059977312722344828, "pv_utilization": 0.0002979299083907372, "eligible_50_buildings": true, "pv_utilization_pct": 0.029792990839073719, "zero_pv_eligible_cell": false, "color_bin": ">0 to 0.25", "imagery_date": "15 May 2025" }, "geometry": { "type": "Polygon", "coordinates": [ [ [ -8015000.0, 4932999.999453063122928 ], [ -8015000.0, 4933999.999453587457538 ], [ -8016000.0, 4933999.999453587457538 ], [ -8016000.0, 4932999.999453063122928 ], [ -8015000.0, 4932999.999453063122928 ] ] ] } },
{ "type": "Feature", "properties": { "city_key": "detroit", "City": "Detroit", "grid_id": "detroit_-8016_4934", "building_count": 185, "pv_positive_buildings": 7, "footprint_area_m2": 169308.87634502962, "pv_positive_footprint_m2": 6591.6169148970739, "pv_area_m2": 734.88530429007869, "prevalence": 0.03783783783783784, "roof_size_selection": 1.0289302145631487, "conditional_intensity": 0.11148786614544236, "pv_utilization": 0.0043405007472406667, "eligible_50_buildings": true, "pv_utilization_pct": 0.43405007472406665, "zero_pv_eligible_cell": false, "color_bin": ">0.25 to 1", "imagery_date": "15 May 2025" }, "geometry": { "type": "Polygon", "coordinates": [ [ [ -8015000.0, 4933999.999453587457538 ], [ -8015000.0, 4934999.99945411644876 ], [ -8016000.0, 4934999.99945411644876 ], [ -8016000.0, 4933999.999453587457538 ], [ -8015000.0, 4933999.999453587457538 ] ] ] } },
{ "type": "Feature", "properties": { "city_key": "detroit", "City": "Detroit", "grid_id": "detroit_-8016_4935", "building_count": 210, "pv_positive_buildings": 1, "footprint_area_m2": 235850.27560072683, "pv_positive_footprint_m2": 2865.6211356683248, "pv_area_m2": 24.563423690109602, "prevalence": 0.0047619047619047623, "roof_size_selection": 2.5515358714657941, "conditional_intensity": 0.00857176246516652, "pv_utilization": 0.00010414837815026875, "eligible_50_buildings": true, "pv_utilization_pct": 0.010414837815026876, "zero_pv_eligible_cell": false, "color_bin": ">0 to 0.25", "imagery_date": "15 May 2025" }, "geometry": { "type": "Polygon", "coordinates": [ [ [ -8015000.0, 4934999.99945411644876 ], [ -8015000.0, 4935999.999454646371305 ], [ -8016000.0, 4935999.999454646371305 ], [ -8016000.0, 4934999.99945411644876 ], [ -8015000.0, 4934999.99945411644876 ] ] ] } },
{ "type": "Feature", "properties": { "city_key": "detroit", "City": "Detroit", "grid_id": "detroit_-8016_4936", "building_count": 693, "pv_positive_buildings": 6, "footprint_area_m2": 149715.05288449035, "pv_positive_footprint_m2": 2085.8168368354281, "pv_area_m2": 72.544456995206687, "prevalence": 0.008658008658008658, "roof_size_selection": 1.6091357549755714, "conditional_intensity": 0.034779878901193509, "pv_utilization": 0.00048455018782364465, "eligible_50_buildings": true, "pv_utilization_pct": 0.048455018782364467, "zero_pv_eligible_cell": false, "color_bin": ">0 to 0.25", "imagery_date": "15 May 2025" }, "geometry": { "type": "Polygon", "coordinates": [ [ [ -8015000.0, 4935999.999454646371305 ], [ -8015000.0, 4936999.999455165117979 ], [ -8016000.0, 4936999.999455165117979 ], [ -8016000.0, 4935999.999454646371305 ], [ -8015000.0, 4935999.999454646371305 ] ] ] } },
{ "type": "Feature", "properties": { "city_key": "detroit", "City": "Detroit", "grid_id": "detroit_-8016_4937", "building_count": 662, "pv_positive_buildings": 2, "footprint_area_m2": 97173.892815566578, "pv_positive_footprint_m2": 415.62454764439428, "pv_area_m2": 21.482603913136238, "prevalence": 0.0030211480362537764, "roof_size_selection": 1.4157272214194601, "conditional_intensity": 0.051687524317058905, "pv_utilization": 0.00022107382230646702, "eligible_50_buildings": true, "pv_utilization_pct": 0.022107382230646701, "zero_pv_eligible_cell": false, "color_bin": ">0 to 0.25", "imagery_date": "15 May 2025" }, "geometry": { "type": "Polygon", "coordinates": [ [ [ -8015000.0, 4936999.999455165117979 ], [ -8015000.0, 4937999.999455693177879 ], [ -8016000.0, 4937999.999455693177879 ], [ -8016000.0, 4936999.999455165117979 ], [ -8015000.0, 4936999.999455165117979 ] ] ] } },
{ "type": "Feature", "properties": { "city_key": "detroit", "City": "Detroit", "grid_id": "detroit_-8016_4938", "building_count": 154, "pv_positive_buildings": 2, "footprint_area_m2": 70380.574583219961, "pv_positive_footprint_m2": 10789.01457378614, "pv_area_m2": 20.554545889873491, "prevalence": 0.012987012987012988, "roof_size_selection": 11.803741687263805, "conditional_intensity": 0.0019051365395144125, "pv_utilization": 0.00029204856612202306, "eligible_50_buildings": true, "pv_utilization_pct": 0.029204856612202307, "zero_pv_eligible_cell": false, "color_bin": ">0 to 0.25", "imagery_date": "15 May 2025" }, "geometry": { "type": "Polygon", "coordinates": [ [ [ -8015000.0, 4937999.999455693177879 ], [ -8015000.0, 4938999.999456216581166 ], [ -8016000.0, 4938999.999456216581166 ], [ -8016000.0, 4937999.999455693177879 ], [ -8015000.0, 4937999.999455693177879 ] ] ] } },
{ "type": "Feature", "properties": { "city_key": "detroit", "City": "Detroit", "grid_id": "detroit_-8016_4939", "building_count": 394, "pv_positive_buildings": 2, "footprint_area_m2": 88383.287034948065, "pv_positive_footprint_m2": 142.30880709917412, "pv_area_m2": 21.616136426317738, "prevalence": 0.005076142131979695, "roof_size_selection": 0.3171961118333595, "conditional_intensity": 0.15189598498463688, "pv_utilization": 0.00024457266923972172, "eligible_50_buildings": true, "pv_utilization_pct": 0.024457266923972171, "zero_pv_eligible_cell": false, "color_bin": ">0 to 0.25", "imagery_date": "15 May 2025" }, "geometry": { "type": "Polygon", "coordinates": [ [ [ -8015000.0, 4938999.999456216581166 ], [ -8015000.0, 4939999.99945674277842 ], [ -8016000.0, 4939999.99945674277842 ], [ -8016000.0, 4938999.999456216581166 ], [ -8015000.0, 4938999.999456216581166 ] ] ] } },
{ "type": "Feature", "properties": { "city_key": "detroit", "City": "Detroit", "grid_id": "detroit_-8016_4940", "building_count": 912, "pv_positive_buildings": 0, "footprint_area_m2": 108469.79347493954, "pv_positive_footprint_m2": 0.0, "pv_area_m2": 0.0, "prevalence": 0.0, "roof_size_selection": null, "conditional_intensity": null, "pv_utilization": 0.0, "eligible_50_buildings": true, "pv_utilization_pct": 0.0, "zero_pv_eligible_cell": true, "color_bin": "zero", "imagery_date": "15 May 2025" }, "geometry": { "type": "Polygon", "coordinates": [ [ [ -8015000.0, 4939999.99945674277842 ], [ -8015000.0, 4940999.99945726711303 ], [ -8016000.0, 4940999.99945726711303 ], [ -8016000.0, 4939999.99945674277842 ], [ -8015000.0, 4939999.99945674277842 ] ] ] } },
{ "type": "Feature", "properties": { "city_key": "detroit", "City": "Detroit", "grid_id": "detroit_-8016_4941", "building_count": 1334, "pv_positive_buildings": 0, "footprint_area_m2": 149604.47142693884, "pv_positive_footprint_m2": 0.0, "pv_area_m2": 0.0, "prevalence": 0.0, "roof_size_selection": null, "conditional_intensity": null, "pv_utilization": 0.0, "eligible_50_buildings": true, "pv_utilization_pct": 0.0, "zero_pv_eligible_cell": true, "color_bin": "zero", "imagery_date": "15 May 2025" }, "geometry": { "type": "Polygon", "coordinates": [ [ [ -8015000.0, 4940999.99945726711303 ], [ -8015000.0, 4941999.999457794241607 ], [ -8016000.0, 4941999.999457794241607 ], [ -8016000.0, 4940999.99945726711303 ], [ -8015000.0, 4940999.99945726711303 ] ] ] } },
{ "type": "Feature", "properties": { "city_key": "detroit", "City": "Detroit", "grid_id": "detroit_-8016_4942", "building_count": 1498, "pv_positive_buildings": 1, "footprint_area_m2": 136456.26051812674, "pv_positive_footprint_m2": 125.39021020614288, "pv_area_m2": 8.0559548594396642, "prevalence": 0.00066755674232309744, "roof_size_selection": 1.376518264355121, "conditional_intensity": 0.064247079945041849, "pv_utilization": 5.9036901853026505e-05, "eligible_50_buildings": true, "pv_utilization_pct": 0.0059036901853026505, "zero_pv_eligible_cell": false, "color_bin": ">0 to 0.25", "imagery_date": "15 May 2025" }, "geometry": { "type": "Polygon", "coordinates": [ [ [ -8015000.0, 4941999.999457794241607 ], [ -8015000.0, 4942999.999458317644894 ], [ -8016000.0, 4942999.999458317644894 ], [ -8016000.0, 4941999.999457794241607 ], [ -8015000.0, 4941999.999457794241607 ] ] ] } },
{ "type": "Feature", "properties": { "city_key": "detroit", "City": "Detroit", "grid_id": "detroit_-8016_4943", "building_count": 401, "pv_positive_buildings": 0, "footprint_area_m2": 36572.796493379166, "pv_positive_footprint_m2": 0.0, "pv_area_m2": 0.0, "prevalence": 0.0, "roof_size_selection": null, "conditional_intensity": null, "pv_utilization": 0.0, "eligible_50_buildings": true, "pv_utilization_pct": 0.0, "zero_pv_eligible_cell": true, "color_bin": "zero", "imagery_date": "15 May 2025" }, "geometry": { "type": "Polygon", "coordinates": [ [ [ -8015000.0, 4942999.999458317644894 ], [ -8015000.0, 4943999.999458842910826 ], [ -8016000.0, 4943999.999458842910826 ], [ -8016000.0, 4942999.999458317644894 ], [ -8015000.0, 4942999.999458317644894 ] ] ] } },
{ "type": "Feature", "properties": { "city_key": "detroit", "City": "Detroit", "grid_id": "detroit_-8015_4931", "building_count": 93, "pv_positive_buildings": 1, "footprint_area_m2": 146526.32883653947, "pv_positive_footprint_m2": 2212.4042261302043, "pv_area_m2": 1389.0436117966601, "prevalence": 0.010752688172043012, "roof_size_selection": 1.404209022800549, "conditional_intensity": 0.62784349956982599, "pv_utilization": 0.0094798226559421744, "eligible_50_buildings": true, "pv_utilization_pct": 0.94798226559421739, "zero_pv_eligible_cell": false, "color_bin": ">0.25 to 1", "imagery_date": "15 May 2025" }, "geometry": { "type": "Polygon", "coordinates": [ [ [ -8014000.0, 4930999.999452007003129 ], [ -8014000.0, 4931999.999452533200383 ], [ -8015000.0, 4931999.999452533200383 ], [ -8015000.0, 4930999.999452007003129 ], [ -8014000.0, 4930999.999452007003129 ] ] ] } },
{ "type": "Feature", "properties": { "city_key": "detroit", "City": "Detroit", "grid_id": "detroit_-8015_4932", "building_count": 310, "pv_positive_buildings": 5, "footprint_area_m2": 215734.65601726511, "pv_positive_footprint_m2": 62677.367062644298, "pv_area_m2": 310.53082160978693, "prevalence": 0.016129032258064516, "roof_size_selection": 18.012853519338833, "conditional_intensity": 0.0049544330938378432, "pv_utilization": 0.0014394109288817061, "eligible_50_buildings": true, "pv_utilization_pct": 0.14394109288817061, "zero_pv_eligible_cell": false, "color_bin": ">0 to 0.25", "imagery_date": "15 May 2025" }, "geometry": { "type": "Polygon", "coordinates": [ [ [ -8014000.0, 4931999.999452533200383 ], [ -8014000.0, 4932999.999453063122928 ], [ -8015000.0, 4932999.999453063122928 ], [ -8015000.0, 4931999.999452533200383 ], [ -8014000.0, 4931999.999452533200383 ] ] ] } },
{ "type": "Feature", "properties": { "city_key": "detroit", "City": "Detroit", "grid_id": "detroit_-8015_4933", "building_count": 292, "pv_positive_buildings": 14, "footprint_area_m2": 174746.30645708917, "pv_positive_footprint_m2": 1995.5853661694553, "pv_area_m2": 313.35622606945111, "prevalence": 0.047945205479452052, "roof_size_selection": 0.23818648822795488, "conditional_intensity": 0.15702471634723467, "pv_utilization": 0.0017932065771381503, "eligible_50_buildings": true, "pv_utilization_pct": 0.17932065771381503, "zero_pv_eligible_cell": false, "color_bin": ">0 to 0.25", "imagery_date": "15 May 2025" }, "geometry": { "type": "Polygon", "coordinates": [ [ [ -8014000.0, 4932999.999453063122928 ], [ -8014000.0, 4933999.999453587457538 ], [ -8015000.0, 4933999.999453587457538 ], [ -8015000.0, 4932999.999453063122928 ], [ -8014000.0, 4932999.999453063122928 ] ] ] } },
{ "type": "Feature", "properties": { "city_key": "detroit", "City": "Detroit", "grid_id": "detroit_-8015_4934", "building_count": 282, "pv_positive_buildings": 8, "footprint_area_m2": 261255.3037535458, "pv_positive_footprint_m2": 44284.169602566464, "pv_area_m2": 1360.9390421440992, "prevalence": 0.028368794326241134, "roof_size_selection": 5.97506330421926, "conditional_intensity": 0.03073195352556022, "pv_utilization": 0.0052092302915616052, "eligible_50_buildings": true, "pv_utilization_pct": 0.52092302915616051, "zero_pv_eligible_cell": false, "color_bin": ">0.25 to 1", "imagery_date": "15 May 2025" }, "geometry": { "type": "Polygon", "coordinates": [ [ [ -8014000.0, 4933999.999453587457538 ], [ -8014000.0, 4934999.99945411644876 ], [ -8015000.0, 4934999.99945411644876 ], [ -8015000.0, 4933999.999453587457538 ], [ -8014000.0, 4933999.999453587457538 ] ] ] } },
{ "type": "Feature", "properties": { "city_key": "detroit", "City": "Detroit", "grid_id": "detroit_-8015_4935", "building_count": 269, "pv_positive_buildings": 7, "footprint_area_m2": 162744.23951360362, "pv_positive_footprint_m2": 9824.8555269739481, "pv_area_m2": 177.0990915834426, "prevalence": 0.026022304832713755, "roof_size_selection": 2.3199295011738568, "conditional_intensity": 0.018025617893028607, "pv_utilization": 0.0010882049780240551, "eligible_50_buildings": true, "pv_utilization_pct": 0.10882049780240552, "zero_pv_eligible_cell": false, "color_bin": ">0 to 0.25", "imagery_date": "15 May 2025" }, "geometry": { "type": "Polygon", "coordinates": [ [ [ -8014000.0, 4934999.99945411644876 ], [ -8014000.0, 4935999.999454646371305 ], [ -8015000.0, 4935999.999454646371305 ], [ -8015000.0, 4934999.99945411644876 ], [ -8014000.0, 4934999.99945411644876 ] ] ] } },
{ "type": "Feature", "properties": { "city_key": "detroit", "City": "Detroit", "grid_id": "detroit_-8015_4936", "building_count": 347, "pv_positive_buildings": 0, "footprint_area_m2": 159513.62683502585, "pv_positive_footprint_m2": 0.0, "pv_area_m2": 0.0, "prevalence": 0.0, "roof_size_selection": null, "conditional_intensity": null, "pv_utilization": 0.0, "eligible_50_buildings": true, "pv_utilization_pct": 0.0, "zero_pv_eligible_cell": true, "color_bin": "zero", "imagery_date": "15 May 2025" }, "geometry": { "type": "Polygon", "coordinates": [ [ [ -8014000.0, 4935999.999454646371305 ], [ -8014000.0, 4936999.999455165117979 ], [ -8015000.0, 4936999.999455165117979 ], [ -8015000.0, 4935999.999454646371305 ], [ -8014000.0, 4935999.999454646371305 ] ] ] } },
{ "type": "Feature", "properties": { "city_key": "detroit", "City": "Detroit", "grid_id": "detroit_-8015_4939", "building_count": 935, "pv_positive_buildings": 1, "footprint_area_m2": 106748.80130477675, "pv_positive_footprint_m2": 111.87277995377738, "pv_area_m2": 11.996151602995065, "prevalence": 0.0010695187165775401, "roof_size_selection": 0.97988031695210431, "conditional_intensity": 0.10723029862985017, "pv_utilization": 0.00011237738931367529, "eligible_50_buildings": true, "pv_utilization_pct": 0.011237738931367529, "zero_pv_eligible_cell": false, "color_bin": ">0 to 0.25", "imagery_date": "15 May 2025" }, "geometry": { "type": "Polygon", "coordinates": [ [ [ -8014000.0, 4938999.999456216581166 ], [ -8014000.0, 4939999.99945674277842 ], [ -8015000.0, 4939999.99945674277842 ], [ -8015000.0, 4938999.999456216581166 ], [ -8014000.0, 4938999.999456216581166 ] ] ] } },
{ "type": "Feature", "properties": { "city_key": "detroit", "City": "Detroit", "grid_id": "detroit_-8015_4940", "building_count": 644, "pv_positive_buildings": 3, "footprint_area_m2": 121673.20559614831, "pv_positive_footprint_m2": 343.59630363714325, "pv_area_m2": 72.888122583374653, "prevalence": 0.004658385093167702, "roof_size_selection": 0.60620308982069193, "conditional_intensity": 0.21213302300349701, "pv_utilization": 0.00059904826396455196, "eligible_50_buildings": true, "pv_utilization_pct": 0.059904826396455196, "zero_pv_eligible_cell": false, "color_bin": ">0 to 0.25", "imagery_date": "15 May 2025" }, "geometry": { "type": "Polygon", "coordinates": [ [ [ -8014000.0, 4939999.99945674277842 ], [ -8014000.0, 4940999.99945726711303 ], [ -8015000.0, 4940999.99945726711303 ], [ -8015000.0, 4939999.99945674277842 ], [ -8014000.0, 4939999.99945674277842 ] ] ] } },
{ "type": "Feature", "properties": { "city_key": "detroit", "City": "Detroit", "grid_id": "detroit_-8015_4941", "building_count": 1094, "pv_positive_buildings": 0, "footprint_area_m2": 137311.80087329636, "pv_positive_footprint_m2": 0.0, "pv_area_m2": 0.0, "prevalence": 0.0, "roof_size_selection": null, "conditional_intensity": null, "pv_utilization": 0.0, "eligible_50_buildings": true, "pv_utilization_pct": 0.0, "zero_pv_eligible_cell": true, "color_bin": "zero", "imagery_date": "15 May 2025" }, "geometry": { "type": "Polygon", "coordinates": [ [ [ -8014000.0, 4940999.99945726711303 ], [ -8014000.0, 4941999.999457794241607 ], [ -8015000.0, 4941999.999457794241607 ], [ -8015000.0, 4940999.99945726711303 ], [ -8014000.0, 4940999.99945726711303 ] ] ] } },
{ "type": "Feature", "properties": { "city_key": "detroit", "City": "Detroit", "grid_id": "detroit_-8015_4942", "building_count": 1547, "pv_positive_buildings": 1, "footprint_area_m2": 127878.30587544004, "pv_positive_footprint_m2": 73.640711075224246, "pv_area_m2": 4.0766203111893695, "prevalence": 0.00064641241111829345, "roof_size_selection": 0.89086400741293748, "conditional_intensity": 0.055358242087384074, "pv_utilization": 3.1878904582613136e-05, "eligible_50_buildings": true, "pv_utilization_pct": 0.0031878904582613135, "zero_pv_eligible_cell": false, "color_bin": ">0 to 0.25", "imagery_date": "15 May 2025" }, "geometry": { "type": "Polygon", "coordinates": [ [ [ -8014000.0, 4941999.999457794241607 ], [ -8014000.0, 4942999.999458317644894 ], [ -8015000.0, 4942999.999458317644894 ], [ -8015000.0, 4941999.999457794241607 ], [ -8014000.0, 4941999.999457794241607 ] ] ] } },
{ "type": "Feature", "properties": { "city_key": "detroit", "City": "Detroit", "grid_id": "detroit_-8015_4943", "building_count": 368, "pv_positive_buildings": 0, "footprint_area_m2": 37455.835265931069, "pv_positive_footprint_m2": 0.0, "pv_area_m2": 0.0, "prevalence": 0.0, "roof_size_selection": null, "conditional_intensity": null, "pv_utilization": 0.0, "eligible_50_buildings": true, "pv_utilization_pct": 0.0, "zero_pv_eligible_cell": true, "color_bin": "zero", "imagery_date": "15 May 2025" }, "geometry": { "type": "Polygon", "coordinates": [ [ [ -8014000.0, 4942999.999458317644894 ], [ -8014000.0, 4943999.999458842910826 ], [ -8015000.0, 4943999.999458842910826 ], [ -8015000.0, 4942999.999458317644894 ], [ -8014000.0, 4942999.999458317644894 ] ] ] } },
{ "type": "Feature", "properties": { "city_key": "detroit", "City": "Detroit", "grid_id": "detroit_-8014_4932", "building_count": 250, "pv_positive_buildings": 5, "footprint_area_m2": 255276.94359546065, "pv_positive_footprint_m2": 7759.9746441217394, "pv_area_m2": 96.248349928771603, "prevalence": 0.02, "roof_size_selection": 1.5199129492123331, "conditional_intensity": 0.012403178404929547, "pv_utilization": 0.00037703502938086375, "eligible_50_buildings": true, "pv_utilization_pct": 0.037703502938086372, "zero_pv_eligible_cell": false, "color_bin": ">0 to 0.25", "imagery_date": "15 May 2025" }, "geometry": { "type": "Polygon", "coordinates": [ [ [ -8012999.999999999068677, 4931999.999452533200383 ], [ -8012999.999999999068677, 4932999.999453063122928 ], [ -8014000.0, 4932999.999453063122928 ], [ -8014000.0, 4931999.999452533200383 ], [ -8012999.999999999068677, 4931999.999452533200383 ] ] ] } },
{ "type": "Feature", "properties": { "city_key": "detroit", "City": "Detroit", "grid_id": "detroit_-8014_4933", "building_count": 268, "pv_positive_buildings": 3, "footprint_area_m2": 245432.20984661832, "pv_positive_footprint_m2": 67400.9307238498, "pv_area_m2": 70.484475911910351, "prevalence": 0.011194029850746268, "roof_size_selection": 24.532842755616596, "conditional_intensity": 0.0010457492968560661, "pv_utilization": 0.00028718510889813234, "eligible_50_buildings": true, "pv_utilization_pct": 0.028718510889813233, "zero_pv_eligible_cell": false, "color_bin": ">0 to 0.25", "imagery_date": "15 May 2025" }, "geometry": { "type": "Polygon", "coordinates": [ [ [ -8012999.999999999068677, 4932999.999453063122928 ], [ -8012999.999999999068677, 4933999.999453587457538 ], [ -8014000.0, 4933999.999453587457538 ], [ -8014000.0, 4932999.999453063122928 ], [ -8012999.999999999068677, 4932999.999453063122928 ] ] ] } },
{ "type": "Feature", "properties": { "city_key": "detroit", "City": "Detroit", "grid_id": "detroit_-8014_4934", "building_count": 174, "pv_positive_buildings": 6, "footprint_area_m2": 213857.49244206044, "pv_positive_footprint_m2": 32589.257643638877, "pv_area_m2": 1578.7033541509502, "prevalence": 0.034482758620689655, "roof_size_selection": 4.4192441465270456, "conditional_intensity": 0.048442446017456266, "pv_utilization": 0.0073820343450377917, "eligible_50_buildings": true, "pv_utilization_pct": 0.73820343450377912, "zero_pv_eligible_cell": false, "color_bin": ">0.25 to 1", "imagery_date": "15 May 2025" }, "geometry": { "type": "Polygon", "coordinates": [ [ [ -8012999.999999999068677, 4933999.999453587457538 ], [ -8012999.999999999068677, 4934999.99945411644876 ], [ -8014000.0, 4934999.99945411644876 ], [ -8014000.0, 4933999.999453587457538 ], [ -8012999.999999999068677, 4933999.999453587457538 ] ] ] } },
{ "type": "Feature", "properties": { "city_key": "detroit", "City": "Detroit", "grid_id": "detroit_-8014_4935", "building_count": 118, "pv_positive_buildings": 4, "footprint_area_m2": 172345.33079071963, "pv_positive_footprint_m2": 2732.2006379316699, "pv_area_m2": 101.79850406208209, "prevalence": 0.033898305084745763, "roof_size_selection": 0.46766523032096186, "conditional_intensity": 0.037258795217596306, "pv_utilization": 0.00059066586599724514, "eligible_50_buildings": true, "pv_utilization_pct": 0.059066586599724517, "zero_pv_eligible_cell": false, "color_bin": ">0 to 0.25", "imagery_date": "15 May 2025" }, "geometry": { "type": "Polygon", "coordinates": [ [ [ -8012999.999999999068677, 4934999.99945411644876 ], [ -8012999.999999999068677, 4935999.999454646371305 ], [ -8014000.0, 4935999.999454646371305 ], [ -8014000.0, 4934999.99945411644876 ], [ -8012999.999999999068677, 4934999.99945411644876 ] ] ] } },
{ "type": "Feature", "properties": { "city_key": "detroit", "City": "Detroit", "grid_id": "detroit_-8014_4936", "building_count": 70, "pv_positive_buildings": 2, "footprint_area_m2": 112984.37009064713, "pv_positive_footprint_m2": 243.78644602589424, "pv_area_m2": 10.4051785906418, "prevalence": 0.028571428571428571, "roof_size_selection": 0.075519521895468109, "conditional_intensity": 0.042681530332234277, "pv_utilization": 9.2093964698778652e-05, "eligible_50_buildings": true, "pv_utilization_pct": 0.0092093964698778657, "zero_pv_eligible_cell": false, "color_bin": ">0 to 0.25", "imagery_date": "15 May 2025" }, "geometry": { "type": "Polygon", "coordinates": [ [ [ -8012999.999999999068677, 4935999.999454646371305 ], [ -8012999.999999999068677, 4936999.999455165117979 ], [ -8014000.0, 4936999.999455165117979 ], [ -8014000.0, 4935999.999454646371305 ], [ -8012999.999999999068677, 4935999.999454646371305 ] ] ] } },
{ "type": "Feature", "properties": { "city_key": "detroit", "City": "Detroit", "grid_id": "detroit_-8014_4939", "building_count": 1391, "pv_positive_buildings": 1, "footprint_area_m2": 152034.53380151006, "pv_positive_footprint_m2": 45.800393542203032, "pv_area_m2": 23.654681820416382, "prevalence": 0.00071890726096333576, "roof_size_selection": 0.41903866065310774, "conditional_intensity": 0.51647333114331517, "pv_utilization": 0.00015558755783274178, "eligible_50_buildings": true, "pv_utilization_pct": 0.015558755783274177, "zero_pv_eligible_cell": false, "color_bin": ">0 to 0.25", "imagery_date": "15 May 2025" }, "geometry": { "type": "Polygon", "coordinates": [ [ [ -8012999.999999999068677, 4938999.999456216581166 ], [ -8012999.999999999068677, 4939999.99945674277842 ], [ -8014000.0, 4939999.99945674277842 ], [ -8014000.0, 4938999.999456216581166 ], [ -8012999.999999999068677, 4938999.999456216581166 ] ] ] } },
{ "type": "Feature", "properties": { "city_key": "detroit", "City": "Detroit", "grid_id": "detroit_-8014_4940", "building_count": 603, "pv_positive_buildings": 2, "footprint_area_m2": 99683.200601833363, "pv_positive_footprint_m2": 240.24058124745727, "pv_area_m2": 12.722176623221992, "prevalence": 0.0033167495854063019, "roof_size_selection": 0.72662730338512216, "conditional_intensity": 0.052955985026183601, "pv_utilization": 0.00012762608490109021, "eligible_50_buildings": true, "pv_utilization_pct": 0.012762608490109021, "zero_pv_eligible_cell": false, "color_bin": ">0 to 0.25", "imagery_date": "15 May 2025" }, "geometry": { "type": "Polygon", "coordinates": [ [ [ -8012999.999999999068677, 4939999.99945674277842 ], [ -8012999.999999999068677, 4940999.99945726711303 ], [ -8014000.0, 4940999.99945726711303 ], [ -8014000.0, 4939999.99945674277842 ], [ -8012999.999999999068677, 4939999.99945674277842 ] ] ] } },
{ "type": "Feature", "properties": { "city_key": "detroit", "City": "Detroit", "grid_id": "detroit_-8014_4941", "building_count": 1015, "pv_positive_buildings": 1, "footprint_area_m2": 135752.95236683413, "pv_positive_footprint_m2": 72.713399260471775, "pv_area_m2": 26.990608119734901, "prevalence": 0.00098522167487684722, "roof_size_selection": 0.54366478932954665, "conditional_intensity": 0.37119167023191901, "pv_utilization": 0.00019882151842120076, "eligible_50_buildings": true, "pv_utilization_pct": 0.019882151842120076, "zero_pv_eligible_cell": false, "color_bin": ">0 to 0.25", "imagery_date": "15 May 2025" }, "geometry": { "type": "Polygon", "coordinates": [ [ [ -8012999.999999999068677, 4940999.99945726711303 ], [ -8012999.999999999068677, 4941999.999457794241607 ], [ -8014000.0, 4941999.999457794241607 ], [ -8014000.0, 4940999.99945726711303 ], [ -8012999.999999999068677, 4940999.99945726711303 ] ] ] } },
{ "type": "Feature", "properties": { "city_key": "detroit", "City": "Detroit", "grid_id": "detroit_-8014_4942", "building_count": 1325, "pv_positive_buildings": 0, "footprint_area_m2": 123700.69495181696, "pv_positive_footprint_m2": 0.0, "pv_area_m2": 0.0, "prevalence": 0.0, "roof_size_selection": null, "conditional_intensity": null, "pv_utilization": 0.0, "eligible_50_buildings": true, "pv_utilization_pct": 0.0, "zero_pv_eligible_cell": true, "color_bin": "zero", "imagery_date": "15 May 2025" }, "geometry": { "type": "Polygon", "coordinates": [ [ [ -8012999.999999999068677, 4941999.999457794241607 ], [ -8012999.999999999068677, 4942999.999458317644894 ], [ -8014000.0, 4942999.999458317644894 ], [ -8014000.0, 4941999.999457794241607 ], [ -8012999.999999999068677, 4941999.999457794241607 ] ] ] } },
{ "type": "Feature", "properties": { "city_key": "detroit", "City": "Detroit", "grid_id": "detroit_-8014_4943", "building_count": 306, "pv_positive_buildings": 1, "footprint_area_m2": 26026.092606472928, "pv_positive_footprint_m2": 49.44838748761709, "pv_area_m2": 9.12066320366403, "prevalence": 0.0032679738562091504, "roof_size_selection": 0.58138602670796458, "conditional_intensity": 0.18444814213502989, "pv_utilization": 0.00035044304735147363, "eligible_50_buildings": true, "pv_utilization_pct": 0.035044304735147365, "zero_pv_eligible_cell": false, "color_bin": ">0 to 0.25", "imagery_date": "15 May 2025" }, "geometry": { "type": "Polygon", "coordinates": [ [ [ -8012999.999999999068677, 4942999.999458317644894 ], [ -8012999.999999999068677, 4943999.999458842910826 ], [ -8014000.0, 4943999.999458842910826 ], [ -8014000.0, 4942999.999458317644894 ], [ -8012999.999999999068677, 4942999.999458317644894 ] ] ] } },
{ "type": "Feature", "properties": { "city_key": "detroit", "City": "Detroit", "grid_id": "detroit_-8013_4932", "building_count": 222, "pv_positive_buildings": 4, "footprint_area_m2": 338421.32315112668, "pv_positive_footprint_m2": 10470.162274694707, "pv_area_m2": 289.19352232706711, "prevalence": 0.018018018018018018, "roof_size_selection": 1.7170726738931303, "conditional_intensity": 0.027620729721259219, "pv_utilization": 0.00085453694121373014, "eligible_50_buildings": true, "pv_utilization_pct": 0.085453694121373019, "zero_pv_eligible_cell": false, "color_bin": ">0 to 0.25", "imagery_date": "15 May 2025" }, "geometry": { "type": "Polygon", "coordinates": [ [ [ -8011999.999999999068677, 4931999.999452533200383 ], [ -8011999.999999999068677, 4932999.999453063122928 ], [ -8012999.999999999068677, 4932999.999453063122928 ], [ -8012999.999999999068677, 4931999.999452533200383 ], [ -8011999.999999999068677, 4931999.999452533200383 ] ] ] } },
{ "type": "Feature", "properties": { "city_key": "detroit", "City": "Detroit", "grid_id": "detroit_-8013_4933", "building_count": 163, "pv_positive_buildings": 2, "footprint_area_m2": 213527.57638558489, "pv_positive_footprint_m2": 63085.296238613264, "pv_area_m2": 785.4437514172148, "prevalence": 0.012269938650306749, "roof_size_selection": 24.078630640955829, "conditional_intensity": 0.012450504289404607, "pv_utilization": 0.0036784183322479728, "eligible_50_buildings": true, "pv_utilization_pct": 0.3678418332247973, "zero_pv_eligible_cell": false, "color_bin": ">0.25 to 1", "imagery_date": "15 May 2025" }, "geometry": { "type": "Polygon", "coordinates": [ [ [ -8011999.999999999068677, 4932999.999453063122928 ], [ -8011999.999999999068677, 4933999.999453587457538 ], [ -8012999.999999999068677, 4933999.999453587457538 ], [ -8012999.999999999068677, 4932999.999453063122928 ], [ -8011999.999999999068677, 4932999.999453063122928 ] ] ] } },
{ "type": "Feature", "properties": { "city_key": "detroit", "City": "Detroit", "grid_id": "detroit_-8013_4934", "building_count": 133, "pv_positive_buildings": 2, "footprint_area_m2": 160560.74993553909, "pv_positive_footprint_m2": 1691.4940492990863, "pv_area_m2": 8.5153080776147512, "prevalence": 0.015037593984962405, "roof_size_selection": 0.70057192884032204, "conditional_intensity": 0.005034193339990339, "pv_utilization": 5.3034805088002037e-05, "eligible_50_buildings": true, "pv_utilization_pct": 0.0053034805088002035, "zero_pv_eligible_cell": false, "color_bin": ">0 to 0.25", "imagery_date": "15 May 2025" }, "geometry": { "type": "Polygon", "coordinates": [ [ [ -8011999.999999999068677, 4933999.999453587457538 ], [ -8011999.999999999068677, 4934999.99945411644876 ], [ -8012999.999999999068677, 4934999.99945411644876 ], [ -8012999.999999999068677, 4933999.999453587457538 ], [ -8011999.999999999068677, 4933999.999453587457538 ] ] ] } },
{ "type": "Feature", "properties": { "city_key": "detroit", "City": "Detroit", "grid_id": "detroit_-8013_4935", "building_count": 238, "pv_positive_buildings": 0, "footprint_area_m2": 77463.622376232684, "pv_positive_footprint_m2": 0.0, "pv_area_m2": 0.0, "prevalence": 0.0, "roof_size_selection": null, "conditional_intensity": null, "pv_utilization": 0.0, "eligible_50_buildings": true, "pv_utilization_pct": 0.0, "zero_pv_eligible_cell": true, "color_bin": "zero", "imagery_date": "15 May 2025" }, "geometry": { "type": "Polygon", "coordinates": [ [ [ -8011999.999999999068677, 4934999.99945411644876 ], [ -8011999.999999999068677, 4935999.999454646371305 ], [ -8012999.999999999068677, 4935999.999454646371305 ], [ -8012999.999999999068677, 4934999.99945411644876 ], [ -8011999.999999999068677, 4934999.99945411644876 ] ] ] } },
{ "type": "Feature", "properties": { "city_key": "detroit", "City": "Detroit", "grid_id": "detroit_-8013_4936", "building_count": 204, "pv_positive_buildings": 1, "footprint_area_m2": 411983.00068451843, "pv_positive_footprint_m2": 230.9381418969752, "pv_area_m2": 7.5364430159207991, "prevalence": 0.0049019607843137254, "roof_size_selection": 0.1143527302551474, "conditional_intensity": 0.032634033313054513, "pv_utilization": 1.8293092198947142e-05, "eligible_50_buildings": true, "pv_utilization_pct": 0.0018293092198947143, "zero_pv_eligible_cell": false, "color_bin": ">0 to 0.25", "imagery_date": "15 May 2025" }, "geometry": { "type": "Polygon", "coordinates": [ [ [ -8011999.999999999068677, 4935999.999454646371305 ], [ -8011999.999999999068677, 4936999.999455165117979 ], [ -8012999.999999999068677, 4936999.999455165117979 ], [ -8012999.999999999068677, 4935999.999454646371305 ], [ -8011999.999999999068677, 4935999.999454646371305 ] ] ] } },
{ "type": "Feature", "properties": { "city_key": "detroit", "City": "Detroit", "grid_id": "detroit_-8013_4937", "building_count": 220, "pv_positive_buildings": 2, "footprint_area_m2": 46620.995771612113, "pv_positive_footprint_m2": 277.37983382398215, "pv_area_m2": 34.946116237493584, "prevalence": 0.0090909090909090905, "roof_size_selection": 0.65446439347005325, "conditional_intensity": 0.12598650650165671, "pv_utilization": 0.00074957893239106972, "eligible_50_buildings": true, "pv_utilization_pct": 0.074957893239106968, "zero_pv_eligible_cell": false, "color_bin": ">0 to 0.25", "imagery_date": "15 May 2025" }, "geometry": { "type": "Polygon", "coordinates": [ [ [ -8011999.999999999068677, 4936999.999455165117979 ], [ -8011999.999999999068677, 4937999.999455693177879 ], [ -8012999.999999999068677, 4937999.999455693177879 ], [ -8012999.999999999068677, 4936999.999455165117979 ], [ -8011999.999999999068677, 4936999.999455165117979 ] ] ] } },
{ "type": "Feature", "properties": { "city_key": "detroit", "City": "Detroit", "grid_id": "detroit_-8013_4938", "building_count": 238, "pv_positive_buildings": 3, "footprint_area_m2": 33454.471071583852, "pv_positive_footprint_m2": 330.61634071475731, "pv_area_m2": 53.594583452046521, "prevalence": 0.012605042016806723, "roof_size_selection": 0.78401766709291987, "conditional_intensity": 0.16210506515249892, "pv_utilization": 0.0016020155672874959, "eligible_50_buildings": true, "pv_utilization_pct": 0.16020155672874958, "zero_pv_eligible_cell": false, "color_bin": ">0 to 0.25", "imagery_date": "15 May 2025" }, "geometry": { "type": "Polygon", "coordinates": [ [ [ -8011999.999999999068677, 4937999.999455693177879 ], [ -8011999.999999999068677, 4938999.999456216581166 ], [ -8012999.999999999068677, 4938999.999456216581166 ], [ -8012999.999999999068677, 4937999.999455693177879 ], [ -8011999.999999999068677, 4937999.999455693177879 ] ] ] } },
{ "type": "Feature", "properties": { "city_key": "detroit", "City": "Detroit", "grid_id": "detroit_-8013_4939", "building_count": 648, "pv_positive_buildings": 3, "footprint_area_m2": 115685.34623843114, "pv_positive_footprint_m2": 417.77925053445392, "pv_area_m2": 166.42976064939461, "prevalence": 0.0046296296296296294, "roof_size_selection": 0.78004968692797028, "conditional_intensity": 0.39836770360539792, "pv_utilization": 0.0014386416781463197, "eligible_50_buildings": true, "pv_utilization_pct": 0.14386416781463199, "zero_pv_eligible_cell": false, "color_bin": ">0 to 0.25", "imagery_date": "15 May 2025" }, "geometry": { "type": "Polygon", "coordinates": [ [ [ -8011999.999999999068677, 4938999.999456216581166 ], [ -8011999.999999999068677, 4939999.99945674277842 ], [ -8012999.999999999068677, 4939999.99945674277842 ], [ -8012999.999999999068677, 4938999.999456216581166 ], [ -8011999.999999999068677, 4938999.999456216581166 ] ] ] } },
{ "type": "Feature", "properties": { "city_key": "detroit", "City": "Detroit", "grid_id": "detroit_-8013_4940", "building_count": 708, "pv_positive_buildings": 5, "footprint_area_m2": 116580.89046982271, "pv_positive_footprint_m2": 1801.0986392218761, "pv_area_m2": 326.48270592598038, "prevalence": 0.0070621468926553672, "roof_size_selection": 2.1876275458698298, "conditional_intensity": 0.18126864282515356, "pv_utilization": 0.0028004821768837949, "eligible_50_buildings": true, "pv_utilization_pct": 0.28004821768837951, "zero_pv_eligible_cell": false, "color_bin": ">0.25 to 1", "imagery_date": "15 May 2025" }, "geometry": { "type": "Polygon", "coordinates": [ [ [ -8011999.999999999068677, 4939999.99945674277842 ], [ -8011999.999999999068677, 4940999.99945726711303 ], [ -8012999.999999999068677, 4940999.99945726711303 ], [ -8012999.999999999068677, 4939999.99945674277842 ], [ -8011999.999999999068677, 4939999.99945674277842 ] ] ] } },
{ "type": "Feature", "properties": { "city_key": "detroit", "City": "Detroit", "grid_id": "detroit_-8013_4941", "building_count": 808, "pv_positive_buildings": 3, "footprint_area_m2": 124556.01329602647, "pv_positive_footprint_m2": 843.98567819833875, "pv_area_m2": 31.35612138595242, "prevalence": 0.0037128712871287127, "roof_size_selection": 1.8249899782398076, "conditional_intensity": 0.037152433028115502, "pv_utilization": 0.00025174313592897187, "eligible_50_buildings": true, "pv_utilization_pct": 0.025174313592897186, "zero_pv_eligible_cell": false, "color_bin": ">0 to 0.25", "imagery_date": "15 May 2025" }, "geometry": { "type": "Polygon", "coordinates": [ [ [ -8011999.999999999068677, 4940999.99945726711303 ], [ -8011999.999999999068677, 4941999.999457794241607 ], [ -8012999.999999999068677, 4941999.999457794241607 ], [ -8012999.999999999068677, 4940999.99945726711303 ], [ -8011999.999999999068677, 4940999.99945726711303 ] ] ] } },
{ "type": "Feature", "properties": { "city_key": "detroit", "City": "Detroit", "grid_id": "detroit_-8013_4942", "building_count": 753, "pv_positive_buildings": 3, "footprint_area_m2": 167876.497058484, "pv_positive_footprint_m2": 51509.901686369354, "pv_area_m2": 1771.0965966661777, "prevalence": 0.0039840637450199202, "roof_size_selection": 77.014862412661444, "conditional_intensity": 0.034383614386413179, "pv_utilization": 0.010549997335536323, "eligible_50_buildings": true, "pv_utilization_pct": 1.0549997335536323, "zero_pv_eligible_cell": false, "color_bin": ">1 to 2.5", "imagery_date": "15 May 2025" }, "geometry": { "type": "Polygon", "coordinates": [ [ [ -8011999.999999999068677, 4941999.999457794241607 ], [ -8011999.999999999068677, 4942999.999458317644894 ], [ -8012999.999999999068677, 4942999.999458317644894 ], [ -8012999.999999999068677, 4941999.999457794241607 ], [ -8011999.999999999068677, 4941999.999457794241607 ] ] ] } },
{ "type": "Feature", "properties": { "city_key": "detroit", "City": "Detroit", "grid_id": "detroit_-8013_4943", "building_count": 109, "pv_positive_buildings": 2, "footprint_area_m2": 51652.683986595366, "pv_positive_footprint_m2": 897.26009750967512, "pv_area_m2": 244.02311149401797, "prevalence": 0.01834862385321101, "roof_size_selection": 0.94672089696186434, "conditional_intensity": 0.27196474263293169, "pv_utilization": 0.0047243065153660859, "eligible_50_buildings": true, "pv_utilization_pct": 0.47243065153660857, "zero_pv_eligible_cell": false, "color_bin": ">0.25 to 1", "imagery_date": "15 May 2025" }, "geometry": { "type": "Polygon", "coordinates": [ [ [ -8011999.999999999068677, 4942999.999458317644894 ], [ -8011999.999999999068677, 4943999.999458842910826 ], [ -8012999.999999999068677, 4943999.999458842910826 ], [ -8012999.999999999068677, 4942999.999458317644894 ], [ -8011999.999999999068677, 4942999.999458317644894 ] ] ] } },
{ "type": "Feature", "properties": { "city_key": "detroit", "City": "Detroit", "grid_id": "detroit_-8012_4932", "building_count": 152, "pv_positive_buildings": 2, "footprint_area_m2": 128835.79417252794, "pv_positive_footprint_m2": 4348.1447454747322, "pv_area_m2": 108.48413222677499, "prevalence": 0.013157894736842105, "roof_size_selection": 2.564962654815881, "conditional_intensity": 0.024949521825297617, "pv_utilization": 0.00084203410180792285, "eligible_50_buildings": true, "pv_utilization_pct": 0.08420341018079229, "zero_pv_eligible_cell": false, "color_bin": ">0 to 0.25", "imagery_date": "15 May 2025" }, "geometry": { "type": "Polygon", "coordinates": [ [ [ -8010999.999999999068677, 4931999.999452533200383 ], [ -8010999.999999999068677, 4932999.999453063122928 ], [ -8011999.999999999068677, 4932999.999453063122928 ], [ -8011999.999999999068677, 4931999.999452533200383 ], [ -8010999.999999999068677, 4931999.999452533200383 ] ] ] } },
{ "type": "Feature", "properties": { "city_key": "detroit", "City": "Detroit", "grid_id": "detroit_-8012_4933", "building_count": 214, "pv_positive_buildings": 3, "footprint_area_m2": 133610.87474355099, "pv_positive_footprint_m2": 922.57222914480656, "pv_area_m2": 24.046234806863232, "prevalence": 0.014018691588785047, "roof_size_selection": 0.49255086812339982, "conditional_intensity": 0.026064338430339794, "pv_utilization": 0.00017997213814382183, "eligible_50_buildings": true, "pv_utilization_pct": 0.017997213814382181, "zero_pv_eligible_cell": false, "color_bin": ">0 to 0.25", "imagery_date": "15 May 2025" }, "geometry": { "type": "Polygon", "coordinates": [ [ [ -8010999.999999999068677, 4932999.999453063122928 ], [ -8010999.999999999068677, 4933999.999453587457538 ], [ -8011999.999999999068677, 4933999.999453587457538 ], [ -8011999.999999999068677, 4932999.999453063122928 ], [ -8010999.999999999068677, 4932999.999453063122928 ] ] ] } },
{ "type": "Feature", "properties": { "city_key": "detroit", "City": "Detroit", "grid_id": "detroit_-8012_4934", "building_count": 283, "pv_positive_buildings": 2, "footprint_area_m2": 91591.070196338391, "pv_positive_footprint_m2": 1647.9836249301911, "pv_area_m2": 26.418051323952039, "prevalence": 0.0070671378091872791, "roof_size_selection": 2.5459870970799559, "conditional_intensity": 0.016030530233618744, "pv_utilization": 0.00028843479246744487, "eligible_50_buildings": true, "pv_utilization_pct": 0.028843479246744488, "zero_pv_eligible_cell": false, "color_bin": ">0 to 0.25", "imagery_date": "15 May 2025" }, "geometry": { "type": "Polygon", "coordinates": [ [ [ -8010999.999999999068677, 4933999.999453587457538 ], [ -8010999.999999999068677, 4934999.99945411644876 ], [ -8011999.999999999068677, 4934999.99945411644876 ], [ -8011999.999999999068677, 4933999.999453587457538 ], [ -8010999.999999999068677, 4933999.999453587457538 ] ] ] } },
{ "type": "Feature", "properties": { "city_key": "detroit", "City": "Detroit", "grid_id": "detroit_-8012_4935", "building_count": 475, "pv_positive_buildings": 2, "footprint_area_m2": 72095.15198664827, "pv_positive_footprint_m2": 1362.3823948524318, "pv_area_m2": 36.481707528582248, "prevalence": 0.0042105263157894736, "roof_size_selection": 4.4880385138431453, "conditional_intensity": 0.026777876509872112, "pv_utilization": 0.00050602164671680711, "eligible_50_buildings": true, "pv_utilization_pct": 0.050602164671680709, "zero_pv_eligible_cell": false, "color_bin": ">0 to 0.25", "imagery_date": "15 May 2025" }, "geometry": { "type": "Polygon", "coordinates": [ [ [ -8010999.999999999068677, 4934999.99945411644876 ], [ -8010999.999999999068677, 4935999.999454646371305 ], [ -8011999.999999999068677, 4935999.999454646371305 ], [ -8011999.999999999068677, 4934999.99945411644876 ], [ -8010999.999999999068677, 4934999.99945411644876 ] ] ] } },
{ "type": "Feature", "properties": { "city_key": "detroit", "City": "Detroit", "grid_id": "detroit_-8012_4936", "building_count": 413, "pv_positive_buildings": 5, "footprint_area_m2": 120480.15095649853, "pv_positive_footprint_m2": 1993.1139456179787, "pv_area_m2": 59.465973775784931, "prevalence": 0.012106537530266344, "roof_size_selection": 1.3664592100941841, "conditional_intensity": 0.029835712055763623, "pv_utilization": 0.00049357486111763064, "eligible_50_buildings": true, "pv_utilization_pct": 0.049357486111763063, "zero_pv_eligible_cell": false, "color_bin": ">0 to 0.25", "imagery_date": "15 May 2025" }, "geometry": { "type": "Polygon", "coordinates": [ [ [ -8010999.999999999068677, 4935999.999454646371305 ], [ -8010999.999999999068677, 4936999.999455165117979 ], [ -8011999.999999999068677, 4936999.999455165117979 ], [ -8011999.999999999068677, 4935999.999454646371305 ], [ -8010999.999999999068677, 4935999.999454646371305 ] ] ] } },
{ "type": "Feature", "properties": { "city_key": "detroit", "City": "Detroit", "grid_id": "detroit_-8012_4937", "building_count": 342, "pv_positive_buildings": 3, "footprint_area_m2": 138146.75322817272, "pv_positive_footprint_m2": 15561.248976180568, "pv_area_m2": 85.354918800651276, "prevalence": 0.008771929824561403, "roof_size_selection": 12.84128900484945, "conditional_intensity": 0.0054850943475875944, "pv_utilization": 0.00061785685733542505, "eligible_50_buildings": true, "pv_utilization_pct": 0.061785685733542504, "zero_pv_eligible_cell": false, "color_bin": ">0 to 0.25", "imagery_date": "15 May 2025" }, "geometry": { "type": "Polygon", "coordinates": [ [ [ -8010999.999999999068677, 4936999.999455165117979 ], [ -8010999.999999999068677, 4937999.999455693177879 ], [ -8011999.999999999068677, 4937999.999455693177879 ], [ -8011999.999999999068677, 4936999.999455165117979 ], [ -8010999.999999999068677, 4936999.999455165117979 ] ] ] } },
{ "type": "Feature", "properties": { "city_key": "detroit", "City": "Detroit", "grid_id": "detroit_-8012_4939", "building_count": 103, "pv_positive_buildings": 0, "footprint_area_m2": 92095.106296263999, "pv_positive_footprint_m2": 0.0, "pv_area_m2": 0.0, "prevalence": 0.0, "roof_size_selection": null, "conditional_intensity": null, "pv_utilization": 0.0, "eligible_50_buildings": true, "pv_utilization_pct": 0.0, "zero_pv_eligible_cell": true, "color_bin": "zero", "imagery_date": "15 May 2025" }, "geometry": { "type": "Polygon", "coordinates": [ [ [ -8010999.999999999068677, 4938999.999456216581166 ], [ -8010999.999999999068677, 4939999.99945674277842 ], [ -8011999.999999999068677, 4939999.99945674277842 ], [ -8011999.999999999068677, 4938999.999456216581166 ], [ -8010999.999999999068677, 4938999.999456216581166 ] ] ] } },
{ "type": "Feature", "properties": { "city_key": "detroit", "City": "Detroit", "grid_id": "detroit_-8012_4940", "building_count": 321, "pv_positive_buildings": 2, "footprint_area_m2": 193308.76873320277, "pv_positive_footprint_m2": 3790.7498286458849, "pv_area_m2": 418.16112068357182, "prevalence": 0.0062305295950155761, "roof_size_selection": 3.1473758354820194, "conditional_intensity": 0.11031092516937355, "pv_utilization": 0.0021631771979299164, "eligible_50_buildings": true, "pv_utilization_pct": 0.21631771979299164, "zero_pv_eligible_cell": false, "color_bin": ">0 to 0.25", "imagery_date": "15 May 2025" }, "geometry": { "type": "Polygon", "coordinates": [ [ [ -8010999.999999999068677, 4939999.99945674277842 ], [ -8010999.999999999068677, 4940999.99945726711303 ], [ -8011999.999999999068677, 4940999.99945726711303 ], [ -8011999.999999999068677, 4939999.99945674277842 ], [ -8010999.999999999068677, 4939999.99945674277842 ] ] ] } },
{ "type": "Feature", "properties": { "city_key": "detroit", "City": "Detroit", "grid_id": "detroit_-8012_4941", "building_count": 825, "pv_positive_buildings": 3, "footprint_area_m2": 202759.3096266418, "pv_positive_footprint_m2": 1358.4737856675574, "pv_area_m2": 28.205748454410895, "prevalence": 0.0036363636363636364, "roof_size_selection": 1.8424815696329007, "conditional_intensity": 0.020762821301369846, "pv_utilization": 0.00013910951120492851, "eligible_50_buildings": true, "pv_utilization_pct": 0.013910951120492851, "zero_pv_eligible_cell": false, "color_bin": ">0 to 0.25", "imagery_date": "15 May 2025" }, "geometry": { "type": "Polygon", "coordinates": [ [ [ -8010999.999999999068677, 4940999.99945726711303 ], [ -8010999.999999999068677, 4941999.999457794241607 ], [ -8011999.999999999068677, 4941999.999457794241607 ], [ -8011999.999999999068677, 4940999.99945726711303 ], [ -8010999.999999999068677, 4940999.99945726711303 ] ] ] } },
{ "type": "Feature", "properties": { "city_key": "detroit", "City": "Detroit", "grid_id": "detroit_-8012_4942", "building_count": 1031, "pv_positive_buildings": 5, "footprint_area_m2": 204583.65300090201, "pv_positive_footprint_m2": 22363.336929172205, "pv_area_m2": 273.00612626269725, "prevalence": 0.004849660523763337, "roof_size_selection": 22.540022172616975, "conditional_intensity": 0.01220775446559454, "pv_utilization": 0.0013344474118931369, "eligible_50_buildings": true, "pv_utilization_pct": 0.13344474118931368, "zero_pv_eligible_cell": false, "color_bin": ">0 to 0.25", "imagery_date": "15 May 2025" }, "geometry": { "type": "Polygon", "coordinates": [ [ [ -8010999.999999999068677, 4941999.999457794241607 ], [ -8010999.999999999068677, 4942999.999458317644894 ], [ -8011999.999999999068677, 4942999.999458317644894 ], [ -8011999.999999999068677, 4941999.999457794241607 ], [ -8010999.999999999068677, 4941999.999457794241607 ] ] ] } },
{ "type": "Feature", "properties": { "city_key": "detroit", "City": "Detroit", "grid_id": "detroit_-8012_4943", "building_count": 395, "pv_positive_buildings": 1, "footprint_area_m2": 45420.750863344838, "pv_positive_footprint_m2": 107.04714142092541, "pv_area_m2": 11.982643509433943, "prevalence": 0.0025316455696202532, "roof_size_selection": 0.93093178905126805, "conditional_intensity": 0.11193800554016096, "pv_utilization": 0.00026381429812742484, "eligible_50_buildings": true, "pv_utilization_pct": 0.026381429812742482, "zero_pv_eligible_cell": false, "color_bin": ">0 to 0.25", "imagery_date": "15 May 2025" }, "geometry": { "type": "Polygon", "coordinates": [ [ [ -8010999.999999999068677, 4942999.999458317644894 ], [ -8010999.999999999068677, 4943999.999458842910826 ], [ -8011999.999999999068677, 4943999.999458842910826 ], [ -8011999.999999999068677, 4942999.999458317644894 ], [ -8010999.999999999068677, 4942999.999458317644894 ] ] ] } },
{ "type": "Feature", "properties": { "city_key": "detroit", "City": "Detroit", "grid_id": "detroit_-8011_4932", "building_count": 105, "pv_positive_buildings": 1, "footprint_area_m2": 107241.04522731253, "pv_positive_footprint_m2": 1354.2526618979175, "pv_area_m2": 8.4221224670030335, "prevalence": 0.0095238095238095247, "roof_size_selection": 1.3259524764783459, "conditional_intensity": 0.0062190185804765919, "pv_utilization": 7.8534505600455089e-05, "eligible_50_buildings": true, "pv_utilization_pct": 0.0078534505600455096, "zero_pv_eligible_cell": false, "color_bin": ">0 to 0.25", "imagery_date": "15 May 2025" }, "geometry": { "type": "Polygon", "coordinates": [ [ [ -8010000.0, 4931999.999452533200383 ], [ -8010000.0, 4932999.999453063122928 ], [ -8010999.999999999068677, 4932999.999453063122928 ], [ -8010999.999999999068677, 4931999.999452533200383 ], [ -8010000.0, 4931999.999452533200383 ] ] ] } },
{ "type": "Feature", "properties": { "city_key": "detroit", "City": "Detroit", "grid_id": "detroit_-8011_4933", "building_count": 225, "pv_positive_buildings": 2, "footprint_area_m2": 130542.61171507413, "pv_positive_footprint_m2": 1095.3043855887925, "pv_area_m2": 43.947054195968391, "prevalence": 0.0088888888888888889, "roof_size_selection": 0.94391970376451706, "conditional_intensity": 0.040123142730177412, "pv_utilization": 0.00033664911111084883, "eligible_50_buildings": true, "pv_utilization_pct": 0.033664911111084883, "zero_pv_eligible_cell": false, "color_bin": ">0 to 0.25", "imagery_date": "15 May 2025" }, "geometry": { "type": "Polygon", "coordinates": [ [ [ -8010000.0, 4932999.999453063122928 ], [ -8010000.0, 4933999.999453587457538 ], [ -8010999.999999999068677, 4933999.999453587457538 ], [ -8010999.999999999068677, 4932999.999453063122928 ], [ -8010000.0, 4932999.999453063122928 ] ] ] } },
{ "type": "Feature", "properties": { "city_key": "detroit", "City": "Detroit", "grid_id": "detroit_-8011_4934", "building_count": 317, "pv_positive_buildings": 0, "footprint_area_m2": 77410.039037790033, "pv_positive_footprint_m2": 0.0, "pv_area_m2": 0.0, "prevalence": 0.0, "roof_size_selection": null, "conditional_intensity": null, "pv_utilization": 0.0, "eligible_50_buildings": true, "pv_utilization_pct": 0.0, "zero_pv_eligible_cell": true, "color_bin": "zero", "imagery_date": "15 May 2025" }, "geometry": { "type": "Polygon", "coordinates": [ [ [ -8010000.0, 4933999.999453587457538 ], [ -8010000.0, 4934999.99945411644876 ], [ -8010999.999999999068677, 4934999.99945411644876 ], [ -8010999.999999999068677, 4933999.999453587457538 ], [ -8010000.0, 4933999.999453587457538 ] ] ] } },
{ "type": "Feature", "properties": { "city_key": "detroit", "City": "Detroit", "grid_id": "detroit_-8011_4935", "building_count": 405, "pv_positive_buildings": 2, "footprint_area_m2": 189513.22252061591, "pv_positive_footprint_m2": 25990.168631597709, "pv_area_m2": 70.092739357252697, "prevalence": 0.0049382716049382715, "roof_size_selection": 27.771197586627537, "conditional_intensity": 0.0026968943661272366, "pv_utilization": 0.00036985672252830677, "eligible_50_buildings": true, "pv_utilization_pct": 0.036985672252830677, "zero_pv_eligible_cell": false, "color_bin": ">0 to 0.25", "imagery_date": "15 May 2025" }, "geometry": { "type": "Polygon", "coordinates": [ [ [ -8010000.0, 4934999.99945411644876 ], [ -8010000.0, 4935999.999454646371305 ], [ -8010999.999999999068677, 4935999.999454646371305 ], [ -8010999.999999999068677, 4934999.99945411644876 ], [ -8010000.0, 4934999.99945411644876 ] ] ] } },
{ "type": "Feature", "properties": { "city_key": "detroit", "City": "Detroit", "grid_id": "detroit_-8011_4936", "building_count": 433, "pv_positive_buildings": 5, "footprint_area_m2": 123401.49853732839, "pv_positive_footprint_m2": 650.99967947968196, "pv_area_m2": 59.371311998940833, "prevalence": 0.011547344110854504, "roof_size_selection": 0.45685484302191676, "conditional_intensity": 0.091200216943876145, "pv_utilization": 0.00048112310387366392, "eligible_50_buildings": true, "pv_utilization_pct": 0.048112310387366394, "zero_pv_eligible_cell": false, "color_bin": ">0 to 0.25", "imagery_date": "15 May 2025" }, "geometry": { "type": "Polygon", "coordinates": [ [ [ -8010000.0, 4935999.999454646371305 ], [ -8010000.0, 4936999.999455165117979 ], [ -8010999.999999999068677, 4936999.999455165117979 ], [ -8010999.999999999068677, 4935999.999454646371305 ], [ -8010000.0, 4935999.999454646371305 ] ] ] } },
{ "type": "Feature", "properties": { "city_key": "detroit", "City": "Detroit", "grid_id": "detroit_-8011_4937", "building_count": 462, "pv_positive_buildings": 2, "footprint_area_m2": 105935.44719761483, "pv_positive_footprint_m2": 302.51941074162102, "pv_area_m2": 6.4640722679756628, "prevalence": 0.004329004329004329, "roof_size_selection": 0.65966572785551869, "conditional_intensity": 0.021367462841901958, "pv_utilization": 6.101897371441127e-05, "eligible_50_buildings": true, "pv_utilization_pct": 0.0061018973714411272, "zero_pv_eligible_cell": false, "color_bin": ">0 to 0.25", "imagery_date": "15 May 2025" }, "geometry": { "type": "Polygon", "coordinates": [ [ [ -8010000.0, 4936999.999455165117979 ], [ -8010000.0, 4937999.999455693177879 ], [ -8010999.999999999068677, 4937999.999455693177879 ], [ -8010999.999999999068677, 4936999.999455165117979 ], [ -8010000.0, 4936999.999455165117979 ] ] ] } },
{ "type": "Feature", "properties": { "city_key": "detroit", "City": "Detroit", "grid_id": "detroit_-8011_4938", "building_count": 585, "pv_positive_buildings": 0, "footprint_area_m2": 81669.425771405455, "pv_positive_footprint_m2": 0.0, "pv_area_m2": 0.0, "prevalence": 0.0, "roof_size_selection": null, "conditional_intensity": null, "pv_utilization": 0.0, "eligible_50_buildings": true, "pv_utilization_pct": 0.0, "zero_pv_eligible_cell": true, "color_bin": "zero", "imagery_date": "15 May 2025" }, "geometry": { "type": "Polygon", "coordinates": [ [ [ -8010000.0, 4937999.999455693177879 ], [ -8010000.0, 4938999.999456216581166 ], [ -8010999.999999999068677, 4938999.999456216581166 ], [ -8010999.999999999068677, 4937999.999455693177879 ], [ -8010000.0, 4937999.999455693177879 ] ] ] } },
{ "type": "Feature", "properties": { "city_key": "detroit", "City": "Detroit", "grid_id": "detroit_-8011_4939", "building_count": 306, "pv_positive_buildings": 0, "footprint_area_m2": 63268.870166768327, "pv_positive_footprint_m2": 0.0, "pv_area_m2": 0.0, "prevalence": 0.0, "roof_size_selection": null, "conditional_intensity": null, "pv_utilization": 0.0, "eligible_50_buildings": true, "pv_utilization_pct": 0.0, "zero_pv_eligible_cell": true, "color_bin": "zero", "imagery_date": "15 May 2025" }, "geometry": { "type": "Polygon", "coordinates": [ [ [ -8010000.0, 4938999.999456216581166 ], [ -8010000.0, 4939999.99945674277842 ], [ -8010999.999999999068677, 4939999.99945674277842 ], [ -8010999.999999999068677, 4938999.999456216581166 ], [ -8010000.0, 4938999.999456216581166 ] ] ] } },
{ "type": "Feature", "properties": { "city_key": "detroit", "City": "Detroit", "grid_id": "detroit_-8011_4940", "building_count": 367, "pv_positive_buildings": 0, "footprint_area_m2": 79303.317283158365, "pv_positive_footprint_m2": 0.0, "pv_area_m2": 0.0, "prevalence": 0.0, "roof_size_selection": null, "conditional_intensity": null, "pv_utilization": 0.0, "eligible_50_buildings": true, "pv_utilization_pct": 0.0, "zero_pv_eligible_cell": true, "color_bin": "zero", "imagery_date": "15 May 2025" }, "geometry": { "type": "Polygon", "coordinates": [ [ [ -8010000.0, 4939999.99945674277842 ], [ -8010000.0, 4940999.99945726711303 ], [ -8010999.999999999068677, 4940999.99945726711303 ], [ -8010999.999999999068677, 4939999.99945674277842 ], [ -8010000.0, 4939999.99945674277842 ] ] ] } },
{ "type": "Feature", "properties": { "city_key": "detroit", "City": "Detroit", "grid_id": "detroit_-8011_4941", "building_count": 621, "pv_positive_buildings": 3, "footprint_area_m2": 87369.741717556317, "pv_positive_footprint_m2": 531.86360701622118, "pv_area_m2": 91.310734407971111, "prevalence": 0.004830917874396135, "roof_size_selection": 1.2601132209852333, "conditional_intensity": 0.17168073393896688, "pv_utilization": 0.001045107065820968, "eligible_50_buildings": true, "pv_utilization_pct": 0.1045107065820968, "zero_pv_eligible_cell": false, "color_bin": ">0 to 0.25", "imagery_date": "15 May 2025" }, "geometry": { "type": "Polygon", "coordinates": [ [ [ -8010000.0, 4940999.99945726711303 ], [ -8010000.0, 4941999.999457794241607 ], [ -8010999.999999999068677, 4941999.999457794241607 ], [ -8010999.999999999068677, 4940999.99945726711303 ], [ -8010000.0, 4940999.99945726711303 ] ] ] } },
{ "type": "Feature", "properties": { "city_key": "detroit", "City": "Detroit", "grid_id": "detroit_-8011_4942", "building_count": 1357, "pv_positive_buildings": 6, "footprint_area_m2": 215566.46607638939, "pv_positive_footprint_m2": 774.53830991842756, "pv_area_m2": 72.301912323661, "prevalence": 0.0044215180545320561, "roof_size_selection": 0.81262522389641267, "conditional_intensity": 0.093348400457138991, "pv_utilization": 0.00033540426597724932, "eligible_50_buildings": true, "pv_utilization_pct": 0.03354042659772493, "zero_pv_eligible_cell": false, "color_bin": ">0 to 0.25", "imagery_date": "15 May 2025" }, "geometry": { "type": "Polygon", "coordinates": [ [ [ -8010000.0, 4941999.999457794241607 ], [ -8010000.0, 4942999.999458317644894 ], [ -8010999.999999999068677, 4942999.999458317644894 ], [ -8010999.999999999068677, 4941999.999457794241607 ], [ -8010000.0, 4941999.999457794241607 ] ] ] } },
{ "type": "Feature", "properties": { "city_key": "detroit", "City": "Detroit", "grid_id": "detroit_-8011_4943", "building_count": 385, "pv_positive_buildings": 1, "footprint_area_m2": 65311.559537285058, "pv_positive_footprint_m2": 797.56528174623827, "pv_area_m2": 201.18247213863535, "prevalence": 0.0025974025974025974, "roof_size_selection": 4.7015051492838085, "conditional_intensity": 0.25224577441253976, "pv_utilization": 0.0030803501487938643, "eligible_50_buildings": true, "pv_utilization_pct": 0.30803501487938645, "zero_pv_eligible_cell": false, "color_bin": ">0.25 to 1", "imagery_date": "15 May 2025" }, "geometry": { "type": "Polygon", "coordinates": [ [ [ -8010000.0, 4942999.999458317644894 ], [ -8010000.0, 4943999.999458842910826 ], [ -8010999.999999999068677, 4943999.999458842910826 ], [ -8010999.999999999068677, 4942999.999458317644894 ], [ -8010000.0, 4942999.999458317644894 ] ] ] } },
{ "type": "Feature", "properties": { "city_key": "detroit", "City": "Detroit", "grid_id": "detroit_-8010_4933", "building_count": 154, "pv_positive_buildings": 1, "footprint_area_m2": 152701.37192912612, "pv_positive_footprint_m2": 413.51540987402308, "pv_area_m2": 34.606643949075618, "prevalence": 0.0064935064935064939, "roof_size_selection": 0.41703209549522735, "conditional_intensity": 0.083688885886062839, "pv_utilization": 0.00022662955487484247, "eligible_50_buildings": true, "pv_utilization_pct": 0.022662955487484246, "zero_pv_eligible_cell": false, "color_bin": ">0 to 0.25", "imagery_date": "15 May 2025" }, "geometry": { "type": "Polygon", "coordinates": [ [ [ -8009000.0, 4932999.999453063122928 ], [ -8009000.0, 4933999.999453587457538 ], [ -8010000.0, 4933999.999453587457538 ], [ -8010000.0, 4932999.999453063122928 ], [ -8009000.0, 4932999.999453063122928 ] ] ] } },
{ "type": "Feature", "properties": { "city_key": "detroit", "City": "Detroit", "grid_id": "detroit_-8010_4934", "building_count": 547, "pv_positive_buildings": 5, "footprint_area_m2": 158594.11226064316, "pv_positive_footprint_m2": 13663.821167343272, "pv_area_m2": 165.22887972781882, "prevalence": 0.009140767824497258, "roof_size_selection": 9.4254573161623618, "conditional_intensity": 0.012092435761872982, "pv_utilization": 0.0010418348914256771, "eligible_50_buildings": true, "pv_utilization_pct": 0.10418348914256771, "zero_pv_eligible_cell": false, "color_bin": ">0 to 0.25", "imagery_date": "15 May 2025" }, "geometry": { "type": "Polygon", "coordinates": [ [ [ -8009000.0, 4933999.999453587457538 ], [ -8009000.0, 4934999.99945411644876 ], [ -8010000.0, 4934999.99945411644876 ], [ -8010000.0, 4933999.999453587457538 ], [ -8009000.0, 4933999.999453587457538 ] ] ] } },
{ "type": "Feature", "properties": { "city_key": "detroit", "City": "Detroit", "grid_id": "detroit_-8010_4935", "building_count": 820, "pv_positive_buildings": 1, "footprint_area_m2": 115460.66242151853, "pv_positive_footprint_m2": 2045.2447556669656, "pv_area_m2": 22.667106607597479, "prevalence": 0.0012195121951219512, "roof_size_selection": 14.525299478399223, "conditional_intensity": 0.011082833262274085, "pv_utilization": 0.00019631886854109184, "eligible_50_buildings": true, "pv_utilization_pct": 0.019631886854109184, "zero_pv_eligible_cell": false, "color_bin": ">0 to 0.25", "imagery_date": "15 May 2025" }, "geometry": { "type": "Polygon", "coordinates": [ [ [ -8009000.0, 4934999.99945411644876 ], [ -8009000.0, 4935999.999454646371305 ], [ -8010000.0, 4935999.999454646371305 ], [ -8010000.0, 4934999.99945411644876 ], [ -8009000.0, 4934999.99945411644876 ] ] ] } },
{ "type": "Feature", "properties": { "city_key": "detroit", "City": "Detroit", "grid_id": "detroit_-8010_4936", "building_count": 855, "pv_positive_buildings": 4, "footprint_area_m2": 106779.73246084164, "pv_positive_footprint_m2": 2573.0498978233413, "pv_area_m2": 144.70610725561724, "prevalence": 0.0046783625730994153, "roof_size_selection": 5.1506910813944193, "conditional_intensity": 0.056239137600102761, "pv_utilization": 0.0013551832723376039, "eligible_50_buildings": true, "pv_utilization_pct": 0.13551832723376039, "zero_pv_eligible_cell": false, "color_bin": ">0 to 0.25", "imagery_date": "15 May 2025" }, "geometry": { "type": "Polygon", "coordinates": [ [ [ -8009000.0, 4935999.999454646371305 ], [ -8009000.0, 4936999.999455165117979 ], [ -8010000.0, 4936999.999455165117979 ], [ -8010000.0, 4935999.999454646371305 ], [ -8009000.0, 4935999.999454646371305 ] ] ] } },
{ "type": "Feature", "properties": { "city_key": "detroit", "City": "Detroit", "grid_id": "detroit_-8010_4937", "building_count": 900, "pv_positive_buildings": 1, "footprint_area_m2": 99734.674206370473, "pv_positive_footprint_m2": 150.44365690168632, "pv_area_m2": 6.9027614953368701, "prevalence": 0.0011111111111111111, "roof_size_selection": 1.3575949617216394, "conditional_intensity": 0.045882702119157917, "pv_utilization": 6.921125025238175e-05, "eligible_50_buildings": true, "pv_utilization_pct": 0.0069211250252381746, "zero_pv_eligible_cell": false, "color_bin": ">0 to 0.25", "imagery_date": "15 May 2025" }, "geometry": { "type": "Polygon", "coordinates": [ [ [ -8009000.0, 4936999.999455165117979 ], [ -8009000.0, 4937999.999455693177879 ], [ -8010000.0, 4937999.999455693177879 ], [ -8010000.0, 4936999.999455165117979 ], [ -8009000.0, 4936999.999455165117979 ] ] ] } },
{ "type": "Feature", "properties": { "city_key": "detroit", "City": "Detroit", "grid_id": "detroit_-8010_4938", "building_count": 643, "pv_positive_buildings": 4, "footprint_area_m2": 133629.52098854081, "pv_positive_footprint_m2": 12884.776692982594, "pv_area_m2": 26.96540635210394, "prevalence": 0.0062208398133748056, "roof_size_selection": 15.499777579645494, "conditional_intensity": 0.0020928113070667379, "pv_utilization": 0.00020179228476330702, "eligible_50_buildings": true, "pv_utilization_pct": 0.020179228476330701, "zero_pv_eligible_cell": false, "color_bin": ">0 to 0.25", "imagery_date": "15 May 2025" }, "geometry": { "type": "Polygon", "coordinates": [ [ [ -8009000.0, 4937999.999455693177879 ], [ -8009000.0, 4938999.999456216581166 ], [ -8010000.0, 4938999.999456216581166 ], [ -8010000.0, 4937999.999455693177879 ], [ -8009000.0, 4937999.999455693177879 ] ] ] } },
{ "type": "Feature", "properties": { "city_key": "detroit", "City": "Detroit", "grid_id": "detroit_-8010_4940", "building_count": 550, "pv_positive_buildings": 0, "footprint_area_m2": 62246.235064054461, "pv_positive_footprint_m2": 0.0, "pv_area_m2": 0.0, "prevalence": 0.0, "roof_size_selection": null, "conditional_intensity": null, "pv_utilization": 0.0, "eligible_50_buildings": true, "pv_utilization_pct": 0.0, "zero_pv_eligible_cell": true, "color_bin": "zero", "imagery_date": "15 May 2025" }, "geometry": { "type": "Polygon", "coordinates": [ [ [ -8009000.0, 4939999.99945674277842 ], [ -8009000.0, 4940999.99945726711303 ], [ -8010000.0, 4940999.99945726711303 ], [ -8010000.0, 4939999.99945674277842 ], [ -8009000.0, 4939999.99945674277842 ] ] ] } },
{ "type": "Feature", "properties": { "city_key": "detroit", "City": "Detroit", "grid_id": "detroit_-8010_4941", "building_count": 1032, "pv_positive_buildings": 3, "footprint_area_m2": 86617.358713111156, "pv_positive_footprint_m2": 632.61975536795148, "pv_area_m2": 23.492918273127902, "prevalence": 0.0029069767441860465, "roof_size_selection": 2.5124432224649937, "conditional_intensity": 0.037135922604035157, "pv_utilization": 0.00027122644493166482, "eligible_50_buildings": true, "pv_utilization_pct": 0.027122644493166481, "zero_pv_eligible_cell": false, "color_bin": ">0 to 0.25", "imagery_date": "15 May 2025" }, "geometry": { "type": "Polygon", "coordinates": [ [ [ -8009000.0, 4940999.99945726711303 ], [ -8009000.0, 4941999.999457794241607 ], [ -8010000.0, 4941999.999457794241607 ], [ -8010000.0, 4940999.99945726711303 ], [ -8009000.0, 4940999.99945726711303 ] ] ] } },
{ "type": "Feature", "properties": { "city_key": "detroit", "City": "Detroit", "grid_id": "detroit_-8010_4942", "building_count": 550, "pv_positive_buildings": 1, "footprint_area_m2": 120739.33689553084, "pv_positive_footprint_m2": 7900.6649382630176, "pv_area_m2": 13.633848669282715, "prevalence": 0.0018181818181818182, "roof_size_selection": 35.989643704971371, "conditional_intensity": 0.0017256583813919026, "pv_utilization": 0.00011291969145962215, "eligible_50_buildings": true, "pv_utilization_pct": 0.011291969145962215, "zero_pv_eligible_cell": false, "color_bin": ">0 to 0.25", "imagery_date": "15 May 2025" }, "geometry": { "type": "Polygon", "coordinates": [ [ [ -8009000.0, 4941999.999457794241607 ], [ -8009000.0, 4942999.999458317644894 ], [ -8010000.0, 4942999.999458317644894 ], [ -8010000.0, 4941999.999457794241607 ], [ -8009000.0, 4941999.999457794241607 ] ] ] } },
{ "type": "Feature", "properties": { "city_key": "detroit", "City": "Detroit", "grid_id": "detroit_-8009_4933", "building_count": 61, "pv_positive_buildings": 0, "footprint_area_m2": 31758.086264836682, "pv_positive_footprint_m2": 0.0, "pv_area_m2": 0.0, "prevalence": 0.0, "roof_size_selection": null, "conditional_intensity": null, "pv_utilization": 0.0, "eligible_50_buildings": true, "pv_utilization_pct": 0.0, "zero_pv_eligible_cell": true, "color_bin": "zero", "imagery_date": "15 May 2025" }, "geometry": { "type": "Polygon", "coordinates": [ [ [ -8008000.0, 4932999.999453063122928 ], [ -8008000.0, 4933999.999453587457538 ], [ -8009000.0, 4933999.999453587457538 ], [ -8009000.0, 4932999.999453063122928 ], [ -8008000.0, 4932999.999453063122928 ] ] ] } },
{ "type": "Feature", "properties": { "city_key": "detroit", "City": "Detroit", "grid_id": "detroit_-8009_4934", "building_count": 648, "pv_positive_buildings": 3, "footprint_area_m2": 148841.87330071948, "pv_positive_footprint_m2": 1370.5644136143735, "pv_area_m2": 67.871870961355285, "prevalence": 0.0046296296296296294, "roof_size_selection": 1.9889692784407709, "conditional_intensity": 0.049521109907098418, "pv_utilization": 0.00045599984370142433, "eligible_50_buildings": true, "pv_utilization_pct": 0.045599984370142434, "zero_pv_eligible_cell": false, "color_bin": ">0 to 0.25", "imagery_date": "15 May 2025" }, "geometry": { "type": "Polygon", "coordinates": [ [ [ -8008000.0, 4933999.999453587457538 ], [ -8008000.0, 4934999.99945411644876 ], [ -8009000.0, 4934999.99945411644876 ], [ -8009000.0, 4933999.999453587457538 ], [ -8008000.0, 4933999.999453587457538 ] ] ] } },
{ "type": "Feature", "properties": { "city_key": "detroit", "City": "Detroit", "grid_id": "detroit_-8009_4935", "building_count": 969, "pv_positive_buildings": 5, "footprint_area_m2": 115408.51505149798, "pv_positive_footprint_m2": 948.24892262452431, "pv_area_m2": 96.836855677863994, "prevalence": 0.0051599587203302374, "roof_size_selection": 1.5923490664673232, "conditional_intensity": 0.10212176715143839, "pv_utilization": 0.00083907895041066189, "eligible_50_buildings": true, "pv_utilization_pct": 0.083907895041066188, "zero_pv_eligible_cell": false, "color_bin": ">0 to 0.25", "imagery_date": "15 May 2025" }, "geometry": { "type": "Polygon", "coordinates": [ [ [ -8008000.0, 4934999.99945411644876 ], [ -8008000.0, 4935999.999454646371305 ], [ -8009000.0, 4935999.999454646371305 ], [ -8009000.0, 4934999.99945411644876 ], [ -8008000.0, 4934999.99945411644876 ] ] ] } },
{ "type": "Feature", "properties": { "city_key": "detroit", "City": "Detroit", "grid_id": "detroit_-8009_4936", "building_count": 1009, "pv_positive_buildings": 5, "footprint_area_m2": 121372.23691039404, "pv_positive_footprint_m2": 1405.9283053791994, "pv_area_m2": 88.212657282723612, "prevalence": 0.0049554013875123884, "roof_size_selection": 2.3375719130478152, "conditional_intensity": 0.062743353942882149, "pv_utilization": 0.0007267943602938514, "eligible_50_buildings": true, "pv_utilization_pct": 0.072679436029385147, "zero_pv_eligible_cell": false, "color_bin": ">0 to 0.25", "imagery_date": "15 May 2025" }, "geometry": { "type": "Polygon", "coordinates": [ [ [ -8008000.0, 4935999.999454646371305 ], [ -8008000.0, 4936999.999455165117979 ], [ -8009000.0, 4936999.999455165117979 ], [ -8009000.0, 4935999.999454646371305 ], [ -8008000.0, 4935999.999454646371305 ] ] ] } },
{ "type": "Feature", "properties": { "city_key": "detroit", "City": "Detroit", "grid_id": "detroit_-8009_4937", "building_count": 835, "pv_positive_buildings": 1, "footprint_area_m2": 96408.840164728012, "pv_positive_footprint_m2": 338.72415713048736, "pv_area_m2": 7.1933124108760751, "prevalence": 0.0011976047904191617, "roof_size_selection": 2.9337005892892631, "conditional_intensity": 0.021236490694417704, "pv_utilization": 7.4612581155268464e-05, "eligible_50_buildings": true, "pv_utilization_pct": 0.007461258115526846, "zero_pv_eligible_cell": false, "color_bin": ">0 to 0.25", "imagery_date": "15 May 2025" }, "geometry": { "type": "Polygon", "coordinates": [ [ [ -8008000.0, 4936999.999455165117979 ], [ -8008000.0, 4937999.999455693177879 ], [ -8009000.0, 4937999.999455693177879 ], [ -8009000.0, 4936999.999455165117979 ], [ -8008000.0, 4936999.999455165117979 ] ] ] } },
{ "type": "Feature", "properties": { "city_key": "detroit", "City": "Detroit", "grid_id": "detroit_-8009_4938", "building_count": 333, "pv_positive_buildings": 2, "footprint_area_m2": 110918.48542280823, "pv_positive_footprint_m2": 1278.8439240208506, "pv_area_m2": 6.6075380337527871, "prevalence": 0.006006006006006006, "roof_size_selection": 1.9196756297006492, "conditional_intensity": 0.0051668056669322343, "pv_utilization": 5.957111664990402e-05, "eligible_50_buildings": true, "pv_utilization_pct": 0.0059571116649904023, "zero_pv_eligible_cell": false, "color_bin": ">0 to 0.25", "imagery_date": "15 May 2025" }, "geometry": { "type": "Polygon", "coordinates": [ [ [ -8008000.0, 4937999.999455693177879 ], [ -8008000.0, 4938999.999456216581166 ], [ -8009000.0, 4938999.999456216581166 ], [ -8009000.0, 4937999.999455693177879 ], [ -8008000.0, 4937999.999455693177879 ] ] ] } },
{ "type": "Feature", "properties": { "city_key": "detroit", "City": "Detroit", "grid_id": "detroit_-8009_4939", "building_count": 551, "pv_positive_buildings": 0, "footprint_area_m2": 85438.642104937346, "pv_positive_footprint_m2": 0.0, "pv_area_m2": 0.0, "prevalence": 0.0, "roof_size_selection": null, "conditional_intensity": null, "pv_utilization": 0.0, "eligible_50_buildings": true, "pv_utilization_pct": 0.0, "zero_pv_eligible_cell": true, "color_bin": "zero", "imagery_date": "15 May 2025" }, "geometry": { "type": "Polygon", "coordinates": [ [ [ -8008000.0, 4938999.999456216581166 ], [ -8008000.0, 4939999.99945674277842 ], [ -8009000.0, 4939999.99945674277842 ], [ -8009000.0, 4938999.999456216581166 ], [ -8008000.0, 4938999.999456216581166 ] ] ] } },
{ "type": "Feature", "properties": { "city_key": "detroit", "City": "Detroit", "grid_id": "detroit_-8009_4940", "building_count": 1661, "pv_positive_buildings": 2, "footprint_area_m2": 154158.72071498114, "pv_positive_footprint_m2": 205.30037941958352, "pv_area_m2": 17.092632619128494, "prevalence": 0.0012040939193257074, "roof_size_selection": 1.1060156980882025, "conditional_intensity": 0.083256702532416432, "pv_utilization": 0.00011087684524011123, "eligible_50_buildings": true, "pv_utilization_pct": 0.011087684524011123, "zero_pv_eligible_cell": false, "color_bin": ">0 to 0.25", "imagery_date": "15 May 2025" }, "geometry": { "type": "Polygon", "coordinates": [ [ [ -8008000.0, 4939999.99945674277842 ], [ -8008000.0, 4940999.99945726711303 ], [ -8009000.0, 4940999.99945726711303 ], [ -8009000.0, 4939999.99945674277842 ], [ -8008000.0, 4939999.99945674277842 ] ] ] } },
{ "type": "Feature", "properties": { "city_key": "detroit", "City": "Detroit", "grid_id": "detroit_-8009_4941", "building_count": 1099, "pv_positive_buildings": 2, "footprint_area_m2": 121375.31386116572, "pv_positive_footprint_m2": 181.50737181902565, "pv_area_m2": 16.648735919322682, "prevalence": 0.0018198362147406734, "roof_size_selection": 0.82173464802438767, "conditional_intensity": 0.091724847054270212, "pv_utilization": 0.00013716739746902915, "eligible_50_buildings": true, "pv_utilization_pct": 0.013716739746902915, "zero_pv_eligible_cell": false, "color_bin": ">0 to 0.25", "imagery_date": "15 May 2025" }, "geometry": { "type": "Polygon", "coordinates": [ [ [ -8008000.0, 4940999.99945726711303 ], [ -8008000.0, 4941999.999457794241607 ], [ -8009000.0, 4941999.999457794241607 ], [ -8009000.0, 4940999.99945726711303 ], [ -8008000.0, 4940999.99945726711303 ] ] ] } },
{ "type": "Feature", "properties": { "city_key": "detroit", "City": "Detroit", "grid_id": "detroit_-8009_4942", "building_count": 1100, "pv_positive_buildings": 4, "footprint_area_m2": 96236.260134141907, "pv_positive_footprint_m2": 593.79257250966998, "pv_area_m2": 39.543489912840663, "prevalence": 0.0036363636363636364, "roof_size_selection": 1.6967924274337789, "conditional_intensity": 0.066594787041053288, "pv_utilization": 0.0004109001103920886, "eligible_50_buildings": true, "pv_utilization_pct": 0.041090011039208861, "zero_pv_eligible_cell": false, "color_bin": ">0 to 0.25", "imagery_date": "15 May 2025" }, "geometry": { "type": "Polygon", "coordinates": [ [ [ -8008000.0, 4941999.999457794241607 ], [ -8008000.0, 4942999.999458317644894 ], [ -8009000.0, 4942999.999458317644894 ], [ -8009000.0, 4941999.999457794241607 ], [ -8008000.0, 4941999.999457794241607 ] ] ] } },
{ "type": "Feature", "properties": { "city_key": "detroit", "City": "Detroit", "grid_id": "detroit_-8009_4943", "building_count": 421, "pv_positive_buildings": 1, "footprint_area_m2": 75361.651490709366, "pv_positive_footprint_m2": 575.9216858006597, "pv_area_m2": 14.310718463094254, "prevalence": 0.0023752969121140144, "roof_size_selection": 3.2173263845202325, "conditional_intensity": 0.024848375770395174, "pv_utilization": 0.00018989390731250747, "eligible_50_buildings": true, "pv_utilization_pct": 0.018989390731250746, "zero_pv_eligible_cell": false, "color_bin": ">0 to 0.25", "imagery_date": "15 May 2025" }, "geometry": { "type": "Polygon", "coordinates": [ [ [ -8008000.0, 4942999.999458317644894 ], [ -8008000.0, 4943999.999458842910826 ], [ -8009000.0, 4943999.999458842910826 ], [ -8009000.0, 4942999.999458317644894 ], [ -8008000.0, 4942999.999458317644894 ] ] ] } },
{ "type": "Feature", "properties": { "city_key": "detroit", "City": "Detroit", "grid_id": "detroit_-8008_4934", "building_count": 453, "pv_positive_buildings": 6, "footprint_area_m2": 124050.91474597738, "pv_positive_footprint_m2": 1995.91869524873, "pv_area_m2": 53.17520680196936, "prevalence": 0.013245033112582781, "roof_size_selection": 1.2147581644186596, "conditional_intensity": 0.026641970401175434, "pv_utilization": 0.00042865630544408124, "eligible_50_buildings": true, "pv_utilization_pct": 0.042865630544408125, "zero_pv_eligible_cell": false, "color_bin": ">0 to 0.25", "imagery_date": "15 May 2025" }, "geometry": { "type": "Polygon", "coordinates": [ [ [ -8006999.999999999068677, 4933999.999453587457538 ], [ -8006999.999999999068677, 4934999.99945411644876 ], [ -8008000.0, 4934999.99945411644876 ], [ -8008000.0, 4933999.999453587457538 ], [ -8006999.999999999068677, 4933999.999453587457538 ] ] ] } },
{ "type": "Feature", "properties": { "city_key": "detroit", "City": "Detroit", "grid_id": "detroit_-8008_4935", "building_count": 592, "pv_positive_buildings": 4, "footprint_area_m2": 74360.0070188643, "pv_positive_footprint_m2": 626.91787505423702, "pv_area_m2": 81.075762516276271, "prevalence": 0.0067567567567567571, "roof_size_selection": 1.2477654215993936, "conditional_intensity": 0.12932437523696722, "pv_utilization": 0.0010903140783150849, "eligible_50_buildings": true, "pv_utilization_pct": 0.10903140783150848, "zero_pv_eligible_cell": false, "color_bin": ">0 to 0.25", "imagery_date": "15 May 2025" }, "geometry": { "type": "Polygon", "coordinates": [ [ [ -8006999.999999999068677, 4934999.99945411644876 ], [ -8006999.999999999068677, 4935999.999454646371305 ], [ -8008000.0, 4935999.999454646371305 ], [ -8008000.0, 4934999.99945411644876 ], [ -8006999.999999999068677, 4934999.99945411644876 ] ] ] } },
{ "type": "Feature", "properties": { "city_key": "detroit", "City": "Detroit", "grid_id": "detroit_-8008_4936", "building_count": 906, "pv_positive_buildings": 1, "footprint_area_m2": 106273.892667489, "pv_positive_footprint_m2": 122.5741500966645, "pv_area_m2": 5.007549436471761, "prevalence": 0.0011037527593818985, "roof_size_selection": 1.0449620052503337, "conditional_intensity": 0.040853225843480903, "pv_utilization": 4.7119281234380308e-05, "eligible_50_buildings": true, "pv_utilization_pct": 0.0047119281234380304, "zero_pv_eligible_cell": false, "color_bin": ">0 to 0.25", "imagery_date": "15 May 2025" }, "geometry": { "type": "Polygon", "coordinates": [ [ [ -8006999.999999999068677, 4935999.999454646371305 ], [ -8006999.999999999068677, 4936999.999455165117979 ], [ -8008000.0, 4936999.999455165117979 ], [ -8008000.0, 4935999.999454646371305 ], [ -8006999.999999999068677, 4935999.999454646371305 ] ] ] } },
{ "type": "Feature", "properties": { "city_key": "detroit", "City": "Detroit", "grid_id": "detroit_-8008_4937", "building_count": 907, "pv_positive_buildings": 1, "footprint_area_m2": 125357.06819783186, "pv_positive_footprint_m2": 138.39142354667609, "pv_area_m2": 7.9221261068173749, "prevalence": 0.0011025358324145535, "roof_size_selection": 1.0013078876313908, "conditional_intensity": 0.05724434292089952, "pv_utilization": 6.3196485213862032e-05, "eligible_50_buildings": true, "pv_utilization_pct": 0.0063196485213862031, "zero_pv_eligible_cell": false, "color_bin": ">0 to 0.25", "imagery_date": "15 May 2025" }, "geometry": { "type": "Polygon", "coordinates": [ [ [ -8006999.999999999068677, 4936999.999455165117979 ], [ -8006999.999999999068677, 4937999.999455693177879 ], [ -8008000.0, 4937999.999455693177879 ], [ -8008000.0, 4936999.999455165117979 ], [ -8006999.999999999068677, 4936999.999455165117979 ] ] ] } },
{ "type": "Feature", "properties": { "city_key": "detroit", "City": "Detroit", "grid_id": "detroit_-8008_4938", "building_count": 342, "pv_positive_buildings": 1, "footprint_area_m2": 128687.06455546791, "pv_positive_footprint_m2": 61.753465266972775, "pv_area_m2": 12.291962188472265, "prevalence": 0.0029239766081871343, "roof_size_selection": 0.16411661260795549, "conditional_intensity": 0.19904894624668618, "pv_utilization": 9.5518242108740217e-05, "eligible_50_buildings": true, "pv_utilization_pct": 0.0095518242108740218, "zero_pv_eligible_cell": false, "color_bin": ">0 to 0.25", "imagery_date": "15 May 2025" }, "geometry": { "type": "Polygon", "coordinates": [ [ [ -8006999.999999999068677, 4937999.999455693177879 ], [ -8006999.999999999068677, 4938999.999456216581166 ], [ -8008000.0, 4938999.999456216581166 ], [ -8008000.0, 4937999.999455693177879 ], [ -8006999.999999999068677, 4937999.999455693177879 ] ] ] } },
{ "type": "Feature", "properties": { "city_key": "detroit", "City": "Detroit", "grid_id": "detroit_-8008_4939", "building_count": 1031, "pv_positive_buildings": 1, "footprint_area_m2": 126629.70345151746, "pv_positive_footprint_m2": 83.786914922074686, "pv_area_m2": 6.1696466638830572, "prevalence": 0.00096993210475266732, "roof_size_selection": 0.68218045948226391, "conditional_intensity": 0.073634966386112735, "pv_utilization": 4.8721954610319541e-05, "eligible_50_buildings": true, "pv_utilization_pct": 0.0048721954610319541, "zero_pv_eligible_cell": false, "color_bin": ">0 to 0.25", "imagery_date": "15 May 2025" }, "geometry": { "type": "Polygon", "coordinates": [ [ [ -8006999.999999999068677, 4938999.999456216581166 ], [ -8006999.999999999068677, 4939999.99945674277842 ], [ -8008000.0, 4939999.99945674277842 ], [ -8008000.0, 4938999.999456216581166 ], [ -8006999.999999999068677, 4938999.999456216581166 ] ] ] } },
{ "type": "Feature", "properties": { "city_key": "detroit", "City": "Detroit", "grid_id": "detroit_-8008_4940", "building_count": 778, "pv_positive_buildings": 4, "footprint_area_m2": 103169.07394954935, "pv_positive_footprint_m2": 725.67328608528817, "pv_area_m2": 36.902617829740336, "prevalence": 0.0051413881748071976, "roof_size_selection": 1.3680791029742987, "conditional_intensity": 0.050852936903347967, "pv_utilization": 0.00035769069564185545, "eligible_50_buildings": true, "pv_utilization_pct": 0.035769069564185546, "zero_pv_eligible_cell": false, "color_bin": ">0 to 0.25", "imagery_date": "15 May 2025" }, "geometry": { "type": "Polygon", "coordinates": [ [ [ -8006999.999999999068677, 4939999.99945674277842 ], [ -8006999.999999999068677, 4940999.99945726711303 ], [ -8008000.0, 4940999.99945726711303 ], [ -8008000.0, 4939999.99945674277842 ], [ -8006999.999999999068677, 4939999.99945674277842 ] ] ] } },
{ "type": "Feature", "properties": { "city_key": "detroit", "City": "Detroit", "grid_id": "detroit_-8008_4941", "building_count": 1202, "pv_positive_buildings": 3, "footprint_area_m2": 123309.28792480438, "pv_positive_footprint_m2": 269.06592515064472, "pv_area_m2": 74.464852893116642, "prevalence": 0.0024958402662229617, "roof_size_selection": 0.87427110445591916, "conditional_intensity": 0.27675318920976427, "pv_utilization": 0.0006038868129586985, "eligible_50_buildings": true, "pv_utilization_pct": 0.060388681295869849, "zero_pv_eligible_cell": false, "color_bin": ">0 to 0.25", "imagery_date": "15 May 2025" }, "geometry": { "type": "Polygon", "coordinates": [ [ [ -8006999.999999999068677, 4940999.99945726711303 ], [ -8006999.999999999068677, 4941999.999457794241607 ], [ -8008000.0, 4941999.999457794241607 ], [ -8008000.0, 4940999.99945726711303 ], [ -8006999.999999999068677, 4940999.99945726711303 ] ] ] } },
{ "type": "Feature", "properties": { "city_key": "detroit", "City": "Detroit", "grid_id": "detroit_-8008_4942", "building_count": 1536, "pv_positive_buildings": 3, "footprint_area_m2": 134407.57671741975, "pv_positive_footprint_m2": 236.48730046596745, "pv_area_m2": 25.424587067596889, "prevalence": 0.001953125, "roof_size_selection": 0.90085321672853802, "conditional_intensity": 0.1075093124133983, "pv_utilization": 0.00018916037092945939, "eligible_50_buildings": true, "pv_utilization_pct": 0.018916037092945939, "zero_pv_eligible_cell": false, "color_bin": ">0 to 0.25", "imagery_date": "15 May 2025" }, "geometry": { "type": "Polygon", "coordinates": [ [ [ -8006999.999999999068677, 4941999.999457794241607 ], [ -8006999.999999999068677, 4942999.999458317644894 ], [ -8008000.0, 4942999.999458317644894 ], [ -8008000.0, 4941999.999457794241607 ], [ -8006999.999999999068677, 4941999.999457794241607 ] ] ] } },
{ "type": "Feature", "properties": { "city_key": "detroit", "City": "Detroit", "grid_id": "detroit_-8008_4943", "building_count": 688, "pv_positive_buildings": 1, "footprint_area_m2": 56412.583246043054, "pv_positive_footprint_m2": 134.78602594668007, "pv_area_m2": 19.454167655806451, "prevalence": 0.0014534883720930232, "roof_size_selection": 1.6438315800370735, "conditional_intensity": 0.14433371352236704, "pv_utilization": 0.00034485511097687632, "eligible_50_buildings": true, "pv_utilization_pct": 0.034485511097687632, "zero_pv_eligible_cell": false, "color_bin": ">0 to 0.25", "imagery_date": "15 May 2025" }, "geometry": { "type": "Polygon", "coordinates": [ [ [ -8006999.999999999068677, 4942999.999458317644894 ], [ -8006999.999999999068677, 4943999.999458842910826 ], [ -8008000.0, 4943999.999458842910826 ], [ -8008000.0, 4942999.999458317644894 ], [ -8006999.999999999068677, 4942999.999458317644894 ] ] ] } },
{ "type": "Feature", "properties": { "city_key": "detroit", "City": "Detroit", "grid_id": "detroit_-8007_4934", "building_count": 175, "pv_positive_buildings": 0, "footprint_area_m2": 82923.751820928795, "pv_positive_footprint_m2": 0.0, "pv_area_m2": 0.0, "prevalence": 0.0, "roof_size_selection": null, "conditional_intensity": null, "pv_utilization": 0.0, "eligible_50_buildings": true, "pv_utilization_pct": 0.0, "zero_pv_eligible_cell": true, "color_bin": "zero", "imagery_date": "15 May 2025" }, "geometry": { "type": "Polygon", "coordinates": [ [ [ -8006000.000000000931323, 4933999.999453587457538 ], [ -8006000.000000000931323, 4934999.99945411644876 ], [ -8006999.999999999068677, 4934999.99945411644876 ], [ -8006999.999999999068677, 4933999.999453587457538 ], [ -8006000.000000000931323, 4933999.999453587457538 ] ] ] } },
{ "type": "Feature", "properties": { "city_key": "detroit", "City": "Detroit", "grid_id": "detroit_-8007_4935", "building_count": 564, "pv_positive_buildings": 3, "footprint_area_m2": 100524.27064471242, "pv_positive_footprint_m2": 2264.3666409902899, "pv_area_m2": 96.653254497579809, "prevalence": 0.0053191489361702126, "roof_size_selection": 4.2348074328313112, "conditional_intensity": 0.042684454340534632, "pv_utilization": 0.00096149172610449345, "eligible_50_buildings": true, "pv_utilization_pct": 0.096149172610449349, "zero_pv_eligible_cell": false, "color_bin": ">0 to 0.25", "imagery_date": "15 May 2025" }, "geometry": { "type": "Polygon", "coordinates": [ [ [ -8006000.000000000931323, 4934999.99945411644876 ], [ -8006000.000000000931323, 4935999.999454646371305 ], [ -8006999.999999999068677, 4935999.999454646371305 ], [ -8006999.999999999068677, 4934999.99945411644876 ], [ -8006000.000000000931323, 4934999.99945411644876 ] ] ] } },
{ "type": "Feature", "properties": { "city_key": "detroit", "City": "Detroit", "grid_id": "detroit_-8007_4936", "building_count": 593, "pv_positive_buildings": 2, "footprint_area_m2": 97659.623239564695, "pv_positive_footprint_m2": 215.74172947171607, "pv_area_m2": 30.295411227650682, "prevalence": 0.0033726812816188868, "roof_size_selection": 0.65500378422972239, "conditional_intensity": 0.14042443852579961, "pv_utilization": 0.00031021429555727745, "eligible_50_buildings": true, "pv_utilization_pct": 0.031021429555727745, "zero_pv_eligible_cell": false, "color_bin": ">0 to 0.25", "imagery_date": "15 May 2025" }, "geometry": { "type": "Polygon", "coordinates": [ [ [ -8006000.000000000931323, 4935999.999454646371305 ], [ -8006000.000000000931323, 4936999.999455165117979 ], [ -8006999.999999999068677, 4936999.999455165117979 ], [ -8006999.999999999068677, 4935999.999454646371305 ], [ -8006000.000000000931323, 4935999.999454646371305 ] ] ] } },
{ "type": "Feature", "properties": { "city_key": "detroit", "City": "Detroit", "grid_id": "detroit_-8007_4937", "building_count": 245, "pv_positive_buildings": 3, "footprint_area_m2": 302191.85405830713, "pv_positive_footprint_m2": 171609.35372634119, "pv_area_m2": 227.24791605349469, "prevalence": 0.012244897959183673, "roof_size_selection": 46.377040609926851, "conditional_intensity": 0.0013242163735193489, "pv_utilization": 0.00075199881466575795, "eligible_50_buildings": true, "pv_utilization_pct": 0.075199881466575802, "zero_pv_eligible_cell": false, "color_bin": ">0 to 0.25", "imagery_date": "15 May 2025" }, "geometry": { "type": "Polygon", "coordinates": [ [ [ -8006000.000000000931323, 4936999.999455165117979 ], [ -8006000.000000000931323, 4937999.999455693177879 ], [ -8006999.999999999068677, 4937999.999455693177879 ], [ -8006999.999999999068677, 4936999.999455165117979 ], [ -8006000.000000000931323, 4936999.999455165117979 ] ] ] } },
{ "type": "Feature", "properties": { "city_key": "detroit", "City": "Detroit", "grid_id": "detroit_-8007_4938", "building_count": 323, "pv_positive_buildings": 0, "footprint_area_m2": 49540.609317812283, "pv_positive_footprint_m2": 0.0, "pv_area_m2": 0.0, "prevalence": 0.0, "roof_size_selection": null, "conditional_intensity": null, "pv_utilization": 0.0, "eligible_50_buildings": true, "pv_utilization_pct": 0.0, "zero_pv_eligible_cell": true, "color_bin": "zero", "imagery_date": "15 May 2025" }, "geometry": { "type": "Polygon", "coordinates": [ [ [ -8006000.000000000931323, 4937999.999455693177879 ], [ -8006000.000000000931323, 4938999.999456216581166 ], [ -8006999.999999999068677, 4938999.999456216581166 ], [ -8006999.999999999068677, 4937999.999455693177879 ], [ -8006000.000000000931323, 4937999.999455693177879 ] ] ] } },
{ "type": "Feature", "properties": { "city_key": "detroit", "City": "Detroit", "grid_id": "detroit_-8007_4939", "building_count": 1317, "pv_positive_buildings": 2, "footprint_area_m2": 132556.53432921495, "pv_positive_footprint_m2": 242.76181201296762, "pv_area_m2": 5.4889115605188064, "prevalence": 0.0015186028853454822, "roof_size_selection": 1.2059658470967354, "conditional_intensity": 0.022610275953227787, "pv_utilization": 4.1408079867919956e-05, "eligible_50_buildings": true, "pv_utilization_pct": 0.004140807986791996, "zero_pv_eligible_cell": false, "color_bin": ">0 to 0.25", "imagery_date": "15 May 2025" }, "geometry": { "type": "Polygon", "coordinates": [ [ [ -8006000.000000000931323, 4938999.999456216581166 ], [ -8006000.000000000931323, 4939999.99945674277842 ], [ -8006999.999999999068677, 4939999.99945674277842 ], [ -8006999.999999999068677, 4938999.999456216581166 ], [ -8006000.000000000931323, 4938999.999456216581166 ] ] ] } },
{ "type": "Feature", "properties": { "city_key": "detroit", "City": "Detroit", "grid_id": "detroit_-8007_4940", "building_count": 926, "pv_positive_buildings": 0, "footprint_area_m2": 93629.842668261612, "pv_positive_footprint_m2": 0.0, "pv_area_m2": 0.0, "prevalence": 0.0, "roof_size_selection": null, "conditional_intensity": null, "pv_utilization": 0.0, "eligible_50_buildings": true, "pv_utilization_pct": 0.0, "zero_pv_eligible_cell": true, "color_bin": "zero", "imagery_date": "15 May 2025" }, "geometry": { "type": "Polygon", "coordinates": [ [ [ -8006000.000000000931323, 4939999.99945674277842 ], [ -8006000.000000000931323, 4940999.99945726711303 ], [ -8006999.999999999068677, 4940999.99945726711303 ], [ -8006999.999999999068677, 4939999.99945674277842 ], [ -8006000.000000000931323, 4939999.99945674277842 ] ] ] } },
{ "type": "Feature", "properties": { "city_key": "detroit", "City": "Detroit", "grid_id": "detroit_-8007_4941", "building_count": 966, "pv_positive_buildings": 2, "footprint_area_m2": 122879.54942495043, "pv_positive_footprint_m2": 228.68842343275742, "pv_area_m2": 11.359835103070285, "prevalence": 0.002070393374741201, "roof_size_selection": 0.89890066357611398, "conditional_intensity": 0.0496738528892368, "pv_utilization": 9.2446913715356566e-05, "eligible_50_buildings": true, "pv_utilization_pct": 0.0092446913715356557, "zero_pv_eligible_cell": false, "color_bin": ">0 to 0.25", "imagery_date": "15 May 2025" }, "geometry": { "type": "Polygon", "coordinates": [ [ [ -8006000.000000000931323, 4940999.99945726711303 ], [ -8006000.000000000931323, 4941999.999457794241607 ], [ -8006999.999999999068677, 4941999.999457794241607 ], [ -8006999.999999999068677, 4940999.99945726711303 ], [ -8006000.000000000931323, 4940999.99945726711303 ] ] ] } },
{ "type": "Feature", "properties": { "city_key": "detroit", "City": "Detroit", "grid_id": "detroit_-8007_4942", "building_count": 1215, "pv_positive_buildings": 4, "footprint_area_m2": 141335.7958951121, "pv_positive_footprint_m2": 2578.2746958379607, "pv_area_m2": 99.043372162250094, "prevalence": 0.0032921810699588477, "roof_size_selection": 5.5410657569153345, "conditional_intensity": 0.0384145926429535, "pv_utilization": 0.00070076636661636662, "eligible_50_buildings": true, "pv_utilization_pct": 0.07007663666163666, "zero_pv_eligible_cell": false, "color_bin": ">0 to 0.25", "imagery_date": "15 May 2025" }, "geometry": { "type": "Polygon", "coordinates": [ [ [ -8006000.000000000931323, 4941999.999457794241607 ], [ -8006000.000000000931323, 4942999.999458317644894 ], [ -8006999.999999999068677, 4942999.999458317644894 ], [ -8006999.999999999068677, 4941999.999457794241607 ], [ -8006000.000000000931323, 4941999.999457794241607 ] ] ] } },
{ "type": "Feature", "properties": { "city_key": "detroit", "City": "Detroit", "grid_id": "detroit_-8007_4943", "building_count": 850, "pv_positive_buildings": 2, "footprint_area_m2": 76210.016923715069, "pv_positive_footprint_m2": 222.71393900755402, "pv_area_m2": 12.5642505478428, "prevalence": 0.002352941176470588, "roof_size_selection": 1.242007650686614, "conditional_intensity": 0.056414298107388086, "pv_utilization": 0.00016486350554703854, "eligible_50_buildings": true, "pv_utilization_pct": 0.016486350554703853, "zero_pv_eligible_cell": false, "color_bin": ">0 to 0.25", "imagery_date": "15 May 2025" }, "geometry": { "type": "Polygon", "coordinates": [ [ [ -8006000.000000000931323, 4942999.999458317644894 ], [ -8006000.000000000931323, 4943999.999458842910826 ], [ -8006999.999999999068677, 4943999.999458842910826 ], [ -8006999.999999999068677, 4942999.999458317644894 ], [ -8006000.000000000931323, 4942999.999458317644894 ] ] ] } },
{ "type": "Feature", "properties": { "city_key": "detroit", "City": "Detroit", "grid_id": "detroit_-8006_4935", "building_count": 246, "pv_positive_buildings": 3, "footprint_area_m2": 87969.351553364133, "pv_positive_footprint_m2": 623.64828813766451, "pv_area_m2": 80.355458923516636, "prevalence": 0.012195121951219513, "roof_size_selection": 0.58132927803004619, "conditional_intensity": 0.12884739756678193, "pv_utilization": 0.00091344834882375208, "eligible_50_buildings": true, "pv_utilization_pct": 0.091344834882375214, "zero_pv_eligible_cell": false, "color_bin": ">0 to 0.25", "imagery_date": "15 May 2025" }, "geometry": { "type": "Polygon", "coordinates": [ [ [ -8005000.0, 4934999.99945411644876 ], [ -8005000.0, 4935999.999454646371305 ], [ -8006000.000000000931323, 4935999.999454646371305 ], [ -8006000.000000000931323, 4934999.99945411644876 ], [ -8005000.0, 4934999.99945411644876 ] ] ] } },
{ "type": "Feature", "properties": { "city_key": "detroit", "City": "Detroit", "grid_id": "detroit_-8006_4937", "building_count": 377, "pv_positive_buildings": 0, "footprint_area_m2": 72923.243319838046, "pv_positive_footprint_m2": 0.0, "pv_area_m2": 0.0, "prevalence": 0.0, "roof_size_selection": null, "conditional_intensity": null, "pv_utilization": 0.0, "eligible_50_buildings": true, "pv_utilization_pct": 0.0, "zero_pv_eligible_cell": true, "color_bin": "zero", "imagery_date": "15 May 2025" }, "geometry": { "type": "Polygon", "coordinates": [ [ [ -8005000.0, 4936999.999455165117979 ], [ -8005000.0, 4937999.999455693177879 ], [ -8006000.000000000931323, 4937999.999455693177879 ], [ -8006000.000000000931323, 4936999.999455165117979 ], [ -8005000.0, 4936999.999455165117979 ] ] ] } },
{ "type": "Feature", "properties": { "city_key": "detroit", "City": "Detroit", "grid_id": "detroit_-8006_4938", "building_count": 557, "pv_positive_buildings": 0, "footprint_area_m2": 67928.488874288712, "pv_positive_footprint_m2": 0.0, "pv_area_m2": 0.0, "prevalence": 0.0, "roof_size_selection": null, "conditional_intensity": null, "pv_utilization": 0.0, "eligible_50_buildings": true, "pv_utilization_pct": 0.0, "zero_pv_eligible_cell": true, "color_bin": "zero", "imagery_date": "15 May 2025" }, "geometry": { "type": "Polygon", "coordinates": [ [ [ -8005000.0, 4937999.999455693177879 ], [ -8005000.0, 4938999.999456216581166 ], [ -8006000.000000000931323, 4938999.999456216581166 ], [ -8006000.000000000931323, 4937999.999455693177879 ], [ -8005000.0, 4937999.999455693177879 ] ] ] } },
{ "type": "Feature", "properties": { "city_key": "detroit", "City": "Detroit", "grid_id": "detroit_-8006_4939", "building_count": 1045, "pv_positive_buildings": 2, "footprint_area_m2": 122118.0378386329, "pv_positive_footprint_m2": 150.27870529444289, "pv_area_m2": 33.662846896318364, "prevalence": 0.0019138755980861245, "roof_size_selection": 0.6429895608059456, "conditional_intensity": 0.22400277424777076, "pv_utilization": 0.00027565826877107654, "eligible_50_buildings": true, "pv_utilization_pct": 0.027565826877107655, "zero_pv_eligible_cell": false, "color_bin": ">0 to 0.25", "imagery_date": "15 May 2025" }, "geometry": { "type": "Polygon", "coordinates": [ [ [ -8005000.0, 4938999.999456216581166 ], [ -8005000.0, 4939999.99945674277842 ], [ -8006000.000000000931323, 4939999.99945674277842 ], [ -8006000.000000000931323, 4938999.999456216581166 ], [ -8005000.0, 4938999.999456216581166 ] ] ] } },
{ "type": "Feature", "properties": { "city_key": "detroit", "City": "Detroit", "grid_id": "detroit_-8006_4940", "building_count": 1116, "pv_positive_buildings": 0, "footprint_area_m2": 112355.80455968148, "pv_positive_footprint_m2": 0.0, "pv_area_m2": 0.0, "prevalence": 0.0, "roof_size_selection": null, "conditional_intensity": null, "pv_utilization": 0.0, "eligible_50_buildings": true, "pv_utilization_pct": 0.0, "zero_pv_eligible_cell": true, "color_bin": "zero", "imagery_date": "15 May 2025" }, "geometry": { "type": "Polygon", "coordinates": [ [ [ -8005000.0, 4939999.99945674277842 ], [ -8005000.0, 4940999.99945726711303 ], [ -8006000.000000000931323, 4940999.99945726711303 ], [ -8006000.000000000931323, 4939999.99945674277842 ], [ -8005000.0, 4939999.99945674277842 ] ] ] } },
{ "type": "Feature", "properties": { "city_key": "detroit", "City": "Detroit", "grid_id": "detroit_-8006_4941", "building_count": 839, "pv_positive_buildings": 1, "footprint_area_m2": 77836.466828629549, "pv_positive_footprint_m2": 34.630388737138304, "pv_area_m2": 1.6989940723710746, "prevalence": 0.0011918951132300357, "roof_size_selection": 0.37328128233811564, "conditional_intensity": 0.049060785464098478, "pv_utilization": 2.1827738868359788e-05, "eligible_50_buildings": true, "pv_utilization_pct": 0.002182773886835979, "zero_pv_eligible_cell": false, "color_bin": ">0 to 0.25", "imagery_date": "15 May 2025" }, "geometry": { "type": "Polygon", "coordinates": [ [ [ -8005000.0, 4940999.99945726711303 ], [ -8005000.0, 4941999.999457794241607 ], [ -8006000.000000000931323, 4941999.999457794241607 ], [ -8006000.000000000931323, 4940999.99945726711303 ], [ -8005000.0, 4940999.99945726711303 ] ] ] } },
{ "type": "Feature", "properties": { "city_key": "detroit", "City": "Detroit", "grid_id": "detroit_-8006_4942", "building_count": 1167, "pv_positive_buildings": 3, "footprint_area_m2": 125058.53008728904, "pv_positive_footprint_m2": 2958.4508892229915, "pv_area_m2": 34.499150685294673, "prevalence": 0.0025706940874035988, "roof_size_selection": 9.2023902336328103, "conditional_intensity": 0.011661221354381022, "pv_utilization": 0.00027586403471410362, "eligible_50_buildings": true, "pv_utilization_pct": 0.027586403471410361, "zero_pv_eligible_cell": false, "color_bin": ">0 to 0.25", "imagery_date": "15 May 2025" }, "geometry": { "type": "Polygon", "coordinates": [ [ [ -8005000.0, 4941999.999457794241607 ], [ -8005000.0, 4942999.999458317644894 ], [ -8006000.000000000931323, 4942999.999458317644894 ], [ -8006000.000000000931323, 4941999.999457794241607 ], [ -8005000.0, 4941999.999457794241607 ] ] ] } },
{ "type": "Feature", "properties": { "city_key": "detroit", "City": "Detroit", "grid_id": "detroit_-8006_4943", "building_count": 852, "pv_positive_buildings": 0, "footprint_area_m2": 89624.211820289565, "pv_positive_footprint_m2": 0.0, "pv_area_m2": 0.0, "prevalence": 0.0, "roof_size_selection": null, "conditional_intensity": null, "pv_utilization": 0.0, "eligible_50_buildings": true, "pv_utilization_pct": 0.0, "zero_pv_eligible_cell": true, "color_bin": "zero", "imagery_date": "15 May 2025" }, "geometry": { "type": "Polygon", "coordinates": [ [ [ -8005000.0, 4942999.999458317644894 ], [ -8005000.0, 4943999.999458842910826 ], [ -8006000.000000000931323, 4943999.999458842910826 ], [ -8006000.000000000931323, 4942999.999458317644894 ], [ -8005000.0, 4942999.999458317644894 ] ] ] } },
{ "type": "Feature", "properties": { "city_key": "detroit", "City": "Detroit", "grid_id": "detroit_-8005_4935", "building_count": 283, "pv_positive_buildings": 2, "footprint_area_m2": 151426.57187353136, "pv_positive_footprint_m2": 337.11211225907437, "pv_area_m2": 15.07707001147528, "prevalence": 0.0070671378091872791, "roof_size_selection": 0.31501316641109933, "conditional_intensity": 0.044724201424979911, "pv_utilization": 9.9566871421135828e-05, "eligible_50_buildings": true, "pv_utilization_pct": 0.0099566871421135836, "zero_pv_eligible_cell": false, "color_bin": ">0 to 0.25", "imagery_date": "15 May 2025" }, "geometry": { "type": "Polygon", "coordinates": [ [ [ -8004000.0, 4934999.99945411644876 ], [ -8004000.0, 4935999.999454646371305 ], [ -8005000.0, 4935999.999454646371305 ], [ -8005000.0, 4934999.99945411644876 ], [ -8004000.0, 4934999.99945411644876 ] ] ] } },
{ "type": "Feature", "properties": { "city_key": "detroit", "City": "Detroit", "grid_id": "detroit_-8005_4936", "building_count": 338, "pv_positive_buildings": 0, "footprint_area_m2": 53605.829933179673, "pv_positive_footprint_m2": 0.0, "pv_area_m2": 0.0, "prevalence": 0.0, "roof_size_selection": null, "conditional_intensity": null, "pv_utilization": 0.0, "eligible_50_buildings": true, "pv_utilization_pct": 0.0, "zero_pv_eligible_cell": true, "color_bin": "zero", "imagery_date": "15 May 2025" }, "geometry": { "type": "Polygon", "coordinates": [ [ [ -8004000.0, 4935999.999454646371305 ], [ -8004000.0, 4936999.999455165117979 ], [ -8005000.0, 4936999.999455165117979 ], [ -8005000.0, 4935999.999454646371305 ], [ -8004000.0, 4935999.999454646371305 ] ] ] } },
{ "type": "Feature", "properties": { "city_key": "detroit", "City": "Detroit", "grid_id": "detroit_-8005_4937", "building_count": 659, "pv_positive_buildings": 1, "footprint_area_m2": 77250.190623778122, "pv_positive_footprint_m2": 119.93759905768309, "pv_area_m2": 13.170293633817709, "prevalence": 0.0015174506828528073, "roof_size_selection": 1.0231544691448886, "conditional_intensity": 0.10980954877613945, "pv_utilization": 0.00017048881727631368, "eligible_50_buildings": true, "pv_utilization_pct": 0.017048881727631367, "zero_pv_eligible_cell": false, "color_bin": ">0 to 0.25", "imagery_date": "15 May 2025" }, "geometry": { "type": "Polygon", "coordinates": [ [ [ -8004000.0, 4936999.999455165117979 ], [ -8004000.0, 4937999.999455693177879 ], [ -8005000.0, 4937999.999455693177879 ], [ -8005000.0, 4936999.999455165117979 ], [ -8004000.0, 4936999.999455165117979 ] ] ] } },
{ "type": "Feature", "properties": { "city_key": "detroit", "City": "Detroit", "grid_id": "detroit_-8005_4938", "building_count": 858, "pv_positive_buildings": 1, "footprint_area_m2": 112768.69694910062, "pv_positive_footprint_m2": 123.3164305202458, "pv_area_m2": 12.876221145695332, "prevalence": 0.0011655011655011655, "roof_size_selection": 0.93825237188053501, "conditional_intensity": 0.1044161032830199, "pv_utilization": 0.00011418258341237334, "eligible_50_buildings": true, "pv_utilization_pct": 0.011418258341237334, "zero_pv_eligible_cell": false, "color_bin": ">0 to 0.25", "imagery_date": "15 May 2025" }, "geometry": { "type": "Polygon", "coordinates": [ [ [ -8004000.0, 4937999.999455693177879 ], [ -8004000.0, 4938999.999456216581166 ], [ -8005000.0, 4938999.999456216581166 ], [ -8005000.0, 4937999.999455693177879 ], [ -8004000.0, 4937999.999455693177879 ] ] ] } },
{ "type": "Feature", "properties": { "city_key": "detroit", "City": "Detroit", "grid_id": "detroit_-8005_4939", "building_count": 1058, "pv_positive_buildings": 3, "footprint_area_m2": 109450.32593790255, "pv_positive_footprint_m2": 595.99610614567791, "pv_area_m2": 27.054621806027765, "prevalence": 0.0028355387523629491, "roof_size_selection": 1.9203959266412853, "conditional_intensity": 0.045393957321283013, "pv_utilization": 0.0002471863064288854, "eligible_50_buildings": true, "pv_utilization_pct": 0.024718630642888539, "zero_pv_eligible_cell": false, "color_bin": ">0 to 0.25", "imagery_date": "15 May 2025" }, "geometry": { "type": "Polygon", "coordinates": [ [ [ -8004000.0, 4938999.999456216581166 ], [ -8004000.0, 4939999.99945674277842 ], [ -8005000.0, 4939999.99945674277842 ], [ -8005000.0, 4938999.999456216581166 ], [ -8004000.0, 4938999.999456216581166 ] ] ] } },
{ "type": "Feature", "properties": { "city_key": "detroit", "City": "Detroit", "grid_id": "detroit_-8005_4940", "building_count": 1414, "pv_positive_buildings": 2, "footprint_area_m2": 150454.72682614197, "pv_positive_footprint_m2": 199.9805597328729, "pv_area_m2": 26.122527339544686, "prevalence": 0.0014144271570014145, "roof_size_selection": 0.93972624665039661, "conditional_intensity": 0.13062533365462248, "pv_utilization": 0.0001736238394805009, "eligible_50_buildings": true, "pv_utilization_pct": 0.017362383948050092, "zero_pv_eligible_cell": false, "color_bin": ">0 to 0.25", "imagery_date": "15 May 2025" }, "geometry": { "type": "Polygon", "coordinates": [ [ [ -8004000.0, 4939999.99945674277842 ], [ -8004000.0, 4940999.99945726711303 ], [ -8005000.0, 4940999.99945726711303 ], [ -8005000.0, 4939999.99945674277842 ], [ -8004000.0, 4939999.99945674277842 ] ] ] } },
{ "type": "Feature", "properties": { "city_key": "detroit", "City": "Detroit", "grid_id": "detroit_-8005_4941", "building_count": 1273, "pv_positive_buildings": 1, "footprint_area_m2": 123038.50196414563, "pv_positive_footprint_m2": 108.13523335721588, "pv_area_m2": 4.902634104761761, "prevalence": 0.0007855459544383347, "roof_size_selection": 1.1188054947535844, "conditional_intensity": 0.045337989779578237, "pv_utilization": 3.984634099487351e-05, "eligible_50_buildings": true, "pv_utilization_pct": 0.0039846340994873506, "zero_pv_eligible_cell": false, "color_bin": ">0 to 0.25", "imagery_date": "15 May 2025" }, "geometry": { "type": "Polygon", "coordinates": [ [ [ -8004000.0, 4940999.99945726711303 ], [ -8004000.0, 4941999.999457794241607 ], [ -8005000.0, 4941999.999457794241607 ], [ -8005000.0, 4940999.99945726711303 ], [ -8004000.0, 4940999.99945726711303 ] ] ] } },
{ "type": "Feature", "properties": { "city_key": "detroit", "City": "Detroit", "grid_id": "detroit_-8005_4942", "building_count": 1123, "pv_positive_buildings": 3, "footprint_area_m2": 121582.49726967751, "pv_positive_footprint_m2": 367.3864669092527, "pv_area_m2": 112.44845856463178, "prevalence": 0.0026714158504007124, "roof_size_selection": 1.1311249881194489, "conditional_intensity": 0.30607675756441899, "pv_utilization": 0.00092487373667950027, "eligible_50_buildings": true, "pv_utilization_pct": 0.092487373667950026, "zero_pv_eligible_cell": false, "color_bin": ">0 to 0.25", "imagery_date": "15 May 2025" }, "geometry": { "type": "Polygon", "coordinates": [ [ [ -8004000.0, 4941999.999457794241607 ], [ -8004000.0, 4942999.999458317644894 ], [ -8005000.0, 4942999.999458317644894 ], [ -8005000.0, 4941999.999457794241607 ], [ -8004000.0, 4941999.999457794241607 ] ] ] } },
{ "type": "Feature", "properties": { "city_key": "detroit", "City": "Detroit", "grid_id": "detroit_-8005_4943", "building_count": 1054, "pv_positive_buildings": 0, "footprint_area_m2": 86327.670317758762, "pv_positive_footprint_m2": 0.0, "pv_area_m2": 0.0, "prevalence": 0.0, "roof_size_selection": null, "conditional_intensity": null, "pv_utilization": 0.0, "eligible_50_buildings": true, "pv_utilization_pct": 0.0, "zero_pv_eligible_cell": true, "color_bin": "zero", "imagery_date": "15 May 2025" }, "geometry": { "type": "Polygon", "coordinates": [ [ [ -8004000.0, 4942999.999458317644894 ], [ -8004000.0, 4943999.999458842910826 ], [ -8005000.0, 4943999.999458842910826 ], [ -8005000.0, 4942999.999458317644894 ], [ -8004000.0, 4942999.999458317644894 ] ] ] } },
{ "type": "Feature", "properties": { "city_key": "detroit", "City": "Detroit", "grid_id": "detroit_-8004_4934", "building_count": 69, "pv_positive_buildings": 0, "footprint_area_m2": 32174.715329072002, "pv_positive_footprint_m2": 0.0, "pv_area_m2": 0.0, "prevalence": 0.0, "roof_size_selection": null, "conditional_intensity": null, "pv_utilization": 0.0, "eligible_50_buildings": true, "pv_utilization_pct": 0.0, "zero_pv_eligible_cell": true, "color_bin": "zero", "imagery_date": "15 May 2025" }, "geometry": { "type": "Polygon", "coordinates": [ [ [ -8003000.0, 4933999.999453587457538 ], [ -8003000.0, 4934999.99945411644876 ], [ -8004000.0, 4934999.99945411644876 ], [ -8004000.0, 4933999.999453587457538 ], [ -8003000.0, 4933999.999453587457538 ] ] ] } },
{ "type": "Feature", "properties": { "city_key": "detroit", "City": "Detroit", "grid_id": "detroit_-8004_4935", "building_count": 510, "pv_positive_buildings": 6, "footprint_area_m2": 122595.39269499623, "pv_positive_footprint_m2": 2173.1286883001098, "pv_area_m2": 82.591902900676828, "prevalence": 0.011764705882352941, "roof_size_selection": 1.5067119118013037, "conditional_intensity": 0.038005988023324486, "pv_utilization": 0.00067369499852377274, "eligible_50_buildings": true, "pv_utilization_pct": 0.067369499852377279, "zero_pv_eligible_cell": false, "color_bin": ">0 to 0.25", "imagery_date": "15 May 2025" }, "geometry": { "type": "Polygon", "coordinates": [ [ [ -8003000.0, 4934999.99945411644876 ], [ -8003000.0, 4935999.999454646371305 ], [ -8004000.0, 4935999.999454646371305 ], [ -8004000.0, 4934999.99945411644876 ], [ -8003000.0, 4934999.99945411644876 ] ] ] } },
{ "type": "Feature", "properties": { "city_key": "detroit", "City": "Detroit", "grid_id": "detroit_-8004_4936", "building_count": 352, "pv_positive_buildings": 1, "footprint_area_m2": 58476.720553228894, "pv_positive_footprint_m2": 171.14331175627592, "pv_area_m2": 10.841309758028832, "prevalence": 0.002840909090909091, "roof_size_selection": 1.0301953524116143, "conditional_intensity": 0.063346382904333823, "pv_utilization": 0.00018539531039810011, "eligible_50_buildings": true, "pv_utilization_pct": 0.018539531039810011, "zero_pv_eligible_cell": false, "color_bin": ">0 to 0.25", "imagery_date": "15 May 2025" }, "geometry": { "type": "Polygon", "coordinates": [ [ [ -8003000.0, 4935999.999454646371305 ], [ -8003000.0, 4936999.999455165117979 ], [ -8004000.0, 4936999.999455165117979 ], [ -8004000.0, 4935999.999454646371305 ], [ -8003000.0, 4935999.999454646371305 ] ] ] } },
{ "type": "Feature", "properties": { "city_key": "detroit", "City": "Detroit", "grid_id": "detroit_-8004_4937", "building_count": 665, "pv_positive_buildings": 4, "footprint_area_m2": 89631.443968248263, "pv_positive_footprint_m2": 1559.7080117801147, "pv_area_m2": 60.567331027435117, "prevalence": 0.0060150375939849628, "roof_size_selection": 2.8929742228664863, "conditional_intensity": 0.038832480547630735, "pv_utilization": 0.0006757375352436692, "eligible_50_buildings": true, "pv_utilization_pct": 0.067573753524366925, "zero_pv_eligible_cell": false, "color_bin": ">0 to 0.25", "imagery_date": "15 May 2025" }, "geometry": { "type": "Polygon", "coordinates": [ [ [ -8003000.0, 4936999.999455165117979 ], [ -8003000.0, 4937999.999455693177879 ], [ -8004000.0, 4937999.999455693177879 ], [ -8004000.0, 4936999.999455165117979 ], [ -8003000.0, 4936999.999455165117979 ] ] ] } },
{ "type": "Feature", "properties": { "city_key": "detroit", "City": "Detroit", "grid_id": "detroit_-8004_4938", "building_count": 919, "pv_positive_buildings": 0, "footprint_area_m2": 105735.51466653343, "pv_positive_footprint_m2": 0.0, "pv_area_m2": 0.0, "prevalence": 0.0, "roof_size_selection": null, "conditional_intensity": null, "pv_utilization": 0.0, "eligible_50_buildings": true, "pv_utilization_pct": 0.0, "zero_pv_eligible_cell": true, "color_bin": "zero", "imagery_date": "15 May 2025" }, "geometry": { "type": "Polygon", "coordinates": [ [ [ -8003000.0, 4937999.999455693177879 ], [ -8003000.0, 4938999.999456216581166 ], [ -8004000.0, 4938999.999456216581166 ], [ -8004000.0, 4937999.999455693177879 ], [ -8003000.0, 4937999.999455693177879 ] ] ] } },
{ "type": "Feature", "properties": { "city_key": "detroit", "City": "Detroit", "grid_id": "detroit_-8004_4939", "building_count": 1298, "pv_positive_buildings": 0, "footprint_area_m2": 134721.63826112408, "pv_positive_footprint_m2": 0.0, "pv_area_m2": 0.0, "prevalence": 0.0, "roof_size_selection": null, "conditional_intensity": null, "pv_utilization": 0.0, "eligible_50_buildings": true, "pv_utilization_pct": 0.0, "zero_pv_eligible_cell": true, "color_bin": "zero", "imagery_date": "15 May 2025" }, "geometry": { "type": "Polygon", "coordinates": [ [ [ -8003000.0, 4938999.999456216581166 ], [ -8003000.0, 4939999.99945674277842 ], [ -8004000.0, 4939999.99945674277842 ], [ -8004000.0, 4938999.999456216581166 ], [ -8003000.0, 4938999.999456216581166 ] ] ] } },
{ "type": "Feature", "properties": { "city_key": "detroit", "City": "Detroit", "grid_id": "detroit_-8004_4940", "building_count": 1586, "pv_positive_buildings": 0, "footprint_area_m2": 143592.84695033048, "pv_positive_footprint_m2": 0.0, "pv_area_m2": 0.0, "prevalence": 0.0, "roof_size_selection": null, "conditional_intensity": null, "pv_utilization": 0.0, "eligible_50_buildings": true, "pv_utilization_pct": 0.0, "zero_pv_eligible_cell": true, "color_bin": "zero", "imagery_date": "15 May 2025" }, "geometry": { "type": "Polygon", "coordinates": [ [ [ -8003000.0, 4939999.99945674277842 ], [ -8003000.0, 4940999.99945726711303 ], [ -8004000.0, 4940999.99945726711303 ], [ -8004000.0, 4939999.99945674277842 ], [ -8003000.0, 4939999.99945674277842 ] ] ] } },
{ "type": "Feature", "properties": { "city_key": "detroit", "City": "Detroit", "grid_id": "detroit_-8004_4941", "building_count": 1511, "pv_positive_buildings": 0, "footprint_area_m2": 138863.18359165519, "pv_positive_footprint_m2": 0.0, "pv_area_m2": 0.0, "prevalence": 0.0, "roof_size_selection": null, "conditional_intensity": null, "pv_utilization": 0.0, "eligible_50_buildings": true, "pv_utilization_pct": 0.0, "zero_pv_eligible_cell": true, "color_bin": "zero", "imagery_date": "15 May 2025" }, "geometry": { "type": "Polygon", "coordinates": [ [ [ -8003000.0, 4940999.99945726711303 ], [ -8003000.0, 4941999.999457794241607 ], [ -8004000.0, 4941999.999457794241607 ], [ -8004000.0, 4940999.99945726711303 ], [ -8003000.0, 4940999.99945726711303 ] ] ] } },
{ "type": "Feature", "properties": { "city_key": "detroit", "City": "Detroit", "grid_id": "detroit_-8004_4942", "building_count": 806, "pv_positive_buildings": 0, "footprint_area_m2": 66711.622819004173, "pv_positive_footprint_m2": 0.0, "pv_area_m2": 0.0, "prevalence": 0.0, "roof_size_selection": null, "conditional_intensity": null, "pv_utilization": 0.0, "eligible_50_buildings": true, "pv_utilization_pct": 0.0, "zero_pv_eligible_cell": true, "color_bin": "zero", "imagery_date": "15 May 2025" }, "geometry": { "type": "Polygon", "coordinates": [ [ [ -8003000.0, 4941999.999457794241607 ], [ -8003000.0, 4942999.999458317644894 ], [ -8004000.0, 4942999.999458317644894 ], [ -8004000.0, 4941999.999457794241607 ], [ -8003000.0, 4941999.999457794241607 ] ] ] } },
{ "type": "Feature", "properties": { "city_key": "detroit", "City": "Detroit", "grid_id": "detroit_-8004_4943", "building_count": 1011, "pv_positive_buildings": 1, "footprint_area_m2": 80495.509080172007, "pv_positive_footprint_m2": 34.595256173195338, "pv_area_m2": 6.0642965325119409, "prevalence": 0.00098911968348170125, "roof_size_selection": 0.43450627731623193, "conditional_intensity": 0.17529271938765417, "pv_utilization": 7.533707907197675e-05, "eligible_50_buildings": true, "pv_utilization_pct": 0.0075337079071976752, "zero_pv_eligible_cell": false, "color_bin": ">0 to 0.25", "imagery_date": "15 May 2025" }, "geometry": { "type": "Polygon", "coordinates": [ [ [ -8003000.0, 4942999.999458317644894 ], [ -8003000.0, 4943999.999458842910826 ], [ -8004000.0, 4943999.999458842910826 ], [ -8004000.0, 4942999.999458317644894 ], [ -8003000.0, 4942999.999458317644894 ] ] ] } },
{ "type": "Feature", "properties": { "city_key": "detroit", "City": "Detroit", "grid_id": "detroit_-8003_4934", "building_count": 211, "pv_positive_buildings": 3, "footprint_area_m2": 20543.949491767304, "pv_positive_footprint_m2": 368.15596648297367, "pv_area_m2": 49.378955312976473, "prevalence": 0.014218009478672985, "roof_size_selection": 1.2604020624018273, "conditional_intensity": 0.1341250986224615, "pv_utilization": 0.0024035765534160991, "eligible_50_buildings": true, "pv_utilization_pct": 0.24035765534160991, "zero_pv_eligible_cell": false, "color_bin": ">0 to 0.25", "imagery_date": "15 May 2025" }, "geometry": { "type": "Polygon", "coordinates": [ [ [ -8002000.0, 4933999.999453587457538 ], [ -8002000.0, 4934999.99945411644876 ], [ -8003000.0, 4934999.99945411644876 ], [ -8003000.0, 4933999.999453587457538 ], [ -8002000.0, 4933999.999453587457538 ] ] ] } },
{ "type": "Feature", "properties": { "city_key": "detroit", "City": "Detroit", "grid_id": "detroit_-8003_4935", "building_count": 1253, "pv_positive_buildings": 9, "footprint_area_m2": 127534.51451555017, "pv_positive_footprint_m2": 1113.3125984543217, "pv_area_m2": 107.39245226161329, "prevalence": 0.0071827613727055064, "roof_size_selection": 1.2153404478276231, "conditional_intensity": 0.096462082986137621, "pv_utilization": 0.00084206579426402274, "eligible_50_buildings": true, "pv_utilization_pct": 0.084206579426402278, "zero_pv_eligible_cell": false, "color_bin": ">0 to 0.25", "imagery_date": "15 May 2025" }, "geometry": { "type": "Polygon", "coordinates": [ [ [ -8002000.0, 4934999.99945411644876 ], [ -8002000.0, 4935999.999454646371305 ], [ -8003000.0, 4935999.999454646371305 ], [ -8003000.0, 4934999.99945411644876 ], [ -8002000.0, 4934999.99945411644876 ] ] ] } },
{ "type": "Feature", "properties": { "city_key": "detroit", "City": "Detroit", "grid_id": "detroit_-8003_4936", "building_count": 377, "pv_positive_buildings": 2, "footprint_area_m2": 63887.732789625603, "pv_positive_footprint_m2": 624.78329298207495, "pv_area_m2": 113.98103984156521, "prevalence": 0.0053050397877984082, "roof_size_selection": 1.8434157166748835, "conditional_intensity": 0.18243291893663893, "pv_utilization": 0.0017840833422104782, "eligible_50_buildings": true, "pv_utilization_pct": 0.17840833422104782, "zero_pv_eligible_cell": false, "color_bin": ">0 to 0.25", "imagery_date": "15 May 2025" }, "geometry": { "type": "Polygon", "coordinates": [ [ [ -8002000.0, 4935999.999454646371305 ], [ -8002000.0, 4936999.999455165117979 ], [ -8003000.0, 4936999.999455165117979 ], [ -8003000.0, 4935999.999454646371305 ], [ -8002000.0, 4935999.999454646371305 ] ] ] } },
{ "type": "Feature", "properties": { "city_key": "detroit", "City": "Detroit", "grid_id": "detroit_-8003_4937", "building_count": 337, "pv_positive_buildings": 2, "footprint_area_m2": 39745.38151508796, "pv_positive_footprint_m2": 455.62196605955972, "pv_area_m2": 17.253963121383833, "prevalence": 0.0059347181008902079, "roof_size_selection": 1.931603078256825, "conditional_intensity": 0.037869032677692198, "pv_utilization": 0.00043411240409993202, "eligible_50_buildings": true, "pv_utilization_pct": 0.043411240409993203, "zero_pv_eligible_cell": false, "color_bin": ">0 to 0.25", "imagery_date": "15 May 2025" }, "geometry": { "type": "Polygon", "coordinates": [ [ [ -8002000.0, 4936999.999455165117979 ], [ -8002000.0, 4937999.999455693177879 ], [ -8003000.0, 4937999.999455693177879 ], [ -8003000.0, 4936999.999455165117979 ], [ -8002000.0, 4936999.999455165117979 ] ] ] } },
{ "type": "Feature", "properties": { "city_key": "detroit", "City": "Detroit", "grid_id": "detroit_-8003_4938", "building_count": 1363, "pv_positive_buildings": 4, "footprint_area_m2": 147654.43094861082, "pv_positive_footprint_m2": 527.79469742280662, "pv_area_m2": 49.173389096099591, "prevalence": 0.00293470286133529, "roof_size_selection": 1.2180199536945451, "conditional_intensity": 0.093167645177586342, "pv_utilization": 0.00033303022997808812, "eligible_50_buildings": true, "pv_utilization_pct": 0.033303022997808809, "zero_pv_eligible_cell": false, "color_bin": ">0 to 0.25", "imagery_date": "15 May 2025" }, "geometry": { "type": "Polygon", "coordinates": [ [ [ -8002000.0, 4937999.999455693177879 ], [ -8002000.0, 4938999.999456216581166 ], [ -8003000.0, 4938999.999456216581166 ], [ -8003000.0, 4937999.999455693177879 ], [ -8002000.0, 4937999.999455693177879 ] ] ] } },
{ "type": "Feature", "properties": { "city_key": "detroit", "City": "Detroit", "grid_id": "detroit_-8003_4939", "building_count": 1674, "pv_positive_buildings": 3, "footprint_area_m2": 167633.05872024721, "pv_positive_footprint_m2": 279.63089093551304, "pv_area_m2": 23.605358491682793, "prevalence": 0.0017921146953405018, "roof_size_selection": 0.93080707548510555, "conditional_intensity": 0.084416133041347471, "pv_utilization": 0.0001408156521863409, "eligible_50_buildings": true, "pv_utilization_pct": 0.014081565218634091, "zero_pv_eligible_cell": false, "color_bin": ">0 to 0.25", "imagery_date": "15 May 2025" }, "geometry": { "type": "Polygon", "coordinates": [ [ [ -8002000.0, 4938999.999456216581166 ], [ -8002000.0, 4939999.99945674277842 ], [ -8003000.0, 4939999.99945674277842 ], [ -8003000.0, 4938999.999456216581166 ], [ -8002000.0, 4938999.999456216581166 ] ] ] } },
{ "type": "Feature", "properties": { "city_key": "detroit", "City": "Detroit", "grid_id": "detroit_-8003_4940", "building_count": 1360, "pv_positive_buildings": 1, "footprint_area_m2": 138925.10853690447, "pv_positive_footprint_m2": 66.625200590110268, "pv_area_m2": 10.342256438354227, "prevalence": 0.00073529411764705881, "roof_size_selection": 0.65222387627993095, "conditional_intensity": 0.1552303985091403, "pv_utilization": 7.4444832523610225e-05, "eligible_50_buildings": true, "pv_utilization_pct": 0.0074444832523610227, "zero_pv_eligible_cell": false, "color_bin": ">0 to 0.25", "imagery_date": "15 May 2025" }, "geometry": { "type": "Polygon", "coordinates": [ [ [ -8002000.0, 4939999.99945674277842 ], [ -8002000.0, 4940999.99945726711303 ], [ -8003000.0, 4940999.99945726711303 ], [ -8003000.0, 4939999.99945674277842 ], [ -8002000.0, 4939999.99945674277842 ] ] ] } },
{ "type": "Feature", "properties": { "city_key": "detroit", "City": "Detroit", "grid_id": "detroit_-8003_4941", "building_count": 1170, "pv_positive_buildings": 0, "footprint_area_m2": 96171.940694264296, "pv_positive_footprint_m2": 0.0, "pv_area_m2": 0.0, "prevalence": 0.0, "roof_size_selection": null, "conditional_intensity": null, "pv_utilization": 0.0, "eligible_50_buildings": true, "pv_utilization_pct": 0.0, "zero_pv_eligible_cell": true, "color_bin": "zero", "imagery_date": "15 May 2025" }, "geometry": { "type": "Polygon", "coordinates": [ [ [ -8002000.0, 4940999.99945726711303 ], [ -8002000.0, 4941999.999457794241607 ], [ -8003000.0, 4941999.999457794241607 ], [ -8003000.0, 4940999.99945726711303 ], [ -8002000.0, 4940999.99945726711303 ] ] ] } },
{ "type": "Feature", "properties": { "city_key": "detroit", "City": "Detroit", "grid_id": "detroit_-8003_4943", "building_count": 61, "pv_positive_buildings": 0, "footprint_area_m2": 7478.3389950807177, "pv_positive_footprint_m2": 0.0, "pv_area_m2": 0.0, "prevalence": 0.0, "roof_size_selection": null, "conditional_intensity": null, "pv_utilization": 0.0, "eligible_50_buildings": true, "pv_utilization_pct": 0.0, "zero_pv_eligible_cell": true, "color_bin": "zero", "imagery_date": "15 May 2025" }, "geometry": { "type": "Polygon", "coordinates": [ [ [ -8002000.0, 4942999.999458317644894 ], [ -8002000.0, 4943999.999458842910826 ], [ -8003000.0, 4943999.999458842910826 ], [ -8003000.0, 4942999.999458317644894 ], [ -8002000.0, 4942999.999458317644894 ] ] ] } },
{ "type": "Feature", "properties": { "city_key": "detroit", "City": "Detroit", "grid_id": "detroit_-8002_4935", "building_count": 205, "pv_positive_buildings": 2, "footprint_area_m2": 21978.148308567106, "pv_positive_footprint_m2": 212.23932032976643, "pv_area_m2": 15.176871939537781, "prevalence": 0.0097560975609756097, "roof_size_selection": 0.98982544063191713, "conditional_intensity": 0.071508295050873444, "pv_utilization": 0.00069054370397627263, "eligible_50_buildings": true, "pv_utilization_pct": 0.069054370397627268, "zero_pv_eligible_cell": false, "color_bin": ">0 to 0.25", "imagery_date": "15 May 2025" }, "geometry": { "type": "Polygon", "coordinates": [ [ [ -8000999.999999999068677, 4934999.99945411644876 ], [ -8000999.999999999068677, 4935999.999454646371305 ], [ -8002000.0, 4935999.999454646371305 ], [ -8002000.0, 4934999.99945411644876 ], [ -8000999.999999999068677, 4934999.99945411644876 ] ] ] } },
{ "type": "Feature", "properties": { "city_key": "detroit", "City": "Detroit", "grid_id": "detroit_-8002_4938", "building_count": 1256, "pv_positive_buildings": 3, "footprint_area_m2": 134116.45164410552, "pv_positive_footprint_m2": 440.72548375017141, "pv_area_m2": 39.506547337891185, "prevalence": 0.0023885350318471337, "roof_size_selection": 1.3757974277934011, "conditional_intensity": 0.089639807078380276, "pv_utilization": 0.00029456898727627141, "eligible_50_buildings": true, "pv_utilization_pct": 0.029456898727627141, "zero_pv_eligible_cell": false, "color_bin": ">0 to 0.25", "imagery_date": "15 May 2025" }, "geometry": { "type": "Polygon", "coordinates": [ [ [ -8000999.999999999068677, 4937999.999455693177879 ], [ -8000999.999999999068677, 4938999.999456216581166 ], [ -8002000.0, 4938999.999456216581166 ], [ -8002000.0, 4937999.999455693177879 ], [ -8000999.999999999068677, 4937999.999455693177879 ] ] ] } },
{ "type": "Feature", "properties": { "city_key": "detroit", "City": "Detroit", "grid_id": "detroit_-8002_4939", "building_count": 1215, "pv_positive_buildings": 0, "footprint_area_m2": 138689.2860878394, "pv_positive_footprint_m2": 0.0, "pv_area_m2": 0.0, "prevalence": 0.0, "roof_size_selection": null, "conditional_intensity": null, "pv_utilization": 0.0, "eligible_50_buildings": true, "pv_utilization_pct": 0.0, "zero_pv_eligible_cell": true, "color_bin": "zero", "imagery_date": "15 May 2025" }, "geometry": { "type": "Polygon", "coordinates": [ [ [ -8000999.999999999068677, 4938999.999456216581166 ], [ -8000999.999999999068677, 4939999.99945674277842 ], [ -8002000.0, 4939999.99945674277842 ], [ -8002000.0, 4938999.999456216581166 ], [ -8000999.999999999068677, 4938999.999456216581166 ] ] ] } },
{ "type": "Feature", "properties": { "city_key": "detroit", "City": "Detroit", "grid_id": "detroit_-8002_4940", "building_count": 1332, "pv_positive_buildings": 2, "footprint_area_m2": 115312.39008263593, "pv_positive_footprint_m2": 244.33614439668543, "pv_area_m2": 25.446645094557795, "prevalence": 0.0015015015015015015, "roof_size_selection": 1.4111915645107813, "conditional_intensity": 0.10414605320629343, "pv_utilization": 0.00022067572336608452, "eligible_50_buildings": true, "pv_utilization_pct": 0.02206757233660845, "zero_pv_eligible_cell": false, "color_bin": ">0 to 0.25", "imagery_date": "15 May 2025" }, "geometry": { "type": "Polygon", "coordinates": [ [ [ -8000999.999999999068677, 4939999.99945674277842 ], [ -8000999.999999999068677, 4940999.99945726711303 ], [ -8002000.0, 4940999.99945726711303 ], [ -8002000.0, 4939999.99945674277842 ], [ -8000999.999999999068677, 4939999.99945674277842 ] ] ] } },
{ "type": "Feature", "properties": { "city_key": "detroit", "City": "Detroit", "grid_id": "detroit_-8002_4941", "building_count": 343, "pv_positive_buildings": 0, "footprint_area_m2": 34695.427842871904, "pv_positive_footprint_m2": 0.0, "pv_area_m2": 0.0, "prevalence": 0.0, "roof_size_selection": null, "conditional_intensity": null, "pv_utilization": 0.0, "eligible_50_buildings": true, "pv_utilization_pct": 0.0, "zero_pv_eligible_cell": true, "color_bin": "zero", "imagery_date": "15 May 2025" }, "geometry": { "type": "Polygon", "coordinates": [ [ [ -8000999.999999999068677, 4940999.99945726711303 ], [ -8000999.999999999068677, 4941999.999457794241607 ], [ -8002000.0, 4941999.999457794241607 ], [ -8002000.0, 4940999.99945726711303 ], [ -8000999.999999999068677, 4940999.99945726711303 ] ] ] } },
{ "type": "Feature", "properties": { "city_key": "detroit", "City": "Detroit", "grid_id": "detroit_-8001_4938", "building_count": 240, "pv_positive_buildings": 1, "footprint_area_m2": 37195.666473997189, "pv_positive_footprint_m2": 76.881819528216141, "pv_area_m2": 2.5264075409730711, "prevalence": 0.0041666666666666666, "roof_size_selection": 0.49606952733784393, "conditional_intensity": 0.032860922861559783, "pv_utilization": 6.7922093632580467e-05, "eligible_50_buildings": true, "pv_utilization_pct": 0.0067922093632580465, "zero_pv_eligible_cell": false, "color_bin": ">0 to 0.25", "imagery_date": "15 May 2025" }, "geometry": { "type": "Polygon", "coordinates": [ [ [ -7999999.999999999068677, 4937999.999455693177879 ], [ -7999999.999999999068677, 4938999.999456216581166 ], [ -8000999.999999999068677, 4938999.999456216581166 ], [ -8000999.999999999068677, 4937999.999455693177879 ], [ -7999999.999999999068677, 4937999.999455693177879 ] ] ] } },
{ "type": "Feature", "properties": { "city_key": "detroit", "City": "Detroit", "grid_id": "detroit_-8001_4939", "building_count": 799, "pv_positive_buildings": 2, "footprint_area_m2": 111807.30504545178, "pv_positive_footprint_m2": 3892.7530240041074, "pv_area_m2": 17.681843326678624, "prevalence": 0.0025031289111389237, "roof_size_selection": 13.909241730291603, "conditional_intensity": 0.0045422463787571556, "pv_utilization": 0.00015814568931332904, "eligible_50_buildings": true, "pv_utilization_pct": 0.015814568931332904, "zero_pv_eligible_cell": false, "color_bin": ">0 to 0.25", "imagery_date": "15 May 2025" }, "geometry": { "type": "Polygon", "coordinates": [ [ [ -7999999.999999999068677, 4938999.999456216581166 ], [ -7999999.999999999068677, 4939999.99945674277842 ], [ -8000999.999999999068677, 4939999.99945674277842 ], [ -8000999.999999999068677, 4938999.999456216581166 ], [ -7999999.999999999068677, 4938999.999456216581166 ] ] ] } },
{ "type": "Feature", "properties": { "city_key": "detroit", "City": "Detroit", "grid_id": "detroit_-8001_4940", "building_count": 953, "pv_positive_buildings": 5, "footprint_area_m2": 112620.54948193628, "pv_positive_footprint_m2": 20843.707007937377, "pv_area_m2": 84.734838700042047, "prevalence": 0.005246589716684155, "roof_size_selection": 35.276071498390984, "conditional_intensity": 0.0040652480227137446, "pv_utilization": 0.00075239233949602651, "eligible_50_buildings": true, "pv_utilization_pct": 0.075239233949602649, "zero_pv_eligible_cell": false, "color_bin": ">0 to 0.25", "imagery_date": "15 May 2025" }, "geometry": { "type": "Polygon", "coordinates": [ [ [ -7999999.999999999068677, 4939999.99945674277842 ], [ -7999999.999999999068677, 4940999.99945726711303 ], [ -8000999.999999999068677, 4940999.99945726711303 ], [ -8000999.999999999068677, 4939999.99945674277842 ], [ -7999999.999999999068677, 4939999.99945674277842 ] ] ] } },
{ "type": "Feature", "properties": { "city_key": "detroit", "City": "Detroit", "grid_id": "detroit_-8000_4940", "building_count": 106, "pv_positive_buildings": 0, "footprint_area_m2": 33007.456351184701, "pv_positive_footprint_m2": 0.0, "pv_area_m2": 0.0, "prevalence": 0.0, "roof_size_selection": null, "conditional_intensity": null, "pv_utilization": 0.0, "eligible_50_buildings": true, "pv_utilization_pct": 0.0, "zero_pv_eligible_cell": true, "color_bin": "zero", "imagery_date": "15 May 2025" }, "geometry": { "type": "Polygon", "coordinates": [ [ [ -7998999.999999999068677, 4939999.99945674277842 ], [ -7998999.999999999068677, 4940999.99945726711303 ], [ -7999999.999999999068677, 4940999.99945726711303 ], [ -7999999.999999999068677, 4939999.99945674277842 ], [ -7998999.999999999068677, 4939999.99945674277842 ] ] ] } },
{ "type": "Feature", "properties": { "city_key": "windsor", "City": "Windsor", "grid_id": "windsor_-8017_4928", "building_count": 240, "pv_positive_buildings": 4, "footprint_area_m2": 92503.780610462854, "pv_positive_footprint_m2": 8505.6039708393055, "pv_area_m2": 1108.3478851471934, "prevalence": 0.016666666666666666, "roof_size_selection": 5.5169230369016455, "conditional_intensity": 0.13030795801768622, "pv_utilization": 0.011981649591323095, "eligible_50_buildings": true, "pv_utilization_pct": 1.1981649591323096, "zero_pv_eligible_cell": false, "color_bin": ">1 to 2.5", "imagery_date": "6 June 2025" }, "geometry": { "type": "Polygon", "coordinates": [ [ [ -8016000.0, 4927999.999450425617397 ], [ -8016000.0, 4928999.999450953677297 ], [ -8016999.999999999068677, 4928999.999450953677297 ], [ -8016999.999999999068677, 4927999.999450425617397 ], [ -8016000.0, 4927999.999450425617397 ] ] ] } },
{ "type": "Feature", "properties": { "city_key": "windsor", "City": "Windsor", "grid_id": "windsor_-8016_4926", "building_count": 69, "pv_positive_buildings": 0, "footprint_area_m2": 10577.762151974206, "pv_positive_footprint_m2": 0.0, "pv_area_m2": 0.0, "prevalence": 0.0, "roof_size_selection": null, "conditional_intensity": null, "pv_utilization": 0.0, "eligible_50_buildings": true, "pv_utilization_pct": 0.0, "zero_pv_eligible_cell": true, "color_bin": "zero", "imagery_date": "6 June 2025" }, "geometry": { "type": "Polygon", "coordinates": [ [ [ -8015000.0, 4925999.999449366703629 ], [ -8015000.0, 4926999.999449895694852 ], [ -8016000.0, 4926999.999449895694852 ], [ -8016000.0, 4925999.999449366703629 ], [ -8015000.0, 4925999.999449366703629 ] ] ] } },
{ "type": "Feature", "properties": { "city_key": "windsor", "City": "Windsor", "grid_id": "windsor_-8016_4927", "building_count": 84, "pv_positive_buildings": 1, "footprint_area_m2": 15678.859081443299, "pv_positive_footprint_m2": 4121.5172862110367, "pv_area_m2": 2393.697292190157, "prevalence": 0.011904761904761904, "roof_size_selection": 22.081163574681312, "conditional_intensity": 0.5807806023763431, "pv_utilization": 0.15267037478659498, "eligible_50_buildings": true, "pv_utilization_pct": 15.267037478659498, "zero_pv_eligible_cell": false, "color_bin": ">10", "imagery_date": "6 June 2025" }, "geometry": { "type": "Polygon", "coordinates": [ [ [ -8015000.0, 4926999.999449895694852 ], [ -8015000.0, 4927999.999450425617397 ], [ -8016000.0, 4927999.999450425617397 ], [ -8016000.0, 4926999.999449895694852 ], [ -8015000.0, 4926999.999449895694852 ] ] ] } },
{ "type": "Feature", "properties": { "city_key": "windsor", "City": "Windsor", "grid_id": "windsor_-8016_4928", "building_count": 724, "pv_positive_buildings": 6, "footprint_area_m2": 138973.25258285113, "pv_positive_footprint_m2": 709.65807792578812, "pv_area_m2": 198.0797102438014, "prevalence": 0.0082872928176795577, "roof_size_selection": 0.61617666093932366, "conditional_intensity": 0.27911992606743136, "pv_utilization": 0.0014253081550761936, "eligible_50_buildings": true, "pv_utilization_pct": 0.14253081550761937, "zero_pv_eligible_cell": false, "color_bin": ">0 to 0.25", "imagery_date": "6 June 2025" }, "geometry": { "type": "Polygon", "coordinates": [ [ [ -8015000.0, 4927999.999450425617397 ], [ -8015000.0, 4928999.999450953677297 ], [ -8016000.0, 4928999.999450953677297 ], [ -8016000.0, 4927999.999450425617397 ], [ -8015000.0, 4927999.999450425617397 ] ] ] } },
{ "type": "Feature", "properties": { "city_key": "windsor", "City": "Windsor", "grid_id": "windsor_-8016_4929", "building_count": 790, "pv_positive_buildings": 16, "footprint_area_m2": 139826.37920276308, "pv_positive_footprint_m2": 6181.0943238384461, "pv_area_m2": 2746.5572335729107, "prevalence": 0.020253164556962026, "roof_size_selection": 2.1826463216712719, "conditional_intensity": 0.44434805386812226, "pv_utilization": 0.019642625727940156, "eligible_50_buildings": true, "pv_utilization_pct": 1.9642625727940157, "zero_pv_eligible_cell": false, "color_bin": ">1 to 2.5", "imagery_date": "6 June 2025" }, "geometry": { "type": "Polygon", "coordinates": [ [ [ -8015000.0, 4928999.999450953677297 ], [ -8015000.0, 4929999.999451482668519 ], [ -8016000.0, 4929999.999451482668519 ], [ -8016000.0, 4928999.999450953677297 ], [ -8015000.0, 4928999.999450953677297 ] ] ] } },
{ "type": "Feature", "properties": { "city_key": "windsor", "City": "Windsor", "grid_id": "windsor_-8015_4925", "building_count": 89, "pv_positive_buildings": 2, "footprint_area_m2": 12154.43359035213, "pv_positive_footprint_m2": 379.25497348086384, "pv_area_m2": 101.90397508305847, "prevalence": 0.02247191011235955, "roof_size_selection": 1.3885341669310562, "conditional_intensity": 0.26869515816171691, "pv_utilization": 0.0083840990471120893, "eligible_50_buildings": true, "pv_utilization_pct": 0.83840990471120891, "zero_pv_eligible_cell": false, "color_bin": ">0.25 to 1", "imagery_date": "6 June 2025" }, "geometry": { "type": "Polygon", "coordinates": [ [ [ -8014000.0, 4924999.999448839575052 ], [ -8014000.0, 4925999.999449366703629 ], [ -8015000.0, 4925999.999449366703629 ], [ -8015000.0, 4924999.999448839575052 ], [ -8014000.0, 4924999.999448839575052 ] ] ] } },
{ "type": "Feature", "properties": { "city_key": "windsor", "City": "Windsor", "grid_id": "windsor_-8015_4926", "building_count": 129, "pv_positive_buildings": 2, "footprint_area_m2": 18725.143366025095, "pv_positive_footprint_m2": 427.50746753486692, "pv_area_m2": 8.6846634801078384, "prevalence": 0.015503875968992248, "roof_size_selection": 1.4725778658672173, "conditional_intensity": 0.020314647438057977, "pv_utilization": 0.00046379690186326125, "eligible_50_buildings": true, "pv_utilization_pct": 0.046379690186326122, "zero_pv_eligible_cell": false, "color_bin": ">0 to 0.25", "imagery_date": "6 June 2025" }, "geometry": { "type": "Polygon", "coordinates": [ [ [ -8014000.0, 4925999.999449366703629 ], [ -8014000.0, 4926999.999449895694852 ], [ -8015000.0, 4926999.999449895694852 ], [ -8015000.0, 4925999.999449366703629 ], [ -8014000.0, 4925999.999449366703629 ] ] ] } },
{ "type": "Feature", "properties": { "city_key": "windsor", "City": "Windsor", "grid_id": "windsor_-8015_4927", "building_count": 676, "pv_positive_buildings": 12, "footprint_area_m2": 110606.37220149046, "pv_positive_footprint_m2": 15488.047203502301, "pv_area_m2": 252.90008391886232, "prevalence": 0.017751479289940829, "roof_size_selection": 7.8882735997152533, "conditional_intensity": 0.016328726313648772, "pv_utilization": 0.0022864874679928648, "eligible_50_buildings": true, "pv_utilization_pct": 0.22864874679928648, "zero_pv_eligible_cell": false, "color_bin": ">0 to 0.25", "imagery_date": "6 June 2025" }, "geometry": { "type": "Polygon", "coordinates": [ [ [ -8014000.0, 4926999.999449895694852 ], [ -8014000.0, 4927999.999450425617397 ], [ -8015000.0, 4927999.999450425617397 ], [ -8015000.0, 4926999.999449895694852 ], [ -8014000.0, 4926999.999449895694852 ] ] ] } },
{ "type": "Feature", "properties": { "city_key": "windsor", "City": "Windsor", "grid_id": "windsor_-8015_4928", "building_count": 1047, "pv_positive_buildings": 9, "footprint_area_m2": 153052.03370242775, "pv_positive_footprint_m2": 968.10451363176423, "pv_area_m2": 196.36298185537203, "prevalence": 0.0085959885386819486, "roof_size_selection": 0.73584664222623863, "conditional_intensity": 0.20283242056039227, "pv_utilization": 0.0012829818533293836, "eligible_50_buildings": true, "pv_utilization_pct": 0.12829818533293835, "zero_pv_eligible_cell": false, "color_bin": ">0 to 0.25", "imagery_date": "6 June 2025" }, "geometry": { "type": "Polygon", "coordinates": [ [ [ -8014000.0, 4927999.999450425617397 ], [ -8014000.0, 4928999.999450953677297 ], [ -8015000.0, 4928999.999450953677297 ], [ -8015000.0, 4927999.999450425617397 ], [ -8014000.0, 4927999.999450425617397 ] ] ] } },
{ "type": "Feature", "properties": { "city_key": "windsor", "City": "Windsor", "grid_id": "windsor_-8015_4929", "building_count": 525, "pv_positive_buildings": 13, "footprint_area_m2": 184198.33371516288, "pv_positive_footprint_m2": 21801.293863308198, "pv_area_m2": 727.69906148425355, "prevalence": 0.024761904761904763, "roof_size_selection": 4.7798307932478394, "conditional_intensity": 0.033378709816346205, "pv_utilization": 0.0039506278195194696, "eligible_50_buildings": true, "pv_utilization_pct": 0.39506278195194694, "zero_pv_eligible_cell": false, "color_bin": ">0.25 to 1", "imagery_date": "6 June 2025" }, "geometry": { "type": "Polygon", "coordinates": [ [ [ -8014000.0, 4928999.999450953677297 ], [ -8014000.0, 4929999.999451482668519 ], [ -8015000.0, 4929999.999451482668519 ], [ -8015000.0, 4928999.999450953677297 ], [ -8014000.0, 4928999.999450953677297 ] ] ] } },
{ "type": "Feature", "properties": { "city_key": "windsor", "City": "Windsor", "grid_id": "windsor_-8015_4930", "building_count": 739, "pv_positive_buildings": 18, "footprint_area_m2": 105031.62271986947, "pv_positive_footprint_m2": 3175.3398513970401, "pv_area_m2": 640.26259589460324, "prevalence": 0.024357239512855209, "roof_size_selection": 1.2412008717079328, "conditional_intensity": 0.2016359274466038, "pv_utilization": 0.0060959031129343951, "eligible_50_buildings": true, "pv_utilization_pct": 0.60959031129343955, "zero_pv_eligible_cell": false, "color_bin": ">0.25 to 1", "imagery_date": "6 June 2025" }, "geometry": { "type": "Polygon", "coordinates": [ [ [ -8014000.0, 4929999.999451482668519 ], [ -8014000.0, 4930999.999452007003129 ], [ -8015000.0, 4930999.999452007003129 ], [ -8015000.0, 4929999.999451482668519 ], [ -8014000.0, 4929999.999451482668519 ] ] ] } },
{ "type": "Feature", "properties": { "city_key": "windsor", "City": "Windsor", "grid_id": "windsor_-8014_4925", "building_count": 86, "pv_positive_buildings": 3, "footprint_area_m2": 15782.251442000081, "pv_positive_footprint_m2": 701.31388859544006, "pv_area_m2": 64.664684843829789, "prevalence": 0.034883720930232558, "roof_size_selection": 1.2738569998680407, "conditional_intensity": 0.092205053821673655, "pv_utilization": 0.0040973041825795959, "eligible_50_buildings": true, "pv_utilization_pct": 0.40973041825795958, "zero_pv_eligible_cell": false, "color_bin": ">0.25 to 1", "imagery_date": "6 June 2025" }, "geometry": { "type": "Polygon", "coordinates": [ [ [ -8012999.999999999068677, 4924999.999448839575052 ], [ -8012999.999999999068677, 4925999.999449366703629 ], [ -8014000.0, 4925999.999449366703629 ], [ -8014000.0, 4924999.999448839575052 ], [ -8012999.999999999068677, 4924999.999448839575052 ] ] ] } },
{ "type": "Feature", "properties": { "city_key": "windsor", "City": "Windsor", "grid_id": "windsor_-8014_4926", "building_count": 141, "pv_positive_buildings": 3, "footprint_area_m2": 59313.162471382042, "pv_positive_footprint_m2": 4833.011630019595, "pv_area_m2": 565.28407317347205, "prevalence": 0.021276595744680851, "roof_size_selection": 3.8296987910654594, "conditional_intensity": 0.11696311046766096, "pv_utilization": 0.0095304996331331254, "eligible_50_buildings": true, "pv_utilization_pct": 0.95304996331331249, "zero_pv_eligible_cell": false, "color_bin": ">0.25 to 1", "imagery_date": "6 June 2025" }, "geometry": { "type": "Polygon", "coordinates": [ [ [ -8012999.999999999068677, 4925999.999449366703629 ], [ -8012999.999999999068677, 4926999.999449895694852 ], [ -8014000.0, 4926999.999449895694852 ], [ -8014000.0, 4925999.999449366703629 ], [ -8012999.999999999068677, 4925999.999449366703629 ] ] ] } },
{ "type": "Feature", "properties": { "city_key": "windsor", "City": "Windsor", "grid_id": "windsor_-8014_4927", "building_count": 352, "pv_positive_buildings": 6, "footprint_area_m2": 134641.5018873442, "pv_positive_footprint_m2": 3919.5493850071425, "pv_area_m2": 1131.3059852276451, "prevalence": 0.017045454545454544, "roof_size_selection": 1.7078456050360391, "conditional_intensity": 0.28863164463625801, "pv_utilization": 0.0084023571437447219, "eligible_50_buildings": true, "pv_utilization_pct": 0.8402357143744722, "zero_pv_eligible_cell": false, "color_bin": ">0.25 to 1", "imagery_date": "6 June 2025" }, "geometry": { "type": "Polygon", "coordinates": [ [ [ -8012999.999999999068677, 4926999.999449895694852 ], [ -8012999.999999999068677, 4927999.999450425617397 ], [ -8014000.0, 4927999.999450425617397 ], [ -8014000.0, 4926999.999449895694852 ], [ -8012999.999999999068677, 4926999.999449895694852 ] ] ] } },
{ "type": "Feature", "properties": { "city_key": "windsor", "City": "Windsor", "grid_id": "windsor_-8014_4928", "building_count": 982, "pv_positive_buildings": 6, "footprint_area_m2": 171112.78791281505, "pv_positive_footprint_m2": 9198.1519474276265, "pv_area_m2": 3258.229011111941, "prevalence": 0.0061099796334012219, "roof_size_selection": 8.7978863946511794, "conditional_intensity": 0.35422648263851997, "pv_utilization": 0.019041411520757088, "eligible_50_buildings": true, "pv_utilization_pct": 1.9041411520757088, "zero_pv_eligible_cell": false, "color_bin": ">1 to 2.5", "imagery_date": "6 June 2025" }, "geometry": { "type": "Polygon", "coordinates": [ [ [ -8012999.999999999068677, 4927999.999450425617397 ], [ -8012999.999999999068677, 4928999.999450953677297 ], [ -8014000.0, 4928999.999450953677297 ], [ -8014000.0, 4927999.999450425617397 ], [ -8012999.999999999068677, 4927999.999450425617397 ] ] ] } },
{ "type": "Feature", "properties": { "city_key": "windsor", "City": "Windsor", "grid_id": "windsor_-8014_4929", "building_count": 1290, "pv_positive_buildings": 14, "footprint_area_m2": 159632.91430972551, "pv_positive_footprint_m2": 2276.6209901990715, "pv_area_m2": 493.16450336459337, "prevalence": 0.010852713178294573, "roof_size_selection": 1.314104698115899, "conditional_intensity": 0.21662125821016448, "pv_utilization": 0.0030893660339229158, "eligible_50_buildings": true, "pv_utilization_pct": 0.30893660339229156, "zero_pv_eligible_cell": false, "color_bin": ">0.25 to 1", "imagery_date": "6 June 2025" }, "geometry": { "type": "Polygon", "coordinates": [ [ [ -8012999.999999999068677, 4928999.999450953677297 ], [ -8012999.999999999068677, 4929999.999451482668519 ], [ -8014000.0, 4929999.999451482668519 ], [ -8014000.0, 4928999.999450953677297 ], [ -8012999.999999999068677, 4928999.999450953677297 ] ] ] } },
{ "type": "Feature", "properties": { "city_key": "windsor", "City": "Windsor", "grid_id": "windsor_-8014_4930", "building_count": 1133, "pv_positive_buildings": 7, "footprint_area_m2": 214353.77966588738, "pv_positive_footprint_m2": 3523.7335559659537, "pv_area_m2": 422.77985837810593, "prevalence": 0.0061782877316857903, "roof_size_selection": 2.6607482566786502, "conditional_intensity": 0.11998065451410392, "pv_utilization": 0.0019723461794659823, "eligible_50_buildings": true, "pv_utilization_pct": 0.19723461794659822, "zero_pv_eligible_cell": false, "color_bin": ">0 to 0.25", "imagery_date": "6 June 2025" }, "geometry": { "type": "Polygon", "coordinates": [ [ [ -8012999.999999999068677, 4929999.999451482668519 ], [ -8012999.999999999068677, 4930999.999452007003129 ], [ -8014000.0, 4930999.999452007003129 ], [ -8014000.0, 4929999.999451482668519 ], [ -8012999.999999999068677, 4929999.999451482668519 ] ] ] } },
{ "type": "Feature", "properties": { "city_key": "windsor", "City": "Windsor", "grid_id": "windsor_-8013_4925", "building_count": 394, "pv_positive_buildings": 6, "footprint_area_m2": 78168.656271562766, "pv_positive_footprint_m2": 1196.8583831142819, "pv_area_m2": 211.9205938034217, "prevalence": 0.015228426395939087, "roof_size_selection": 1.0054375275191092, "conditional_intensity": 0.17706405101328224, "pv_utilization": 0.0027110686547712473, "eligible_50_buildings": true, "pv_utilization_pct": 0.2711068654771247, "zero_pv_eligible_cell": false, "color_bin": ">0.25 to 1", "imagery_date": "6 June 2025" }, "geometry": { "type": "Polygon", "coordinates": [ [ [ -8011999.999999999068677, 4924999.999448839575052 ], [ -8011999.999999999068677, 4925999.999449366703629 ], [ -8012999.999999999068677, 4925999.999449366703629 ], [ -8012999.999999999068677, 4924999.999448839575052 ], [ -8011999.999999999068677, 4924999.999448839575052 ] ] ] } },
{ "type": "Feature", "properties": { "city_key": "windsor", "City": "Windsor", "grid_id": "windsor_-8013_4926", "building_count": 804, "pv_positive_buildings": 7, "footprint_area_m2": 152546.61852369842, "pv_positive_footprint_m2": 6150.4383424068228, "pv_area_m2": 1145.1518258681883, "prevalence": 0.0087064676616915426, "roof_size_selection": 4.6308583052473589, "conditional_intensity": 0.18619027817455711, "pv_utilization": 0.0075068974779685903, "eligible_50_buildings": true, "pv_utilization_pct": 0.75068974779685904, "zero_pv_eligible_cell": false, "color_bin": ">0.25 to 1", "imagery_date": "6 June 2025" }, "geometry": { "type": "Polygon", "coordinates": [ [ [ -8011999.999999999068677, 4925999.999449366703629 ], [ -8011999.999999999068677, 4926999.999449895694852 ], [ -8012999.999999999068677, 4926999.999449895694852 ], [ -8012999.999999999068677, 4925999.999449366703629 ], [ -8011999.999999999068677, 4925999.999449366703629 ] ] ] } },
{ "type": "Feature", "properties": { "city_key": "windsor", "City": "Windsor", "grid_id": "windsor_-8013_4927", "building_count": 596, "pv_positive_buildings": 6, "footprint_area_m2": 118486.06042435161, "pv_positive_footprint_m2": 1167.8676756931575, "pv_area_m2": 143.27694882903702, "prevalence": 0.010067114093959731, "roof_size_selection": 0.97908723358154026, "conditional_intensity": 0.12268251944210951, "pv_utilization": 0.0012092304218394817, "eligible_50_buildings": true, "pv_utilization_pct": 0.12092304218394817, "zero_pv_eligible_cell": false, "color_bin": ">0 to 0.25", "imagery_date": "6 June 2025" }, "geometry": { "type": "Polygon", "coordinates": [ [ [ -8011999.999999999068677, 4926999.999449895694852 ], [ -8011999.999999999068677, 4927999.999450425617397 ], [ -8012999.999999999068677, 4927999.999450425617397 ], [ -8012999.999999999068677, 4926999.999449895694852 ], [ -8011999.999999999068677, 4926999.999449895694852 ] ] ] } },
{ "type": "Feature", "properties": { "city_key": "windsor", "City": "Windsor", "grid_id": "windsor_-8013_4928", "building_count": 631, "pv_positive_buildings": 2, "footprint_area_m2": 119050.3959414616, "pv_positive_footprint_m2": 307.12050714980558, "pv_area_m2": 127.13445598589112, "prevalence": 0.0031695721077654518, "roof_size_selection": 0.81391178281682286, "conditional_intensity": 0.41395625829661115, "pv_utilization": 0.0010679045204385926, "eligible_50_buildings": true, "pv_utilization_pct": 0.10679045204385926, "zero_pv_eligible_cell": false, "color_bin": ">0 to 0.25", "imagery_date": "6 June 2025" }, "geometry": { "type": "Polygon", "coordinates": [ [ [ -8011999.999999999068677, 4927999.999450425617397 ], [ -8011999.999999999068677, 4928999.999450953677297 ], [ -8012999.999999999068677, 4928999.999450953677297 ], [ -8012999.999999999068677, 4927999.999450425617397 ], [ -8011999.999999999068677, 4927999.999450425617397 ] ] ] } },
{ "type": "Feature", "properties": { "city_key": "windsor", "City": "Windsor", "grid_id": "windsor_-8013_4929", "building_count": 819, "pv_positive_buildings": 10, "footprint_area_m2": 118677.02741438564, "pv_positive_footprint_m2": 1397.5033670088026, "pv_area_m2": 275.70778303216787, "prevalence": 0.01221001221001221, "roof_size_selection": 0.96442865356220586, "conditional_intensity": 0.19728595260724782, "pv_utilization": 0.0023231773582386467, "eligible_50_buildings": true, "pv_utilization_pct": 0.23231773582386467, "zero_pv_eligible_cell": false, "color_bin": ">0 to 0.25", "imagery_date": "6 June 2025" }, "geometry": { "type": "Polygon", "coordinates": [ [ [ -8011999.999999999068677, 4928999.999450953677297 ], [ -8011999.999999999068677, 4929999.999451482668519 ], [ -8012999.999999999068677, 4929999.999451482668519 ], [ -8012999.999999999068677, 4928999.999450953677297 ], [ -8011999.999999999068677, 4928999.999450953677297 ] ] ] } },
{ "type": "Feature", "properties": { "city_key": "windsor", "City": "Windsor", "grid_id": "windsor_-8013_4930", "building_count": 1045, "pv_positive_buildings": 6, "footprint_area_m2": 282936.26289979048, "pv_positive_footprint_m2": 17921.758871673363, "pv_area_m2": 4149.4590305625707, "prevalence": 0.0057416267942583732, "roof_size_selection": 11.032071221597455, "conditional_intensity": 0.23153190823926836, "pv_utilization": 0.014665702402495553, "eligible_50_buildings": true, "pv_utilization_pct": 1.4665702402495553, "zero_pv_eligible_cell": false, "color_bin": ">1 to 2.5", "imagery_date": "6 June 2025" }, "geometry": { "type": "Polygon", "coordinates": [ [ [ -8011999.999999999068677, 4929999.999451482668519 ], [ -8011999.999999999068677, 4930999.999452007003129 ], [ -8012999.999999999068677, 4930999.999452007003129 ], [ -8012999.999999999068677, 4929999.999451482668519 ], [ -8011999.999999999068677, 4929999.999451482668519 ] ] ] } },
{ "type": "Feature", "properties": { "city_key": "windsor", "City": "Windsor", "grid_id": "windsor_-8012_4924", "building_count": 269, "pv_positive_buildings": 1, "footprint_area_m2": 51774.31815788144, "pv_positive_footprint_m2": 252.29341910244113, "pv_area_m2": 167.53963518678876, "prevalence": 0.0037174721189591076, "roof_size_selection": 1.3108222793316593, "conditional_intensity": 0.66406660856564403, "pv_utilization": 0.0032359602433756963, "eligible_50_buildings": true, "pv_utilization_pct": 0.32359602433756962, "zero_pv_eligible_cell": false, "color_bin": ">0.25 to 1", "imagery_date": "6 June 2025" }, "geometry": { "type": "Polygon", "coordinates": [ [ [ -8010999.999999999068677, 4923999.999448308721185 ], [ -8010999.999999999068677, 4924999.999448839575052 ], [ -8011999.999999999068677, 4924999.999448839575052 ], [ -8011999.999999999068677, 4923999.999448308721185 ], [ -8010999.999999999068677, 4923999.999448308721185 ] ] ] } },
{ "type": "Feature", "properties": { "city_key": "windsor", "City": "Windsor", "grid_id": "windsor_-8012_4925", "building_count": 727, "pv_positive_buildings": 9, "footprint_area_m2": 133222.95470731289, "pv_positive_footprint_m2": 15678.264776886799, "pv_area_m2": 3859.5004897501672, "prevalence": 0.012379642365887207, "roof_size_selection": 9.5062850908155401, "conditional_intensity": 0.24616885507890626, "pv_utilization": 0.028970236384783552, "eligible_50_buildings": true, "pv_utilization_pct": 2.8970236384783554, "zero_pv_eligible_cell": false, "color_bin": ">2.5 to 5", "imagery_date": "6 June 2025" }, "geometry": { "type": "Polygon", "coordinates": [ [ [ -8010999.999999999068677, 4924999.999448839575052 ], [ -8010999.999999999068677, 4925999.999449366703629 ], [ -8011999.999999999068677, 4925999.999449366703629 ], [ -8011999.999999999068677, 4924999.999448839575052 ], [ -8010999.999999999068677, 4924999.999448839575052 ] ] ] } },
{ "type": "Feature", "properties": { "city_key": "windsor", "City": "Windsor", "grid_id": "windsor_-8012_4926", "building_count": 919, "pv_positive_buildings": 7, "footprint_area_m2": 162042.50668786175, "pv_positive_footprint_m2": 1141.9768989769484, "pv_area_m2": 246.41175664318632, "prevalence": 0.0076169749727965181, "roof_size_selection": 0.92522175782414151, "conditional_intensity": 0.21577648099881599, "pv_utilization": 0.0015206612245134102, "eligible_50_buildings": true, "pv_utilization_pct": 0.15206612245134102, "zero_pv_eligible_cell": false, "color_bin": ">0 to 0.25", "imagery_date": "6 June 2025" }, "geometry": { "type": "Polygon", "coordinates": [ [ [ -8010999.999999999068677, 4925999.999449366703629 ], [ -8010999.999999999068677, 4926999.999449895694852 ], [ -8011999.999999999068677, 4926999.999449895694852 ], [ -8011999.999999999068677, 4925999.999449366703629 ], [ -8010999.999999999068677, 4925999.999449366703629 ] ] ] } },
{ "type": "Feature", "properties": { "city_key": "windsor", "City": "Windsor", "grid_id": "windsor_-8012_4927", "building_count": 734, "pv_positive_buildings": 11, "footprint_area_m2": 153013.73838362686, "pv_positive_footprint_m2": 9278.2762511422861, "pv_area_m2": 1814.5003669741006, "prevalence": 0.014986376021798364, "roof_size_selection": 4.0461338726117733, "conditional_intensity": 0.19556438263526699, "pv_utilization": 0.011858414715840053, "eligible_50_buildings": true, "pv_utilization_pct": 1.1858414715840053, "zero_pv_eligible_cell": false, "color_bin": ">1 to 2.5", "imagery_date": "6 June 2025" }, "geometry": { "type": "Polygon", "coordinates": [ [ [ -8010999.999999999068677, 4926999.999449895694852 ], [ -8010999.999999999068677, 4927999.999450425617397 ], [ -8011999.999999999068677, 4927999.999450425617397 ], [ -8011999.999999999068677, 4926999.999449895694852 ], [ -8010999.999999999068677, 4926999.999449895694852 ] ] ] } },
{ "type": "Feature", "properties": { "city_key": "windsor", "City": "Windsor", "grid_id": "windsor_-8012_4928", "building_count": 398, "pv_positive_buildings": 2, "footprint_area_m2": 78534.469595991628, "pv_positive_footprint_m2": 6119.3375584901214, "pv_area_m2": 3195.5801329573901, "prevalence": 0.0050251256281407036, "roof_size_selection": 15.505906901823497, "conditional_intensity": 0.52221014160654733, "pv_utilization": 0.040690159994669288, "eligible_50_buildings": true, "pv_utilization_pct": 4.069015999466929, "zero_pv_eligible_cell": false, "color_bin": ">2.5 to 5", "imagery_date": "6 June 2025" }, "geometry": { "type": "Polygon", "coordinates": [ [ [ -8010999.999999999068677, 4927999.999450425617397 ], [ -8010999.999999999068677, 4928999.999450953677297 ], [ -8011999.999999999068677, 4928999.999450953677297 ], [ -8011999.999999999068677, 4927999.999450425617397 ], [ -8010999.999999999068677, 4927999.999450425617397 ] ] ] } },
{ "type": "Feature", "properties": { "city_key": "windsor", "City": "Windsor", "grid_id": "windsor_-8012_4929", "building_count": 1380, "pv_positive_buildings": 5, "footprint_area_m2": 205140.37193355014, "pv_positive_footprint_m2": 1755.4566946813538, "pv_area_m2": 179.77755167166575, "prevalence": 0.0036231884057971015, "roof_size_selection": 2.3618268952393082, "conditional_intensity": 0.10241070156635139, "pv_utilization": 0.00087636358449179374, "eligible_50_buildings": true, "pv_utilization_pct": 0.087636358449179372, "zero_pv_eligible_cell": false, "color_bin": ">0 to 0.25", "imagery_date": "6 June 2025" }, "geometry": { "type": "Polygon", "coordinates": [ [ [ -8010999.999999999068677, 4928999.999450953677297 ], [ -8010999.999999999068677, 4929999.999451482668519 ], [ -8011999.999999999068677, 4929999.999451482668519 ], [ -8011999.999999999068677, 4928999.999450953677297 ], [ -8010999.999999999068677, 4928999.999450953677297 ] ] ] } },
{ "type": "Feature", "properties": { "city_key": "windsor", "City": "Windsor", "grid_id": "windsor_-8012_4930", "building_count": 736, "pv_positive_buildings": 5, "footprint_area_m2": 235807.32008555389, "pv_positive_footprint_m2": 626.92259577788866, "pv_area_m2": 181.43417002536214, "prevalence": 0.006793478260869565, "roof_size_selection": 0.39134920012247187, "conditional_intensity": 0.2894044196959239, "pv_utilization": 0.00076941703912980952, "eligible_50_buildings": true, "pv_utilization_pct": 0.076941703912980955, "zero_pv_eligible_cell": false, "color_bin": ">0 to 0.25", "imagery_date": "6 June 2025" }, "geometry": { "type": "Polygon", "coordinates": [ [ [ -8010999.999999999068677, 4929999.999451482668519 ], [ -8010999.999999999068677, 4930999.999452007003129 ], [ -8011999.999999999068677, 4930999.999452007003129 ], [ -8011999.999999999068677, 4929999.999451482668519 ], [ -8010999.999999999068677, 4929999.999451482668519 ] ] ] } },
{ "type": "Feature", "properties": { "city_key": "windsor", "City": "Windsor", "grid_id": "windsor_-8012_4931", "building_count": 197, "pv_positive_buildings": 2, "footprint_area_m2": 89707.851335042578, "pv_positive_footprint_m2": 34064.963853365451, "pv_area_m2": 117.29114108736707, "prevalence": 0.01015228426395939, "roof_size_selection": 37.403626211318894, "conditional_intensity": 0.0034431605913998139, "pv_utilization": 0.0013074791040229678, "eligible_50_buildings": true, "pv_utilization_pct": 0.13074791040229677, "zero_pv_eligible_cell": false, "color_bin": ">0 to 0.25", "imagery_date": "6 June 2025" }, "geometry": { "type": "Polygon", "coordinates": [ [ [ -8010999.999999999068677, 4930999.999452007003129 ], [ -8010999.999999999068677, 4931999.999452533200383 ], [ -8011999.999999999068677, 4931999.999452533200383 ], [ -8011999.999999999068677, 4930999.999452007003129 ], [ -8010999.999999999068677, 4930999.999452007003129 ] ] ] } },
{ "type": "Feature", "properties": { "city_key": "windsor", "City": "Windsor", "grid_id": "windsor_-8011_4924", "building_count": 252, "pv_positive_buildings": 2, "footprint_area_m2": 105483.88399216789, "pv_positive_footprint_m2": 1596.8898735248047, "pv_area_m2": 39.054603465236177, "prevalence": 0.0079365079365079361, "roof_size_selection": 1.9074773932202285, "conditional_intensity": 0.024456666744984239, "pv_utilization": 0.00037024237245697131, "eligible_50_buildings": true, "pv_utilization_pct": 0.037024237245697131, "zero_pv_eligible_cell": false, "color_bin": ">0 to 0.25", "imagery_date": "6 June 2025" }, "geometry": { "type": "Polygon", "coordinates": [ [ [ -8010000.0, 4923999.999448308721185 ], [ -8010000.0, 4924999.999448839575052 ], [ -8010999.999999999068677, 4924999.999448839575052 ], [ -8010999.999999999068677, 4923999.999448308721185 ], [ -8010000.0, 4923999.999448308721185 ] ] ] } },
{ "type": "Feature", "properties": { "city_key": "windsor", "City": "Windsor", "grid_id": "windsor_-8011_4925", "building_count": 1237, "pv_positive_buildings": 6, "footprint_area_m2": 160391.79344941836, "pv_positive_footprint_m2": 1103.2429231051906, "pv_area_m2": 217.46124105351004, "prevalence": 0.004850444624090542, "roof_size_selection": 1.418101955770678, "conditional_intensity": 0.19711093223371243, "pv_utilization": 0.0013558127655832297, "eligible_50_buildings": true, "pv_utilization_pct": 0.13558127655832297, "zero_pv_eligible_cell": false, "color_bin": ">0 to 0.25", "imagery_date": "6 June 2025" }, "geometry": { "type": "Polygon", "coordinates": [ [ [ -8010000.0, 4924999.999448839575052 ], [ -8010000.0, 4925999.999449366703629 ], [ -8010999.999999999068677, 4925999.999449366703629 ], [ -8010999.999999999068677, 4924999.999448839575052 ], [ -8010000.0, 4924999.999448839575052 ] ] ] } },
{ "type": "Feature", "properties": { "city_key": "windsor", "City": "Windsor", "grid_id": "windsor_-8011_4926", "building_count": 921, "pv_positive_buildings": 2, "footprint_area_m2": 139227.18922115644, "pv_positive_footprint_m2": 295.72078261753938, "pv_area_m2": 119.96514505219996, "prevalence": 0.0021715526601520088, "roof_size_selection": 0.97810938479165654, "conditional_intensity": 0.40567032181621432, "pv_utilization": 0.00086165026905513727, "eligible_50_buildings": true, "pv_utilization_pct": 0.086165026905513725, "zero_pv_eligible_cell": false, "color_bin": ">0 to 0.25", "imagery_date": "6 June 2025" }, "geometry": { "type": "Polygon", "coordinates": [ [ [ -8010000.0, 4925999.999449366703629 ], [ -8010000.0, 4926999.999449895694852 ], [ -8010999.999999999068677, 4926999.999449895694852 ], [ -8010999.999999999068677, 4925999.999449366703629 ], [ -8010000.0, 4925999.999449366703629 ] ] ] } },
{ "type": "Feature", "properties": { "city_key": "windsor", "City": "Windsor", "grid_id": "windsor_-8011_4927", "building_count": 228, "pv_positive_buildings": 1, "footprint_area_m2": 127635.84410837157, "pv_positive_footprint_m2": 4509.3121593012947, "pv_area_m2": 595.9180710173589, "prevalence": 0.0043859649122807015, "roof_size_selection": 8.0551288668389134, "conditional_intensity": 0.13215276520348387, "pv_utilization": 0.0046688927799261749, "eligible_50_buildings": true, "pv_utilization_pct": 0.46688927799261748, "zero_pv_eligible_cell": false, "color_bin": ">0.25 to 1", "imagery_date": "6 June 2025" }, "geometry": { "type": "Polygon", "coordinates": [ [ [ -8010000.0, 4926999.999449895694852 ], [ -8010000.0, 4927999.999450425617397 ], [ -8010999.999999999068677, 4927999.999450425617397 ], [ -8010999.999999999068677, 4926999.999449895694852 ], [ -8010000.0, 4926999.999449895694852 ] ] ] } },
{ "type": "Feature", "properties": { "city_key": "windsor", "City": "Windsor", "grid_id": "windsor_-8011_4928", "building_count": 372, "pv_positive_buildings": 2, "footprint_area_m2": 114509.40479590718, "pv_positive_footprint_m2": 14366.803336970755, "pv_area_m2": 2473.1166499994893, "prevalence": 0.0053763440860215058, "roof_size_selection": 23.336296485335254, "conditional_intensity": 0.17214105267490537, "pv_utilization": 0.02159749807806078, "eligible_50_buildings": true, "pv_utilization_pct": 2.1597498078060782, "zero_pv_eligible_cell": false, "color_bin": ">1 to 2.5", "imagery_date": "6 June 2025" }, "geometry": { "type": "Polygon", "coordinates": [ [ [ -8010000.0, 4927999.999450425617397 ], [ -8010000.0, 4928999.999450953677297 ], [ -8010999.999999999068677, 4928999.999450953677297 ], [ -8010999.999999999068677, 4927999.999450425617397 ], [ -8010000.0, 4927999.999450425617397 ] ] ] } },
{ "type": "Feature", "properties": { "city_key": "windsor", "City": "Windsor", "grid_id": "windsor_-8011_4929", "building_count": 746, "pv_positive_buildings": 9, "footprint_area_m2": 215033.45018434501, "pv_positive_footprint_m2": 899.04663374473421, "pv_area_m2": 230.72355868630919, "prevalence": 0.012064343163538873, "roof_size_selection": 0.34655527531419467, "conditional_intensity": 0.25663135818138039, "pv_utilization": 0.0010729658966477694, "eligible_50_buildings": true, "pv_utilization_pct": 0.10729658966477694, "zero_pv_eligible_cell": false, "color_bin": ">0 to 0.25", "imagery_date": "6 June 2025" }, "geometry": { "type": "Polygon", "coordinates": [ [ [ -8010000.0, 4928999.999450953677297 ], [ -8010000.0, 4929999.999451482668519 ], [ -8010999.999999999068677, 4929999.999451482668519 ], [ -8010999.999999999068677, 4928999.999450953677297 ], [ -8010000.0, 4928999.999450953677297 ] ] ] } },
{ "type": "Feature", "properties": { "city_key": "windsor", "City": "Windsor", "grid_id": "windsor_-8011_4930", "building_count": 1666, "pv_positive_buildings": 13, "footprint_area_m2": 246889.44508540886, "pv_positive_footprint_m2": 10397.624449604717, "pv_area_m2": 299.27818768348754, "prevalence": 0.0078031212484993995, "roof_size_selection": 5.3971345904202144, "conditional_intensity": 0.028783323453739965, "pv_utilization": 0.0012121951490471994, "eligible_50_buildings": true, "pv_utilization_pct": 0.12121951490471994, "zero_pv_eligible_cell": false, "color_bin": ">0 to 0.25", "imagery_date": "6 June 2025" }, "geometry": { "type": "Polygon", "coordinates": [ [ [ -8010000.0, 4929999.999451482668519 ], [ -8010000.0, 4930999.999452007003129 ], [ -8010999.999999999068677, 4930999.999452007003129 ], [ -8010999.999999999068677, 4929999.999451482668519 ], [ -8010000.0, 4929999.999451482668519 ] ] ] } },
{ "type": "Feature", "properties": { "city_key": "windsor", "City": "Windsor", "grid_id": "windsor_-8011_4931", "building_count": 1037, "pv_positive_buildings": 3, "footprint_area_m2": 137143.76686645209, "pv_positive_footprint_m2": 412.70577185803734, "pv_area_m2": 146.12179767615856, "prevalence": 0.0028929604628736743, "roof_size_selection": 1.040212265798268, "conditional_intensity": 0.3540580424119234, "pv_utilization": 0.0010654643737359869, "eligible_50_buildings": true, "pv_utilization_pct": 0.1065464373735987, "zero_pv_eligible_cell": false, "color_bin": ">0 to 0.25", "imagery_date": "6 June 2025" }, "geometry": { "type": "Polygon", "coordinates": [ [ [ -8010000.0, 4930999.999452007003129 ], [ -8010000.0, 4931999.999452533200383 ], [ -8010999.999999999068677, 4931999.999452533200383 ], [ -8010999.999999999068677, 4930999.999452007003129 ], [ -8010000.0, 4930999.999452007003129 ] ] ] } },
{ "type": "Feature", "properties": { "city_key": "windsor", "City": "Windsor", "grid_id": "windsor_-8010_4923", "building_count": 72, "pv_positive_buildings": 2, "footprint_area_m2": 29462.707791460034, "pv_positive_footprint_m2": 576.78531740075346, "pv_area_m2": 21.630470154620866, "prevalence": 0.027777777777777776, "roof_size_selection": 0.70476453058553523, "conditional_intensity": 0.037501769726208029, "pv_utilization": 0.00073416436492271784, "eligible_50_buildings": true, "pv_utilization_pct": 0.07341643649227178, "zero_pv_eligible_cell": false, "color_bin": ">0 to 0.25", "imagery_date": "6 June 2025" }, "geometry": { "type": "Polygon", "coordinates": [ [ [ -8009000.0, 4922999.999447784386575 ], [ -8009000.0, 4923999.999448308721185 ], [ -8010000.0, 4923999.999448308721185 ], [ -8010000.0, 4922999.999447784386575 ], [ -8009000.0, 4922999.999447784386575 ] ] ] } },
{ "type": "Feature", "properties": { "city_key": "windsor", "City": "Windsor", "grid_id": "windsor_-8010_4924", "building_count": 835, "pv_positive_buildings": 1, "footprint_area_m2": 120215.73414738376, "pv_positive_footprint_m2": 314.31890943525406, "pv_area_m2": 32.65341081763269, "prevalence": 0.0011976047904191617, "roof_size_selection": 2.1832108021456436, "conditional_intensity": 0.10388624367621414, "pv_utilization": 0.00027162343639310814, "eligible_50_buildings": true, "pv_utilization_pct": 0.027162343639310815, "zero_pv_eligible_cell": false, "color_bin": ">0 to 0.25", "imagery_date": "6 June 2025" }, "geometry": { "type": "Polygon", "coordinates": [ [ [ -8009000.0, 4923999.999448308721185 ], [ -8009000.0, 4924999.999448839575052 ], [ -8010000.0, 4924999.999448839575052 ], [ -8010000.0, 4923999.999448308721185 ], [ -8009000.0, 4923999.999448308721185 ] ] ] } },
{ "type": "Feature", "properties": { "city_key": "windsor", "City": "Windsor", "grid_id": "windsor_-8010_4925", "building_count": 969, "pv_positive_buildings": 4, "footprint_area_m2": 141990.16400878807, "pv_positive_footprint_m2": 709.16541657458004, "pv_area_m2": 156.11049881741775, "prevalence": 0.0041279669762641896, "roof_size_selection": 1.2099100199261634, "conditional_intensity": 0.22013270129762488, "pv_utilization": 0.0010994458658964276, "eligible_50_buildings": true, "pv_utilization_pct": 0.10994458658964276, "zero_pv_eligible_cell": false, "color_bin": ">0 to 0.25", "imagery_date": "6 June 2025" }, "geometry": { "type": "Polygon", "coordinates": [ [ [ -8009000.0, 4924999.999448839575052 ], [ -8009000.0, 4925999.999449366703629 ], [ -8010000.0, 4925999.999449366703629 ], [ -8010000.0, 4924999.999448839575052 ], [ -8009000.0, 4924999.999448839575052 ] ] ] } },
{ "type": "Feature", "properties": { "city_key": "windsor", "City": "Windsor", "grid_id": "windsor_-8010_4926", "building_count": 732, "pv_positive_buildings": 4, "footprint_area_m2": 171582.52694991481, "pv_positive_footprint_m2": 816.05641039347063, "pv_area_m2": 82.63704172378074, "prevalence": 0.0054644808743169399, "roof_size_selection": 0.87035857180024634, "conditional_intensity": 0.10126388405421186, "pv_utilization": 0.00048161688251568068, "eligible_50_buildings": true, "pv_utilization_pct": 0.048161688251568066, "zero_pv_eligible_cell": false, "color_bin": ">0 to 0.25", "imagery_date": "6 June 2025" }, "geometry": { "type": "Polygon", "coordinates": [ [ [ -8009000.0, 4925999.999449366703629 ], [ -8009000.0, 4926999.999449895694852 ], [ -8010000.0, 4926999.999449895694852 ], [ -8010000.0, 4925999.999449366703629 ], [ -8009000.0, 4925999.999449366703629 ] ] ] } },
{ "type": "Feature", "properties": { "city_key": "windsor", "City": "Windsor", "grid_id": "windsor_-8010_4927", "building_count": 421, "pv_positive_buildings": 1, "footprint_area_m2": 127339.79451481535, "pv_positive_footprint_m2": 55.523742293302561, "pv_area_m2": 38.569785780074504, "prevalence": 0.0023752969121140144, "roof_size_selection": 0.18356787518422416, "conditional_intensity": 0.69465392977891738, "pv_utilization": 0.00030288870754842552, "eligible_50_buildings": true, "pv_utilization_pct": 0.030288870754842552, "zero_pv_eligible_cell": false, "color_bin": ">0 to 0.25", "imagery_date": "6 June 2025" }, "geometry": { "type": "Polygon", "coordinates": [ [ [ -8009000.0, 4926999.999449895694852 ], [ -8009000.0, 4927999.999450425617397 ], [ -8010000.0, 4927999.999450425617397 ], [ -8010000.0, 4926999.999449895694852 ], [ -8009000.0, 4926999.999449895694852 ] ] ] } },
{ "type": "Feature", "properties": { "city_key": "windsor", "City": "Windsor", "grid_id": "windsor_-8010_4928", "building_count": 1241, "pv_positive_buildings": 10, "footprint_area_m2": 184019.13911140384, "pv_positive_footprint_m2": 1117.0362899044569, "pv_area_m2": 337.65135564110034, "prevalence": 0.0080580177276390001, "roof_size_selection": 0.75331405334540247, "conditional_intensity": 0.30227429376531767, "pv_utilization": 0.0018348708578442413, "eligible_50_buildings": true, "pv_utilization_pct": 0.18348708578442413, "zero_pv_eligible_cell": false, "color_bin": ">0 to 0.25", "imagery_date": "6 June 2025" }, "geometry": { "type": "Polygon", "coordinates": [ [ [ -8009000.0, 4927999.999450425617397 ], [ -8009000.0, 4928999.999450953677297 ], [ -8010000.0, 4928999.999450953677297 ], [ -8010000.0, 4927999.999450425617397 ], [ -8009000.0, 4927999.999450425617397 ] ] ] } },
{ "type": "Feature", "properties": { "city_key": "windsor", "City": "Windsor", "grid_id": "windsor_-8010_4929", "building_count": 1704, "pv_positive_buildings": 10, "footprint_area_m2": 209728.2233754312, "pv_positive_footprint_m2": 1056.3610340577404, "pv_area_m2": 222.83082950191428, "prevalence": 0.0058685446009389668, "roof_size_selection": 0.85827227879204782, "conditional_intensity": 0.21094192451037946, "pv_utilization": 0.0010624742150369924, "eligible_50_buildings": true, "pv_utilization_pct": 0.10624742150369924, "zero_pv_eligible_cell": false, "color_bin": ">0 to 0.25", "imagery_date": "6 June 2025" }, "geometry": { "type": "Polygon", "coordinates": [ [ [ -8009000.0, 4928999.999450953677297 ], [ -8009000.0, 4929999.999451482668519 ], [ -8010000.0, 4929999.999451482668519 ], [ -8010000.0, 4928999.999450953677297 ], [ -8009000.0, 4928999.999450953677297 ] ] ] } },
{ "type": "Feature", "properties": { "city_key": "windsor", "City": "Windsor", "grid_id": "windsor_-8010_4930", "building_count": 1901, "pv_positive_buildings": 8, "footprint_area_m2": 231861.98575781332, "pv_positive_footprint_m2": 3174.9577859376172, "pv_area_m2": 522.26766000759119, "prevalence": 0.0042083114150447132, "roof_size_selection": 3.253872519971734, "conditional_intensity": 0.16449593828327294, "pv_utilization": 0.0022524936905919334, "eligible_50_buildings": true, "pv_utilization_pct": 0.22524936905919335, "zero_pv_eligible_cell": false, "color_bin": ">0 to 0.25", "imagery_date": "6 June 2025" }, "geometry": { "type": "Polygon", "coordinates": [ [ [ -8009000.0, 4929999.999451482668519 ], [ -8009000.0, 4930999.999452007003129 ], [ -8010000.0, 4930999.999452007003129 ], [ -8010000.0, 4929999.999451482668519 ], [ -8009000.0, 4929999.999451482668519 ] ] ] } },
{ "type": "Feature", "properties": { "city_key": "windsor", "City": "Windsor", "grid_id": "windsor_-8010_4931", "building_count": 760, "pv_positive_buildings": 4, "footprint_area_m2": 175263.2893668472, "pv_positive_footprint_m2": 2966.483684461849, "pv_area_m2": 73.9767073206975, "prevalence": 0.005263157894736842, "roof_size_selection": 3.2159153356297097, "conditional_intensity": 0.024937506890120531, "pv_utilization": 0.0004220890044226851, "eligible_50_buildings": true, "pv_utilization_pct": 0.042208900442268507, "zero_pv_eligible_cell": false, "color_bin": ">0 to 0.25", "imagery_date": "6 June 2025" }, "geometry": { "type": "Polygon", "coordinates": [ [ [ -8009000.0, 4930999.999452007003129 ], [ -8009000.0, 4931999.999452533200383 ], [ -8010000.0, 4931999.999452533200383 ], [ -8010000.0, 4930999.999452007003129 ], [ -8009000.0, 4930999.999452007003129 ] ] ] } },
{ "type": "Feature", "properties": { "city_key": "windsor", "City": "Windsor", "grid_id": "windsor_-8009_4923", "building_count": 332, "pv_positive_buildings": 3, "footprint_area_m2": 82620.514004585551, "pv_positive_footprint_m2": 868.26440383555632, "pv_area_m2": 86.726666847821903, "prevalence": 0.0090361445783132526, "roof_size_selection": 1.163003262754678, "conditional_intensity": 0.09988508853375426, "pv_utilization": 0.0010496989505900248, "eligible_50_buildings": true, "pv_utilization_pct": 0.10496989505900248, "zero_pv_eligible_cell": false, "color_bin": ">0 to 0.25", "imagery_date": "6 June 2025" }, "geometry": { "type": "Polygon", "coordinates": [ [ [ -8008000.0, 4922999.999447784386575 ], [ -8008000.0, 4923999.999448308721185 ], [ -8009000.0, 4923999.999448308721185 ], [ -8009000.0, 4922999.999447784386575 ], [ -8008000.0, 4922999.999447784386575 ] ] ] } },
{ "type": "Feature", "properties": { "city_key": "windsor", "City": "Windsor", "grid_id": "windsor_-8009_4924", "building_count": 394, "pv_positive_buildings": 4, "footprint_area_m2": 70459.692110630072, "pv_positive_footprint_m2": 760.81044847327314, "pv_area_m2": 120.22493471572531, "prevalence": 0.01015228426395939, "roof_size_selection": 1.0635843974020351, "conditional_intensity": 0.15802219193622016, "pv_utilization": 0.0017062937846358726, "eligible_50_buildings": true, "pv_utilization_pct": 0.17062937846358725, "zero_pv_eligible_cell": false, "color_bin": ">0 to 0.25", "imagery_date": "6 June 2025" }, "geometry": { "type": "Polygon", "coordinates": [ [ [ -8008000.0, 4923999.999448308721185 ], [ -8008000.0, 4924999.999448839575052 ], [ -8009000.0, 4924999.999448839575052 ], [ -8009000.0, 4923999.999448308721185 ], [ -8008000.0, 4923999.999448308721185 ] ] ] } },
{ "type": "Feature", "properties": { "city_key": "windsor", "City": "Windsor", "grid_id": "windsor_-8009_4925", "building_count": 557, "pv_positive_buildings": 6, "footprint_area_m2": 134900.81385393254, "pv_positive_footprint_m2": 1694.5294637924505, "pv_area_m2": 201.49971083468321, "prevalence": 0.010771992818671455, "roof_size_selection": 1.1661072610409116, "conditional_intensity": 0.11891189568561158, "pv_utilization": 0.0014936878813263676, "eligible_50_buildings": true, "pv_utilization_pct": 0.14936878813263677, "zero_pv_eligible_cell": false, "color_bin": ">0 to 0.25", "imagery_date": "6 June 2025" }, "geometry": { "type": "Polygon", "coordinates": [ [ [ -8008000.0, 4924999.999448839575052 ], [ -8008000.0, 4925999.999449366703629 ], [ -8009000.0, 4925999.999449366703629 ], [ -8009000.0, 4924999.999448839575052 ], [ -8008000.0, 4924999.999448839575052 ] ] ] } },
{ "type": "Feature", "properties": { "city_key": "windsor", "City": "Windsor", "grid_id": "windsor_-8009_4926", "building_count": 331, "pv_positive_buildings": 6, "footprint_area_m2": 201797.53246363282, "pv_positive_footprint_m2": 84701.91418205385, "pv_area_m2": 243.27751769074817, "prevalence": 0.01812688821752266, "roof_size_selection": 23.155497535888209, "conditional_intensity": 0.0028721608010872134, "pv_utilization": 0.0012055524897688762, "eligible_50_buildings": true, "pv_utilization_pct": 0.12055524897688762, "zero_pv_eligible_cell": false, "color_bin": ">0 to 0.25", "imagery_date": "6 June 2025" }, "geometry": { "type": "Polygon", "coordinates": [ [ [ -8008000.0, 4925999.999449366703629 ], [ -8008000.0, 4926999.999449895694852 ], [ -8009000.0, 4926999.999449895694852 ], [ -8009000.0, 4925999.999449366703629 ], [ -8008000.0, 4925999.999449366703629 ] ] ] } },
{ "type": "Feature", "properties": { "city_key": "windsor", "City": "Windsor", "grid_id": "windsor_-8009_4927", "building_count": 476, "pv_positive_buildings": 11, "footprint_area_m2": 123485.15249759662, "pv_positive_footprint_m2": 4677.5156391624487, "pv_area_m2": 1366.3045324748575, "prevalence": 0.023109243697478993, "roof_size_selection": 1.6391351872957578, "conditional_intensity": 0.29210047338708772, "pv_utilization": 0.01106452480189025, "eligible_50_buildings": true, "pv_utilization_pct": 1.106452480189025, "zero_pv_eligible_cell": false, "color_bin": ">1 to 2.5", "imagery_date": "6 June 2025" }, "geometry": { "type": "Polygon", "coordinates": [ [ [ -8008000.0, 4926999.999449895694852 ], [ -8008000.0, 4927999.999450425617397 ], [ -8009000.0, 4927999.999450425617397 ], [ -8009000.0, 4926999.999449895694852 ], [ -8008000.0, 4926999.999449895694852 ] ] ] } },
{ "type": "Feature", "properties": { "city_key": "windsor", "City": "Windsor", "grid_id": "windsor_-8009_4928", "building_count": 1073, "pv_positive_buildings": 5, "footprint_area_m2": 138932.45547049865, "pv_positive_footprint_m2": 683.90036621413049, "pv_area_m2": 164.3824061223149, "prevalence": 0.0046598322460391422, "roof_size_selection": 1.056376770226428, "conditional_intensity": 0.24036016683583186, "pv_utilization": 0.0011831821842177141, "eligible_50_buildings": true, "pv_utilization_pct": 0.11831821842177141, "zero_pv_eligible_cell": false, "color_bin": ">0 to 0.25", "imagery_date": "6 June 2025" }, "geometry": { "type": "Polygon", "coordinates": [ [ [ -8008000.0, 4927999.999450425617397 ], [ -8008000.0, 4928999.999450953677297 ], [ -8009000.0, 4928999.999450953677297 ], [ -8009000.0, 4927999.999450425617397 ], [ -8008000.0, 4927999.999450425617397 ] ] ] } },
{ "type": "Feature", "properties": { "city_key": "windsor", "City": "Windsor", "grid_id": "windsor_-8009_4929", "building_count": 1205, "pv_positive_buildings": 8, "footprint_area_m2": 198105.39695201206, "pv_positive_footprint_m2": 3884.184815583867, "pv_area_m2": 205.23054301188495, "prevalence": 0.0066390041493775932, "roof_size_selection": 2.9532528989558045, "conditional_intensity": 0.052837481416556871, "pv_utilization": 0.0010359664409425396, "eligible_50_buildings": true, "pv_utilization_pct": 0.10359664409425395, "zero_pv_eligible_cell": false, "color_bin": ">0 to 0.25", "imagery_date": "6 June 2025" }, "geometry": { "type": "Polygon", "coordinates": [ [ [ -8008000.0, 4928999.999450953677297 ], [ -8008000.0, 4929999.999451482668519 ], [ -8009000.0, 4929999.999451482668519 ], [ -8009000.0, 4928999.999450953677297 ], [ -8008000.0, 4928999.999450953677297 ] ] ] } },
{ "type": "Feature", "properties": { "city_key": "windsor", "City": "Windsor", "grid_id": "windsor_-8009_4930", "building_count": 676, "pv_positive_buildings": 6, "footprint_area_m2": 203864.6213387718, "pv_positive_footprint_m2": 16758.530048965942, "pv_area_m2": 147.27257781162848, "prevalence": 0.0088757396449704144, "roof_size_selection": 9.2616742740888274, "conditional_intensity": 0.0087879173997552195, "pv_utilization": 0.00072240380329109894, "eligible_50_buildings": true, "pv_utilization_pct": 0.072240380329109899, "zero_pv_eligible_cell": false, "color_bin": ">0 to 0.25", "imagery_date": "6 June 2025" }, "geometry": { "type": "Polygon", "coordinates": [ [ [ -8008000.0, 4929999.999451482668519 ], [ -8008000.0, 4930999.999452007003129 ], [ -8009000.0, 4930999.999452007003129 ], [ -8009000.0, 4929999.999451482668519 ], [ -8008000.0, 4929999.999451482668519 ] ] ] } },
{ "type": "Feature", "properties": { "city_key": "windsor", "City": "Windsor", "grid_id": "windsor_-8009_4931", "building_count": 571, "pv_positive_buildings": 5, "footprint_area_m2": 211361.47057727838, "pv_positive_footprint_m2": 5112.2503364490758, "pv_area_m2": 929.90651397801855, "prevalence": 0.0087565674255691769, "roof_size_selection": 2.7621826571699, "conditional_intensity": 0.18189768747199564, "pv_utilization": 0.0043996027820880643, "eligible_50_buildings": true, "pv_utilization_pct": 0.43996027820880645, "zero_pv_eligible_cell": false, "color_bin": ">0.25 to 1", "imagery_date": "6 June 2025" }, "geometry": { "type": "Polygon", "coordinates": [ [ [ -8008000.0, 4930999.999452007003129 ], [ -8008000.0, 4931999.999452533200383 ], [ -8009000.0, 4931999.999452533200383 ], [ -8009000.0, 4930999.999452007003129 ], [ -8008000.0, 4930999.999452007003129 ] ] ] } },
{ "type": "Feature", "properties": { "city_key": "windsor", "City": "Windsor", "grid_id": "windsor_-8008_4923", "building_count": 650, "pv_positive_buildings": 5, "footprint_area_m2": 165184.26950731757, "pv_positive_footprint_m2": 1027.5793737799625, "pv_area_m2": 197.52928151246044, "prevalence": 0.0076923076923076927, "roof_size_selection": 0.80870484211256788, "conditional_intensity": 0.19222776026132826, "pv_utilization": 0.0011958116962445386, "eligible_50_buildings": true, "pv_utilization_pct": 0.11958116962445385, "zero_pv_eligible_cell": false, "color_bin": ">0 to 0.25", "imagery_date": "6 June 2025" }, "geometry": { "type": "Polygon", "coordinates": [ [ [ -8006999.999999999068677, 4922999.999447784386575 ], [ -8006999.999999999068677, 4923999.999448308721185 ], [ -8008000.0, 4923999.999448308721185 ], [ -8008000.0, 4922999.999447784386575 ], [ -8006999.999999999068677, 4922999.999447784386575 ] ] ] } },
{ "type": "Feature", "properties": { "city_key": "windsor", "City": "Windsor", "grid_id": "windsor_-8008_4924", "building_count": 716, "pv_positive_buildings": 11, "footprint_area_m2": 127086.07011851588, "pv_positive_footprint_m2": 2093.9319987139761, "pv_area_m2": 369.10032353942898, "prevalence": 0.015363128491620111, "roof_size_selection": 1.0724695259183978, "conditional_intensity": 0.17627139934158234, "pv_utilization": 0.0029043334426441807, "eligible_50_buildings": true, "pv_utilization_pct": 0.29043334426441808, "zero_pv_eligible_cell": false, "color_bin": ">0.25 to 1", "imagery_date": "6 June 2025" }, "geometry": { "type": "Polygon", "coordinates": [ [ [ -8006999.999999999068677, 4923999.999448308721185 ], [ -8006999.999999999068677, 4924999.999448839575052 ], [ -8008000.0, 4924999.999448839575052 ], [ -8008000.0, 4923999.999448308721185 ], [ -8006999.999999999068677, 4923999.999448308721185 ] ] ] } },
{ "type": "Feature", "properties": { "city_key": "windsor", "City": "Windsor", "grid_id": "windsor_-8008_4925", "building_count": 706, "pv_positive_buildings": 10, "footprint_area_m2": 141502.04228359697, "pv_positive_footprint_m2": 5794.6334887367284, "pv_area_m2": 1840.1061569066355, "prevalence": 0.014164305949008499, "roof_size_selection": 2.8911322953551206, "conditional_intensity": 0.31755350195716897, "pv_utilization": 0.013004096104978565, "eligible_50_buildings": true, "pv_utilization_pct": 1.3004096104978566, "zero_pv_eligible_cell": false, "color_bin": ">1 to 2.5", "imagery_date": "6 June 2025" }, "geometry": { "type": "Polygon", "coordinates": [ [ [ -8006999.999999999068677, 4924999.999448839575052 ], [ -8006999.999999999068677, 4925999.999449366703629 ], [ -8008000.0, 4925999.999449366703629 ], [ -8008000.0, 4924999.999448839575052 ], [ -8006999.999999999068677, 4924999.999448839575052 ] ] ] } },
{ "type": "Feature", "properties": { "city_key": "windsor", "City": "Windsor", "grid_id": "windsor_-8008_4926", "building_count": 522, "pv_positive_buildings": 12, "footprint_area_m2": 166082.70259503726, "pv_positive_footprint_m2": 9212.7938494035971, "pv_area_m2": 454.40162762169894, "prevalence": 0.022988505747126436, "roof_size_selection": 2.4129938048168031, "conditional_intensity": 0.049322891084892261, "pv_utilization": 0.0027359961062873319, "eligible_50_buildings": true, "pv_utilization_pct": 0.27359961062873317, "zero_pv_eligible_cell": false, "color_bin": ">0.25 to 1", "imagery_date": "6 June 2025" }, "geometry": { "type": "Polygon", "coordinates": [ [ [ -8006999.999999999068677, 4925999.999449366703629 ], [ -8006999.999999999068677, 4926999.999449895694852 ], [ -8008000.0, 4926999.999449895694852 ], [ -8008000.0, 4925999.999449366703629 ], [ -8006999.999999999068677, 4925999.999449366703629 ] ] ] } },
{ "type": "Feature", "properties": { "city_key": "windsor", "City": "Windsor", "grid_id": "windsor_-8008_4927", "building_count": 851, "pv_positive_buildings": 17, "footprint_area_m2": 151731.46097712487, "pv_positive_footprint_m2": 5162.7905539809726, "pv_area_m2": 900.56553784700679, "prevalence": 0.019976498237367801, "roof_size_selection": 1.7032935661247643, "conditional_intensity": 0.17443387029376783, "pv_utilization": 0.005935259121921832, "eligible_50_buildings": true, "pv_utilization_pct": 0.5935259121921832, "zero_pv_eligible_cell": false, "color_bin": ">0.25 to 1", "imagery_date": "6 June 2025" }, "geometry": { "type": "Polygon", "coordinates": [ [ [ -8006999.999999999068677, 4926999.999449895694852 ], [ -8006999.999999999068677, 4927999.999450425617397 ], [ -8008000.0, 4927999.999450425617397 ], [ -8008000.0, 4926999.999449895694852 ], [ -8006999.999999999068677, 4926999.999449895694852 ] ] ] } },
{ "type": "Feature", "properties": { "city_key": "windsor", "City": "Windsor", "grid_id": "windsor_-8008_4928", "building_count": 931, "pv_positive_buildings": 1, "footprint_area_m2": 120580.86595752387, "pv_positive_footprint_m2": 161.34795111112498, "pv_area_m2": 54.308727815596498, "prevalence": 0.0010741138560687433, "roof_size_selection": 1.2457610193094188, "conditional_intensity": 0.33659384852177338, "pv_utilization": 0.00045039258413293726, "eligible_50_buildings": true, "pv_utilization_pct": 0.045039258413293724, "zero_pv_eligible_cell": false, "color_bin": ">0 to 0.25", "imagery_date": "6 June 2025" }, "geometry": { "type": "Polygon", "coordinates": [ [ [ -8006999.999999999068677, 4927999.999450425617397 ], [ -8006999.999999999068677, 4928999.999450953677297 ], [ -8008000.0, 4928999.999450953677297 ], [ -8008000.0, 4927999.999450425617397 ], [ -8006999.999999999068677, 4927999.999450425617397 ] ] ] } },
{ "type": "Feature", "properties": { "city_key": "windsor", "City": "Windsor", "grid_id": "windsor_-8008_4929", "building_count": 1012, "pv_positive_buildings": 10, "footprint_area_m2": 145837.06376160696, "pv_positive_footprint_m2": 1945.8277520072429, "pv_area_m2": 403.92511441137111, "prevalence": 0.009881422924901186, "roof_size_selection": 1.3502587300099875, "conditional_intensity": 0.20758523666583392, "pv_utilization": 0.0027697013639252136, "eligible_50_buildings": true, "pv_utilization_pct": 0.27697013639252138, "zero_pv_eligible_cell": false, "color_bin": ">0.25 to 1", "imagery_date": "6 June 2025" }, "geometry": { "type": "Polygon", "coordinates": [ [ [ -8006999.999999999068677, 4928999.999450953677297 ], [ -8006999.999999999068677, 4929999.999451482668519 ], [ -8008000.0, 4929999.999451482668519 ], [ -8008000.0, 4928999.999450953677297 ], [ -8006999.999999999068677, 4928999.999450953677297 ] ] ] } },
{ "type": "Feature", "properties": { "city_key": "windsor", "City": "Windsor", "grid_id": "windsor_-8008_4930", "building_count": 938, "pv_positive_buildings": 12, "footprint_area_m2": 185908.62730744405, "pv_positive_footprint_m2": 85661.325549348912, "pv_area_m2": 327.15396198381421, "prevalence": 0.01279317697228145, "roof_size_selection": 36.016942179706263, "conditional_intensity": 0.0038191559596558312, "pv_utilization": 0.0017597567510559231, "eligible_50_buildings": true, "pv_utilization_pct": 0.17597567510559231, "zero_pv_eligible_cell": false, "color_bin": ">0 to 0.25", "imagery_date": "6 June 2025" }, "geometry": { "type": "Polygon", "coordinates": [ [ [ -8006999.999999999068677, 4929999.999451482668519 ], [ -8006999.999999999068677, 4930999.999452007003129 ], [ -8008000.0, 4930999.999452007003129 ], [ -8008000.0, 4929999.999451482668519 ], [ -8006999.999999999068677, 4929999.999451482668519 ] ] ] } },
{ "type": "Feature", "properties": { "city_key": "windsor", "City": "Windsor", "grid_id": "windsor_-8008_4931", "building_count": 464, "pv_positive_buildings": 5, "footprint_area_m2": 101891.15548626315, "pv_positive_footprint_m2": 663.26603995233302, "pv_area_m2": 97.660775620226062, "prevalence": 0.010775862068965518, "roof_size_selection": 0.60408666693229085, "conditional_intensity": 0.14724223725858882, "pv_utilization": 0.00095848138294390604, "eligible_50_buildings": true, "pv_utilization_pct": 0.095848138294390609, "zero_pv_eligible_cell": false, "color_bin": ">0 to 0.25", "imagery_date": "6 June 2025" }, "geometry": { "type": "Polygon", "coordinates": [ [ [ -8006999.999999999068677, 4930999.999452007003129 ], [ -8006999.999999999068677, 4931999.999452533200383 ], [ -8008000.0, 4931999.999452533200383 ], [ -8008000.0, 4930999.999452007003129 ], [ -8006999.999999999068677, 4930999.999452007003129 ] ] ] } },
{ "type": "Feature", "properties": { "city_key": "windsor", "City": "Windsor", "grid_id": "windsor_-8007_4923", "building_count": 395, "pv_positive_buildings": 3, "footprint_area_m2": 100767.47127511242, "pv_positive_footprint_m2": 694.35195722919889, "pv_area_m2": 119.04146032982075, "prevalence": 0.0075949367088607592, "roof_size_selection": 0.90726706292196302, "conditional_intensity": 0.17144253586445399, "pv_utilization": 0.0011813480960023023, "eligible_50_buildings": true, "pv_utilization_pct": 0.11813480960023023, "zero_pv_eligible_cell": false, "color_bin": ">0 to 0.25", "imagery_date": "6 June 2025" }, "geometry": { "type": "Polygon", "coordinates": [ [ [ -8006000.000000000931323, 4922999.999447784386575 ], [ -8006000.000000000931323, 4923999.999448308721185 ], [ -8006999.999999999068677, 4923999.999448308721185 ], [ -8006999.999999999068677, 4922999.999447784386575 ], [ -8006000.000000000931323, 4922999.999447784386575 ] ] ] } },
{ "type": "Feature", "properties": { "city_key": "windsor", "City": "Windsor", "grid_id": "windsor_-8007_4924", "building_count": 986, "pv_positive_buildings": 12, "footprint_area_m2": 202058.23781981226, "pv_positive_footprint_m2": 2644.2789169186567, "pv_area_m2": 321.14166864724382, "prevalence": 0.012170385395537525, "roof_size_selection": 1.0752918895289192, "conditional_intensity": 0.12144772875225507, "pv_utilization": 0.0015893520210426935, "eligible_50_buildings": true, "pv_utilization_pct": 0.15893520210426934, "zero_pv_eligible_cell": false, "color_bin": ">0 to 0.25", "imagery_date": "6 June 2025" }, "geometry": { "type": "Polygon", "coordinates": [ [ [ -8006000.000000000931323, 4923999.999448308721185 ], [ -8006000.000000000931323, 4924999.999448839575052 ], [ -8006999.999999999068677, 4924999.999448839575052 ], [ -8006999.999999999068677, 4923999.999448308721185 ], [ -8006000.000000000931323, 4923999.999448308721185 ] ] ] } },
{ "type": "Feature", "properties": { "city_key": "windsor", "City": "Windsor", "grid_id": "windsor_-8007_4925", "building_count": 466, "pv_positive_buildings": 8, "footprint_area_m2": 102464.12682441116, "pv_positive_footprint_m2": 2606.7152137253556, "pv_area_m2": 750.51201204996119, "prevalence": 0.017167381974248927, "roof_size_selection": 1.4818958195945624, "conditional_intensity": 0.28791484704513465, "pv_utilization": 0.0073246319010367876, "eligible_50_buildings": true, "pv_utilization_pct": 0.73246319010367877, "zero_pv_eligible_cell": false, "color_bin": ">0.25 to 1", "imagery_date": "6 June 2025" }, "geometry": { "type": "Polygon", "coordinates": [ [ [ -8006000.000000000931323, 4924999.999448839575052 ], [ -8006000.000000000931323, 4925999.999449366703629 ], [ -8006999.999999999068677, 4925999.999449366703629 ], [ -8006999.999999999068677, 4924999.999448839575052 ], [ -8006000.000000000931323, 4924999.999448839575052 ] ] ] } },
{ "type": "Feature", "properties": { "city_key": "windsor", "City": "Windsor", "grid_id": "windsor_-8007_4926", "building_count": 1128, "pv_positive_buildings": 12, "footprint_area_m2": 163173.7936207483, "pv_positive_footprint_m2": 1925.3659512450668, "pv_area_m2": 363.53046502105508, "prevalence": 0.010638297872340425, "roof_size_selection": 1.1091511412530111, "conditional_intensity": 0.18881110096809006, "pv_utilization": 0.0022278728523403681, "eligible_50_buildings": true, "pv_utilization_pct": 0.22278728523403682, "zero_pv_eligible_cell": false, "color_bin": ">0 to 0.25", "imagery_date": "6 June 2025" }, "geometry": { "type": "Polygon", "coordinates": [ [ [ -8006000.000000000931323, 4925999.999449366703629 ], [ -8006000.000000000931323, 4926999.999449895694852 ], [ -8006999.999999999068677, 4926999.999449895694852 ], [ -8006999.999999999068677, 4925999.999449366703629 ], [ -8006000.000000000931323, 4925999.999449366703629 ] ] ] } },
{ "type": "Feature", "properties": { "city_key": "windsor", "City": "Windsor", "grid_id": "windsor_-8007_4927", "building_count": 622, "pv_positive_buildings": 9, "footprint_area_m2": 141605.28442872726, "pv_positive_footprint_m2": 24456.399808056252, "pv_area_m2": 1223.5648251910627, "prevalence": 0.014469453376205787, "roof_size_selection": 11.936058539983707, "conditional_intensity": 0.050030455618737667, "pv_utilization": 0.0086406720633855089, "eligible_50_buildings": true, "pv_utilization_pct": 0.86406720633855094, "zero_pv_eligible_cell": false, "color_bin": ">0.25 to 1", "imagery_date": "6 June 2025" }, "geometry": { "type": "Polygon", "coordinates": [ [ [ -8006000.000000000931323, 4926999.999449895694852 ], [ -8006000.000000000931323, 4927999.999450425617397 ], [ -8006999.999999999068677, 4927999.999450425617397 ], [ -8006999.999999999068677, 4926999.999449895694852 ], [ -8006000.000000000931323, 4926999.999449895694852 ] ] ] } },
{ "type": "Feature", "properties": { "city_key": "windsor", "City": "Windsor", "grid_id": "windsor_-8007_4928", "building_count": 371, "pv_positive_buildings": 1, "footprint_area_m2": 89265.399335175258, "pv_positive_footprint_m2": 1567.725255873803, "pv_area_m2": 1083.0937037841882, "prevalence": 0.0026954177897574125, "roof_size_selection": 6.515694482531595, "conditional_intensity": 0.69086958937872323, "pv_utilization": 0.012133410166209746, "eligible_50_buildings": true, "pv_utilization_pct": 1.2133410166209746, "zero_pv_eligible_cell": false, "color_bin": ">1 to 2.5", "imagery_date": "6 June 2025" }, "geometry": { "type": "Polygon", "coordinates": [ [ [ -8006000.000000000931323, 4927999.999450425617397 ], [ -8006000.000000000931323, 4928999.999450953677297 ], [ -8006999.999999999068677, 4928999.999450953677297 ], [ -8006999.999999999068677, 4927999.999450425617397 ], [ -8006000.000000000931323, 4927999.999450425617397 ] ] ] } },
{ "type": "Feature", "properties": { "city_key": "windsor", "City": "Windsor", "grid_id": "windsor_-8007_4929", "building_count": 1140, "pv_positive_buildings": 6, "footprint_area_m2": 461926.21487938985, "pv_positive_footprint_m2": 8993.778044549299, "pv_area_m2": 1502.5321736794613, "prevalence": 0.005263157894736842, "roof_size_selection": 3.6993307013557213, "conditional_intensity": 0.16706351504750269, "pv_utilization": 0.0032527536331138436, "eligible_50_buildings": true, "pv_utilization_pct": 0.32527536331138435, "zero_pv_eligible_cell": false, "color_bin": ">0.25 to 1", "imagery_date": "6 June 2025" }, "geometry": { "type": "Polygon", "coordinates": [ [ [ -8006000.000000000931323, 4928999.999450953677297 ], [ -8006000.000000000931323, 4929999.999451482668519 ], [ -8006999.999999999068677, 4929999.999451482668519 ], [ -8006999.999999999068677, 4928999.999450953677297 ], [ -8006000.000000000931323, 4928999.999450953677297 ] ] ] } },
{ "type": "Feature", "properties": { "city_key": "windsor", "City": "Windsor", "grid_id": "windsor_-8007_4930", "building_count": 1460, "pv_positive_buildings": 5, "footprint_area_m2": 152374.99442143776, "pv_positive_footprint_m2": 2422.0849963454416, "pv_area_m2": 849.83903808331479, "prevalence": 0.0034246575342465752, "roof_size_selection": 4.6415018528352805, "conditional_intensity": 0.35087085687149411, "pv_utilization": 0.0055772867543662421, "eligible_50_buildings": true, "pv_utilization_pct": 0.55772867543662419, "zero_pv_eligible_cell": false, "color_bin": ">0.25 to 1", "imagery_date": "6 June 2025" }, "geometry": { "type": "Polygon", "coordinates": [ [ [ -8006000.000000000931323, 4929999.999451482668519 ], [ -8006000.000000000931323, 4930999.999452007003129 ], [ -8006999.999999999068677, 4930999.999452007003129 ], [ -8006999.999999999068677, 4929999.999451482668519 ], [ -8006000.000000000931323, 4929999.999451482668519 ] ] ] } },
{ "type": "Feature", "properties": { "city_key": "windsor", "City": "Windsor", "grid_id": "windsor_-8007_4931", "building_count": 1286, "pv_positive_buildings": 7, "footprint_area_m2": 168072.4369661833, "pv_positive_footprint_m2": 3074.258018533073, "pv_area_m2": 226.07059778321667, "prevalence": 0.0054432348367029551, "roof_size_selection": 3.3603672688452502, "conditional_intensity": 0.0735366375952691, "pv_utilization": 0.0013450783594498767, "eligible_50_buildings": true, "pv_utilization_pct": 0.13450783594498766, "zero_pv_eligible_cell": false, "color_bin": ">0 to 0.25", "imagery_date": "6 June 2025" }, "geometry": { "type": "Polygon", "coordinates": [ [ [ -8006000.000000000931323, 4930999.999452007003129 ], [ -8006000.000000000931323, 4931999.999452533200383 ], [ -8006999.999999999068677, 4931999.999452533200383 ], [ -8006999.999999999068677, 4930999.999452007003129 ], [ -8006000.000000000931323, 4930999.999452007003129 ] ] ] } },
{ "type": "Feature", "properties": { "city_key": "windsor", "City": "Windsor", "grid_id": "windsor_-8006_4923", "building_count": 51, "pv_positive_buildings": 3, "footprint_area_m2": 14643.98042114565, "pv_positive_footprint_m2": 766.29007157904834, "pv_area_m2": 102.77837281698997, "prevalence": 0.058823529411764705, "roof_size_selection": 0.88957584223707109, "conditional_intensity": 0.13412463064437297, "pv_utilization": 0.0070184724276590683, "eligible_50_buildings": true, "pv_utilization_pct": 0.70184724276590682, "zero_pv_eligible_cell": false, "color_bin": ">0.25 to 1", "imagery_date": "6 June 2025" }, "geometry": { "type": "Polygon", "coordinates": [ [ [ -8005000.0, 4922999.999447784386575 ], [ -8005000.0, 4923999.999448308721185 ], [ -8006000.000000000931323, 4923999.999448308721185 ], [ -8006000.000000000931323, 4922999.999447784386575 ], [ -8005000.0, 4922999.999447784386575 ] ] ] } },
{ "type": "Feature", "properties": { "city_key": "windsor", "City": "Windsor", "grid_id": "windsor_-8006_4924", "building_count": 913, "pv_positive_buildings": 27, "footprint_area_m2": 198490.04034404666, "pv_positive_footprint_m2": 9781.1859079602673, "pv_area_m2": 2919.1663854404878, "prevalence": 0.029572836801752465, "roof_size_selection": 1.6663253711554449, "conditional_intensity": 0.29844708125471464, "pv_utilization": 0.014706865797299651, "eligible_50_buildings": true, "pv_utilization_pct": 1.4706865797299651, "zero_pv_eligible_cell": false, "color_bin": ">1 to 2.5", "imagery_date": "6 June 2025" }, "geometry": { "type": "Polygon", "coordinates": [ [ [ -8005000.0, 4923999.999448308721185 ], [ -8005000.0, 4924999.999448839575052 ], [ -8006000.000000000931323, 4924999.999448839575052 ], [ -8006000.000000000931323, 4923999.999448308721185 ], [ -8005000.0, 4923999.999448308721185 ] ] ] } },
{ "type": "Feature", "properties": { "city_key": "windsor", "City": "Windsor", "grid_id": "windsor_-8006_4925", "building_count": 348, "pv_positive_buildings": 6, "footprint_area_m2": 161233.27692398464, "pv_positive_footprint_m2": 25317.430545957566, "pv_area_m2": 10349.280262664326, "prevalence": 0.017241379310344827, "roof_size_selection": 9.1073691466175362, "conditional_intensity": 0.40878082962952161, "pv_utilization": 0.064188239922355603, "eligible_50_buildings": true, "pv_utilization_pct": 6.4188239922355601, "zero_pv_eligible_cell": false, "color_bin": ">5 to 10", "imagery_date": "6 June 2025" }, "geometry": { "type": "Polygon", "coordinates": [ [ [ -8005000.0, 4924999.999448839575052 ], [ -8005000.0, 4925999.999449366703629 ], [ -8006000.000000000931323, 4925999.999449366703629 ], [ -8006000.000000000931323, 4924999.999448839575052 ], [ -8005000.0, 4924999.999448839575052 ] ] ] } },
{ "type": "Feature", "properties": { "city_key": "windsor", "City": "Windsor", "grid_id": "windsor_-8006_4926", "building_count": 339, "pv_positive_buildings": 1, "footprint_area_m2": 88278.903075060705, "pv_positive_footprint_m2": 242.51139388565994, "pv_area_m2": 50.151450781126137, "prevalence": 0.0029498525073746312, "roof_size_selection": 0.93126850995573696, "conditional_intensity": 0.20680038977785806, "pv_utilization": 0.00056810233288109586, "eligible_50_buildings": true, "pv_utilization_pct": 0.056810233288109586, "zero_pv_eligible_cell": false, "color_bin": ">0 to 0.25", "imagery_date": "6 June 2025" }, "geometry": { "type": "Polygon", "coordinates": [ [ [ -8005000.0, 4925999.999449366703629 ], [ -8005000.0, 4926999.999449895694852 ], [ -8006000.000000000931323, 4926999.999449895694852 ], [ -8006000.000000000931323, 4925999.999449366703629 ], [ -8005000.0, 4925999.999449366703629 ] ] ] } },
{ "type": "Feature", "properties": { "city_key": "windsor", "City": "Windsor", "grid_id": "windsor_-8006_4927", "building_count": 71, "pv_positive_buildings": 7, "footprint_area_m2": 146053.1882579473, "pv_positive_footprint_m2": 18332.867396745751, "pv_area_m2": 5625.7263224621756, "prevalence": 0.098591549295774641, "roof_size_selection": 1.2731502628736167, "conditional_intensity": 0.30686559831119448, "pv_utilization": 0.038518339719681258, "eligible_50_buildings": true, "pv_utilization_pct": 3.8518339719681256, "zero_pv_eligible_cell": false, "color_bin": ">2.5 to 5", "imagery_date": "6 June 2025" }, "geometry": { "type": "Polygon", "coordinates": [ [ [ -8005000.0, 4926999.999449895694852 ], [ -8005000.0, 4927999.999450425617397 ], [ -8006000.000000000931323, 4927999.999450425617397 ], [ -8006000.000000000931323, 4926999.999449895694852 ], [ -8005000.0, 4926999.999449895694852 ] ] ] } },
{ "type": "Feature", "properties": { "city_key": "windsor", "City": "Windsor", "grid_id": "windsor_-8006_4928", "building_count": 75, "pv_positive_buildings": 2, "footprint_area_m2": 72135.246734275061, "pv_positive_footprint_m2": 12519.449821803144, "pv_area_m2": 5167.5385028117544, "prevalence": 0.026666666666666668, "roof_size_selection": 6.5083213764699694, "conditional_intensity": 0.41276083025727461, "pv_utilization": 0.071636803598211007, "eligible_50_buildings": true, "pv_utilization_pct": 7.1636803598211003, "zero_pv_eligible_cell": false, "color_bin": ">5 to 10", "imagery_date": "6 June 2025" }, "geometry": { "type": "Polygon", "coordinates": [ [ [ -8005000.0, 4927999.999450425617397 ], [ -8005000.0, 4928999.999450953677297 ], [ -8006000.000000000931323, 4928999.999450953677297 ], [ -8006000.000000000931323, 4927999.999450425617397 ], [ -8005000.0, 4927999.999450425617397 ] ] ] } },
{ "type": "Feature", "properties": { "city_key": "windsor", "City": "Windsor", "grid_id": "windsor_-8006_4929", "building_count": 1254, "pv_positive_buildings": 6, "footprint_area_m2": 164717.73291673639, "pv_positive_footprint_m2": 8304.6382928962903, "pv_area_m2": 2062.81735524232, "prevalence": 0.0047846889952153108, "roof_size_selection": 10.537234652766214, "conditional_intensity": 0.24839340167371704, "pv_utilization": 0.012523347175285972, "eligible_50_buildings": true, "pv_utilization_pct": 1.2523347175285973, "zero_pv_eligible_cell": false, "color_bin": ">1 to 2.5", "imagery_date": "6 June 2025" }, "geometry": { "type": "Polygon", "coordinates": [ [ [ -8005000.0, 4928999.999450953677297 ], [ -8005000.0, 4929999.999451482668519 ], [ -8006000.000000000931323, 4929999.999451482668519 ], [ -8006000.000000000931323, 4928999.999450953677297 ], [ -8005000.0, 4928999.999450953677297 ] ] ] } },
{ "type": "Feature", "properties": { "city_key": "windsor", "City": "Windsor", "grid_id": "windsor_-8006_4930", "building_count": 1437, "pv_positive_buildings": 9, "footprint_area_m2": 173449.65162461813, "pv_positive_footprint_m2": 15739.559026628089, "pv_area_m2": 3994.9921308632611, "prevalence": 0.0062630480167014616, "roof_size_selection": 14.48883235593806, "conditional_intensity": 0.25381855515167601, "pv_utilization": 0.023032575121622455, "eligible_50_buildings": true, "pv_utilization_pct": 2.3032575121622454, "zero_pv_eligible_cell": false, "color_bin": ">1 to 2.5", "imagery_date": "6 June 2025" }, "geometry": { "type": "Polygon", "coordinates": [ [ [ -8005000.0, 4929999.999451482668519 ], [ -8005000.0, 4930999.999452007003129 ], [ -8006000.000000000931323, 4930999.999452007003129 ], [ -8006000.000000000931323, 4929999.999451482668519 ], [ -8005000.0, 4929999.999451482668519 ] ] ] } },
{ "type": "Feature", "properties": { "city_key": "windsor", "City": "Windsor", "grid_id": "windsor_-8006_4931", "building_count": 1291, "pv_positive_buildings": 5, "footprint_area_m2": 153716.32470708716, "pv_positive_footprint_m2": 583.45725677429039, "pv_area_m2": 101.74071576173428, "prevalence": 0.0038729666924864447, "roof_size_selection": 0.9800433622530923, "conditional_intensity": 0.17437561120452827, "pv_utilization": 0.00066187320023169591, "eligible_50_buildings": true, "pv_utilization_pct": 0.066187320023169585, "zero_pv_eligible_cell": false, "color_bin": ">0 to 0.25", "imagery_date": "6 June 2025" }, "geometry": { "type": "Polygon", "coordinates": [ [ [ -8005000.0, 4930999.999452007003129 ], [ -8005000.0, 4931999.999452533200383 ], [ -8006000.000000000931323, 4931999.999452533200383 ], [ -8006000.000000000931323, 4930999.999452007003129 ], [ -8005000.0, 4930999.999452007003129 ] ] ] } },
{ "type": "Feature", "properties": { "city_key": "windsor", "City": "Windsor", "grid_id": "windsor_-8006_4932", "building_count": 428, "pv_positive_buildings": 0, "footprint_area_m2": 63963.204066113445, "pv_positive_footprint_m2": 0.0, "pv_area_m2": 0.0, "prevalence": 0.0, "roof_size_selection": null, "conditional_intensity": null, "pv_utilization": 0.0, "eligible_50_buildings": true, "pv_utilization_pct": 0.0, "zero_pv_eligible_cell": true, "color_bin": "zero", "imagery_date": "6 June 2025" }, "geometry": { "type": "Polygon", "coordinates": [ [ [ -8005000.0, 4931999.999452533200383 ], [ -8005000.0, 4932999.999453063122928 ], [ -8006000.000000000931323, 4932999.999453063122928 ], [ -8006000.000000000931323, 4931999.999452533200383 ], [ -8005000.0, 4931999.999452533200383 ] ] ] } },
{ "type": "Feature", "properties": { "city_key": "windsor", "City": "Windsor", "grid_id": "windsor_-8005_4924", "building_count": 55, "pv_positive_buildings": 2, "footprint_area_m2": 35047.976185938765, "pv_positive_footprint_m2": 486.12848230678071, "pv_area_m2": 175.93351516741683, "prevalence": 0.036363636363636362, "roof_size_selection": 0.38143524158179265, "conditional_intensity": 0.36190744128501939, "pv_utilization": 0.0050197909926109029, "eligible_50_buildings": true, "pv_utilization_pct": 0.5019790992610903, "zero_pv_eligible_cell": false, "color_bin": ">0.25 to 1", "imagery_date": "6 June 2025" }, "geometry": { "type": "Polygon", "coordinates": [ [ [ -8004000.0, 4923999.999448308721185 ], [ -8004000.0, 4924999.999448839575052 ], [ -8005000.0, 4924999.999448839575052 ], [ -8005000.0, 4923999.999448308721185 ], [ -8004000.0, 4923999.999448308721185 ] ] ] } },
{ "type": "Feature", "properties": { "city_key": "windsor", "City": "Windsor", "grid_id": "windsor_-8005_4925", "building_count": 113, "pv_positive_buildings": 2, "footprint_area_m2": 58492.697966408821, "pv_positive_footprint_m2": 8555.2358678457585, "pv_area_m2": 1575.881083724875, "prevalence": 0.017699115044247787, "roof_size_selection": 8.2637806655947976, "conditional_intensity": 0.18420077576676888, "pv_utilization": 0.026941501050778541, "eligible_50_buildings": true, "pv_utilization_pct": 2.694150105077854, "zero_pv_eligible_cell": false, "color_bin": ">2.5 to 5", "imagery_date": "6 June 2025" }, "geometry": { "type": "Polygon", "coordinates": [ [ [ -8004000.0, 4924999.999448839575052 ], [ -8004000.0, 4925999.999449366703629 ], [ -8005000.0, 4925999.999449366703629 ], [ -8005000.0, 4924999.999448839575052 ], [ -8004000.0, 4924999.999448839575052 ] ] ] } },
{ "type": "Feature", "properties": { "city_key": "windsor", "City": "Windsor", "grid_id": "windsor_-8005_4928", "building_count": 353, "pv_positive_buildings": 4, "footprint_area_m2": 160095.09792669711, "pv_positive_footprint_m2": 4867.6747767592597, "pv_area_m2": 386.63947107980204, "prevalence": 0.011331444759206799, "roof_size_selection": 2.683232057771646, "conditional_intensity": 0.079430013057941826, "pv_utilization": 0.0024150612734990364, "eligible_50_buildings": true, "pv_utilization_pct": 0.24150612734990365, "zero_pv_eligible_cell": false, "color_bin": ">0 to 0.25", "imagery_date": "6 June 2025" }, "geometry": { "type": "Polygon", "coordinates": [ [ [ -8004000.0, 4927999.999450425617397 ], [ -8004000.0, 4928999.999450953677297 ], [ -8005000.0, 4928999.999450953677297 ], [ -8005000.0, 4927999.999450425617397 ], [ -8004000.0, 4927999.999450425617397 ] ] ] } },
{ "type": "Feature", "properties": { "city_key": "windsor", "City": "Windsor", "grid_id": "windsor_-8005_4929", "building_count": 968, "pv_positive_buildings": 11, "footprint_area_m2": 148549.7159742564, "pv_positive_footprint_m2": 4376.0987536348603, "pv_area_m2": 603.48983067447728, "prevalence": 0.011363636363636364, "roof_size_selection": 2.5923758103085488, "conditional_intensity": 0.13790589852964552, "pv_utilization": 0.0040625444937172532, "eligible_50_buildings": true, "pv_utilization_pct": 0.40625444937172533, "zero_pv_eligible_cell": false, "color_bin": ">0.25 to 1", "imagery_date": "6 June 2025" }, "geometry": { "type": "Polygon", "coordinates": [ [ [ -8004000.0, 4928999.999450953677297 ], [ -8004000.0, 4929999.999451482668519 ], [ -8005000.0, 4929999.999451482668519 ], [ -8005000.0, 4928999.999450953677297 ], [ -8004000.0, 4928999.999450953677297 ] ] ] } },
{ "type": "Feature", "properties": { "city_key": "windsor", "City": "Windsor", "grid_id": "windsor_-8005_4930", "building_count": 1036, "pv_positive_buildings": 7, "footprint_area_m2": 162527.21615426647, "pv_positive_footprint_m2": 5064.0461474662898, "pv_area_m2": 1144.1041924616366, "prevalence": 0.0067567567567567571, "roof_size_selection": 4.6114050776186666, "conditional_intensity": 0.2259268891208801, "pv_utilization": 0.0070394621869095675, "eligible_50_buildings": true, "pv_utilization_pct": 0.70394621869095675, "zero_pv_eligible_cell": false, "color_bin": ">0.25 to 1", "imagery_date": "6 June 2025" }, "geometry": { "type": "Polygon", "coordinates": [ [ [ -8004000.0, 4929999.999451482668519 ], [ -8004000.0, 4930999.999452007003129 ], [ -8005000.0, 4930999.999452007003129 ], [ -8005000.0, 4929999.999451482668519 ], [ -8004000.0, 4929999.999451482668519 ] ] ] } },
{ "type": "Feature", "properties": { "city_key": "windsor", "City": "Windsor", "grid_id": "windsor_-8005_4931", "building_count": 1240, "pv_positive_buildings": 9, "footprint_area_m2": 143279.22873139335, "pv_positive_footprint_m2": 5392.9233748093648, "pv_area_m2": 371.45567682624477, "prevalence": 0.0072580645161290326, "roof_size_selection": 5.1858528614780761, "conditional_intensity": 0.068878352427800882, "pv_utilization": 0.002592529846197145, "eligible_50_buildings": true, "pv_utilization_pct": 0.25925298461971452, "zero_pv_eligible_cell": false, "color_bin": ">0.25 to 1", "imagery_date": "6 June 2025" }, "geometry": { "type": "Polygon", "coordinates": [ [ [ -8004000.0, 4930999.999452007003129 ], [ -8004000.0, 4931999.999452533200383 ], [ -8005000.0, 4931999.999452533200383 ], [ -8005000.0, 4930999.999452007003129 ], [ -8004000.0, 4930999.999452007003129 ] ] ] } },
{ "type": "Feature", "properties": { "city_key": "windsor", "City": "Windsor", "grid_id": "windsor_-8005_4932", "building_count": 341, "pv_positive_buildings": 5, "footprint_area_m2": 61907.825822250445, "pv_positive_footprint_m2": 672.00904962374398, "pv_area_m2": 133.80573887608571, "prevalence": 0.01466275659824047, "roof_size_selection": 0.74031055970095305, "conditional_intensity": 0.19911300145586311, "pv_utilization": 0.0021613703453303031, "eligible_50_buildings": true, "pv_utilization_pct": 0.21613703453303032, "zero_pv_eligible_cell": false, "color_bin": ">0 to 0.25", "imagery_date": "6 June 2025" }, "geometry": { "type": "Polygon", "coordinates": [ [ [ -8004000.0, 4931999.999452533200383 ], [ -8004000.0, 4932999.999453063122928 ], [ -8005000.0, 4932999.999453063122928 ], [ -8005000.0, 4931999.999452533200383 ], [ -8004000.0, 4931999.999452533200383 ] ] ] } },
{ "type": "Feature", "properties": { "city_key": "windsor", "City": "Windsor", "grid_id": "windsor_-8004_4925", "building_count": 117, "pv_positive_buildings": 4, "footprint_area_m2": 24481.459663145051, "pv_positive_footprint_m2": 1467.6628499368758, "pv_area_m2": 721.76754203993551, "prevalence": 0.034188034188034191, "roof_size_selection": 1.7535367151853336, "conditional_intensity": 0.4917802082889669, "pv_utilization": 0.029482210291835696, "eligible_50_buildings": true, "pv_utilization_pct": 2.9482210291835695, "zero_pv_eligible_cell": false, "color_bin": ">2.5 to 5", "imagery_date": "6 June 2025" }, "geometry": { "type": "Polygon", "coordinates": [ [ [ -8003000.0, 4924999.999448839575052 ], [ -8003000.0, 4925999.999449366703629 ], [ -8004000.0, 4925999.999449366703629 ], [ -8004000.0, 4924999.999448839575052 ], [ -8003000.0, 4924999.999448839575052 ] ] ] } },
{ "type": "Feature", "properties": { "city_key": "windsor", "City": "Windsor", "grid_id": "windsor_-8004_4928", "building_count": 591, "pv_positive_buildings": 5, "footprint_area_m2": 96218.351998750863, "pv_positive_footprint_m2": 1926.614179287596, "pv_area_m2": 645.89216006963284, "prevalence": 0.0084602368866328256, "roof_size_selection": 2.3667605114952526, "conditional_intensity": 0.33524727836710116, "pv_utilization": 0.0067127751271193878, "eligible_50_buildings": true, "pv_utilization_pct": 0.67127751271193881, "zero_pv_eligible_cell": false, "color_bin": ">0.25 to 1", "imagery_date": "6 June 2025" }, "geometry": { "type": "Polygon", "coordinates": [ [ [ -8003000.0, 4927999.999450425617397 ], [ -8003000.0, 4928999.999450953677297 ], [ -8004000.0, 4928999.999450953677297 ], [ -8004000.0, 4927999.999450425617397 ], [ -8003000.0, 4927999.999450425617397 ] ] ] } },
{ "type": "Feature", "properties": { "city_key": "windsor", "City": "Windsor", "grid_id": "windsor_-8004_4929", "building_count": 933, "pv_positive_buildings": 9, "footprint_area_m2": 159683.97840890163, "pv_positive_footprint_m2": 4865.725428700408, "pv_area_m2": 2260.4521020323732, "prevalence": 0.0096463022508038593, "roof_size_selection": 3.1588237037591882, "conditional_intensity": 0.46456630879727218, "pv_utilization": 0.014155785223762709, "eligible_50_buildings": true, "pv_utilization_pct": 1.4155785223762709, "zero_pv_eligible_cell": false, "color_bin": ">1 to 2.5", "imagery_date": "6 June 2025" }, "geometry": { "type": "Polygon", "coordinates": [ [ [ -8003000.0, 4928999.999450953677297 ], [ -8003000.0, 4929999.999451482668519 ], [ -8004000.0, 4929999.999451482668519 ], [ -8004000.0, 4928999.999450953677297 ], [ -8003000.0, 4928999.999450953677297 ] ] ] } },
{ "type": "Feature", "properties": { "city_key": "windsor", "City": "Windsor", "grid_id": "windsor_-8004_4930", "building_count": 304, "pv_positive_buildings": 1, "footprint_area_m2": 112054.76955552149, "pv_positive_footprint_m2": 9054.4785053574524, "pv_area_m2": 4474.2211821901474, "prevalence": 0.0032894736842105261, "roof_size_selection": 24.564429310300905, "conditional_intensity": 0.49414454731355223, "pv_utilization": 0.039928877636692089, "eligible_50_buildings": true, "pv_utilization_pct": 3.9928877636692088, "zero_pv_eligible_cell": false, "color_bin": ">2.5 to 5", "imagery_date": "6 June 2025" }, "geometry": { "type": "Polygon", "coordinates": [ [ [ -8003000.0, 4929999.999451482668519 ], [ -8003000.0, 4930999.999452007003129 ], [ -8004000.0, 4930999.999452007003129 ], [ -8004000.0, 4929999.999451482668519 ], [ -8003000.0, 4929999.999451482668519 ] ] ] } },
{ "type": "Feature", "properties": { "city_key": "windsor", "City": "Windsor", "grid_id": "windsor_-8004_4931", "building_count": 1094, "pv_positive_buildings": 6, "footprint_area_m2": 120216.58839285908, "pv_positive_footprint_m2": 645.04122782248191, "pv_area_m2": 184.72338848944247, "prevalence": 0.0054844606946983544, "roof_size_selection": 0.97833850368428388, "conditional_intensity": 0.28637454556668918, "pv_utilization": 0.0015365881777128782, "eligible_50_buildings": true, "pv_utilization_pct": 0.15365881777128781, "zero_pv_eligible_cell": false, "color_bin": ">0 to 0.25", "imagery_date": "6 June 2025" }, "geometry": { "type": "Polygon", "coordinates": [ [ [ -8003000.0, 4930999.999452007003129 ], [ -8003000.0, 4931999.999452533200383 ], [ -8004000.0, 4931999.999452533200383 ], [ -8004000.0, 4930999.999452007003129 ], [ -8003000.0, 4930999.999452007003129 ] ] ] } },
{ "type": "Feature", "properties": { "city_key": "windsor", "City": "Windsor", "grid_id": "windsor_-8004_4932", "building_count": 985, "pv_positive_buildings": 4, "footprint_area_m2": 131415.55450659426, "pv_positive_footprint_m2": 712.08089276369219, "pv_area_m2": 104.33355786578423, "prevalence": 0.0040609137055837565, "roof_size_selection": 1.3343163258064734, "conditional_intensity": 0.14651924932411839, "pv_utilization": 0.00079392091946428546, "eligible_50_buildings": true, "pv_utilization_pct": 0.079392091946428545, "zero_pv_eligible_cell": false, "color_bin": ">0 to 0.25", "imagery_date": "6 June 2025" }, "geometry": { "type": "Polygon", "coordinates": [ [ [ -8003000.0, 4931999.999452533200383 ], [ -8003000.0, 4932999.999453063122928 ], [ -8004000.0, 4932999.999453063122928 ], [ -8004000.0, 4931999.999452533200383 ], [ -8003000.0, 4931999.999452533200383 ] ] ] } },
{ "type": "Feature", "properties": { "city_key": "windsor", "City": "Windsor", "grid_id": "windsor_-8004_4933", "building_count": 102, "pv_positive_buildings": 1, "footprint_area_m2": 17296.101476421387, "pv_positive_footprint_m2": 107.90621697805761, "pv_area_m2": 66.589411644283601, "prevalence": 0.0098039215686274508, "roof_size_selection": 0.63635346651765479, "conditional_intensity": 0.617104496007161, "pv_utilization": 0.0038499665219390898, "eligible_50_buildings": true, "pv_utilization_pct": 0.38499665219390899, "zero_pv_eligible_cell": false, "color_bin": ">0.25 to 1", "imagery_date": "6 June 2025" }, "geometry": { "type": "Polygon", "coordinates": [ [ [ -8003000.0, 4932999.999453063122928 ], [ -8003000.0, 4933999.999453587457538 ], [ -8004000.0, 4933999.999453587457538 ], [ -8004000.0, 4932999.999453063122928 ], [ -8003000.0, 4932999.999453063122928 ] ] ] } },
{ "type": "Feature", "properties": { "city_key": "windsor", "City": "Windsor", "grid_id": "windsor_-8003_4925", "building_count": 91, "pv_positive_buildings": 1, "footprint_area_m2": 16825.362501694708, "pv_positive_footprint_m2": 218.33356939534659, "pv_area_m2": 33.088229349276745, "prevalence": 0.01098901098901099, "roof_size_selection": 1.1808574592657561, "conditional_intensity": 0.15154897820299165, "pv_utilization": 0.0019665685863198483, "eligible_50_buildings": true, "pv_utilization_pct": 0.19665685863198482, "zero_pv_eligible_cell": false, "color_bin": ">0 to 0.25", "imagery_date": "6 June 2025" }, "geometry": { "type": "Polygon", "coordinates": [ [ [ -8002000.0, 4924999.999448839575052 ], [ -8002000.0, 4925999.999449366703629 ], [ -8003000.0, 4925999.999449366703629 ], [ -8003000.0, 4924999.999448839575052 ], [ -8002000.0, 4924999.999448839575052 ] ] ] } },
{ "type": "Feature", "properties": { "city_key": "windsor", "City": "Windsor", "grid_id": "windsor_-8003_4928", "building_count": 161, "pv_positive_buildings": 0, "footprint_area_m2": 53737.652641407745, "pv_positive_footprint_m2": 0.0, "pv_area_m2": 0.0, "prevalence": 0.0, "roof_size_selection": null, "conditional_intensity": null, "pv_utilization": 0.0, "eligible_50_buildings": true, "pv_utilization_pct": 0.0, "zero_pv_eligible_cell": true, "color_bin": "zero", "imagery_date": "6 June 2025" }, "geometry": { "type": "Polygon", "coordinates": [ [ [ -8002000.0, 4927999.999450425617397 ], [ -8002000.0, 4928999.999450953677297 ], [ -8003000.0, 4928999.999450953677297 ], [ -8003000.0, 4927999.999450425617397 ], [ -8002000.0, 4927999.999450425617397 ] ] ] } },
{ "type": "Feature", "properties": { "city_key": "windsor", "City": "Windsor", "grid_id": "windsor_-8003_4929", "building_count": 74, "pv_positive_buildings": 1, "footprint_area_m2": 149998.54101170838, "pv_positive_footprint_m2": 1174.6699096929005, "pv_area_m2": 748.0035778890558, "prevalence": 0.013513513513513514, "roof_size_selection": 0.57950945876526572, "conditional_intensity": 0.63677767832208276, "pv_utilization": 0.00498673902321936, "eligible_50_buildings": true, "pv_utilization_pct": 0.49867390232193598, "zero_pv_eligible_cell": false, "color_bin": ">0.25 to 1", "imagery_date": "6 June 2025" }, "geometry": { "type": "Polygon", "coordinates": [ [ [ -8002000.0, 4928999.999450953677297 ], [ -8002000.0, 4929999.999451482668519 ], [ -8003000.0, 4929999.999451482668519 ], [ -8003000.0, 4928999.999450953677297 ], [ -8002000.0, 4928999.999450953677297 ] ] ] } },
{ "type": "Feature", "properties": { "city_key": "windsor", "City": "Windsor", "grid_id": "windsor_-8003_4930", "building_count": 110, "pv_positive_buildings": 3, "footprint_area_m2": 154658.2162643944, "pv_positive_footprint_m2": 68227.526945901569, "pv_area_m2": 4074.1190211018325, "prevalence": 0.027272727272727271, "roof_size_selection": 16.175513001777258, "conditional_intensity": 0.059713713855292609, "pv_utilization": 0.026342726041382523, "eligible_50_buildings": true, "pv_utilization_pct": 2.6342726041382525, "zero_pv_eligible_cell": false, "color_bin": ">2.5 to 5", "imagery_date": "6 June 2025" }, "geometry": { "type": "Polygon", "coordinates": [ [ [ -8002000.0, 4929999.999451482668519 ], [ -8002000.0, 4930999.999452007003129 ], [ -8003000.0, 4930999.999452007003129 ], [ -8003000.0, 4929999.999451482668519 ], [ -8002000.0, 4929999.999451482668519 ] ] ] } },
{ "type": "Feature", "properties": { "city_key": "windsor", "City": "Windsor", "grid_id": "windsor_-8003_4931", "building_count": 868, "pv_positive_buildings": 4, "footprint_area_m2": 151883.43869542287, "pv_positive_footprint_m2": 1467.0526318763445, "pv_area_m2": 399.38279769615377, "prevalence": 0.004608294930875576, "roof_size_selection": 2.0960179980884281, "conditional_intensity": 0.27223481217940182, "pv_utilization": 0.002629534866517277, "eligible_50_buildings": true, "pv_utilization_pct": 0.26295348665172769, "zero_pv_eligible_cell": false, "color_bin": ">0.25 to 1", "imagery_date": "6 June 2025" }, "geometry": { "type": "Polygon", "coordinates": [ [ [ -8002000.0, 4930999.999452007003129 ], [ -8002000.0, 4931999.999452533200383 ], [ -8003000.0, 4931999.999452533200383 ], [ -8003000.0, 4930999.999452007003129 ], [ -8002000.0, 4930999.999452007003129 ] ] ] } },
{ "type": "Feature", "properties": { "city_key": "windsor", "City": "Windsor", "grid_id": "windsor_-8003_4932", "building_count": 1030, "pv_positive_buildings": 8, "footprint_area_m2": 161940.8059265776, "pv_positive_footprint_m2": 14137.414798504355, "pv_area_m2": 6968.0934847062708, "prevalence": 0.0077669902912621356, "roof_size_selection": 11.23986103992031, "conditional_intensity": 0.49288314617771911, "pv_utilization": 0.043028645219077996, "eligible_50_buildings": true, "pv_utilization_pct": 4.3028645219077992, "zero_pv_eligible_cell": false, "color_bin": ">2.5 to 5", "imagery_date": "6 June 2025" }, "geometry": { "type": "Polygon", "coordinates": [ [ [ -8002000.0, 4931999.999452533200383 ], [ -8002000.0, 4932999.999453063122928 ], [ -8003000.0, 4932999.999453063122928 ], [ -8003000.0, 4931999.999452533200383 ], [ -8002000.0, 4931999.999452533200383 ] ] ] } },
{ "type": "Feature", "properties": { "city_key": "windsor", "City": "Windsor", "grid_id": "windsor_-8003_4933", "building_count": 265, "pv_positive_buildings": 2, "footprint_area_m2": 49752.428307628106, "pv_positive_footprint_m2": 667.14061720073914, "pv_area_m2": 54.418873639921351, "prevalence": 0.0075471698113207548, "roof_size_selection": 1.7767199468642805, "conditional_intensity": 0.081570320014778833, "pv_utilization": 0.0010937933180555487, "eligible_50_buildings": true, "pv_utilization_pct": 0.10937933180555487, "zero_pv_eligible_cell": false, "color_bin": ">0 to 0.25", "imagery_date": "6 June 2025" }, "geometry": { "type": "Polygon", "coordinates": [ [ [ -8002000.0, 4932999.999453063122928 ], [ -8002000.0, 4933999.999453587457538 ], [ -8003000.0, 4933999.999453587457538 ], [ -8003000.0, 4932999.999453063122928 ], [ -8002000.0, 4932999.999453063122928 ] ] ] } },
{ "type": "Feature", "properties": { "city_key": "windsor", "City": "Windsor", "grid_id": "windsor_-8002_4929", "building_count": 213, "pv_positive_buildings": 2, "footprint_area_m2": 72170.400792769375, "pv_positive_footprint_m2": 427.27981436540779, "pv_area_m2": 18.47053576747733, "prevalence": 0.0093896713615023476, "roof_size_selection": 0.63052580739547481, "conditional_intensity": 0.043228196480354697, "pv_utilization": 0.00025592951631949173, "eligible_50_buildings": true, "pv_utilization_pct": 0.025592951631949173, "zero_pv_eligible_cell": false, "color_bin": ">0 to 0.25", "imagery_date": "6 June 2025" }, "geometry": { "type": "Polygon", "coordinates": [ [ [ -8000999.999999999068677, 4928999.999450953677297 ], [ -8000999.999999999068677, 4929999.999451482668519 ], [ -8002000.0, 4929999.999451482668519 ], [ -8002000.0, 4928999.999450953677297 ], [ -8000999.999999999068677, 4928999.999450953677297 ] ] ] } },
{ "type": "Feature", "properties": { "city_key": "windsor", "City": "Windsor", "grid_id": "windsor_-8002_4930", "building_count": 307, "pv_positive_buildings": 3, "footprint_area_m2": 121634.13420757763, "pv_positive_footprint_m2": 12038.831725311236, "pv_area_m2": 4666.9474500990636, "prevalence": 0.0097719869706840382, "roof_size_selection": 10.128520155269317, "conditional_intensity": 0.38765783562594075, "pv_utilization": 0.038368731610606714, "eligible_50_buildings": true, "pv_utilization_pct": 3.8368731610606712, "zero_pv_eligible_cell": false, "color_bin": ">2.5 to 5", "imagery_date": "6 June 2025" }, "geometry": { "type": "Polygon", "coordinates": [ [ [ -8000999.999999999068677, 4929999.999451482668519 ], [ -8000999.999999999068677, 4930999.999452007003129 ], [ -8002000.0, 4930999.999452007003129 ], [ -8002000.0, 4929999.999451482668519 ], [ -8000999.999999999068677, 4929999.999451482668519 ] ] ] } },
{ "type": "Feature", "properties": { "city_key": "windsor", "City": "Windsor", "grid_id": "windsor_-8002_4931", "building_count": 858, "pv_positive_buildings": 7, "footprint_area_m2": 107967.88297890351, "pv_positive_footprint_m2": 23147.328989311092, "pv_area_m2": 588.94157475326335, "prevalence": 0.0081585081585081581, "roof_size_selection": 26.278195918568489, "conditional_intensity": 0.025443176403861678, "pv_utilization": 0.0054547848721674033, "eligible_50_buildings": true, "pv_utilization_pct": 0.5454784872167403, "zero_pv_eligible_cell": false, "color_bin": ">0.25 to 1", "imagery_date": "6 June 2025" }, "geometry": { "type": "Polygon", "coordinates": [ [ [ -8000999.999999999068677, 4930999.999452007003129 ], [ -8000999.999999999068677, 4931999.999452533200383 ], [ -8002000.0, 4931999.999452533200383 ], [ -8002000.0, 4930999.999452007003129 ], [ -8000999.999999999068677, 4930999.999452007003129 ] ] ] } },
{ "type": "Feature", "properties": { "city_key": "windsor", "City": "Windsor", "grid_id": "windsor_-8002_4932", "building_count": 870, "pv_positive_buildings": 5, "footprint_area_m2": 139023.45488727707, "pv_positive_footprint_m2": 914.38867189351754, "pv_area_m2": 194.51650013899808, "prevalence": 0.0057471264367816091, "roof_size_selection": 1.144437311232672, "conditional_intensity": 0.21272846669916962, "pv_utilization": 0.0013991631865048662, "eligible_50_buildings": true, "pv_utilization_pct": 0.13991631865048662, "zero_pv_eligible_cell": false, "color_bin": ">0 to 0.25", "imagery_date": "6 June 2025" }, "geometry": { "type": "Polygon", "coordinates": [ [ [ -8000999.999999999068677, 4931999.999452533200383 ], [ -8000999.999999999068677, 4932999.999453063122928 ], [ -8002000.0, 4932999.999453063122928 ], [ -8002000.0, 4931999.999452533200383 ], [ -8000999.999999999068677, 4931999.999452533200383 ] ] ] } },
{ "type": "Feature", "properties": { "city_key": "windsor", "City": "Windsor", "grid_id": "windsor_-8001_4928", "building_count": 102, "pv_positive_buildings": 1, "footprint_area_m2": 67773.233804486386, "pv_positive_footprint_m2": 814.50189477308618, "pv_area_m2": 187.15773454277138, "prevalence": 0.0098039215686274508, "roof_size_selection": 1.2258407722807405, "conditional_intensity": 0.2297818283098188, "pv_utilization": 0.0027615287634449883, "eligible_50_buildings": true, "pv_utilization_pct": 0.27615287634449881, "zero_pv_eligible_cell": false, "color_bin": ">0.25 to 1", "imagery_date": "6 June 2025" }, "geometry": { "type": "Polygon", "coordinates": [ [ [ -7999999.999999999068677, 4927999.999450425617397 ], [ -7999999.999999999068677, 4928999.999450953677297 ], [ -8000999.999999999068677, 4928999.999450953677297 ], [ -8000999.999999999068677, 4927999.999450425617397 ], [ -7999999.999999999068677, 4927999.999450425617397 ] ] ] } },
{ "type": "Feature", "properties": { "city_key": "windsor", "City": "Windsor", "grid_id": "windsor_-8001_4929", "building_count": 894, "pv_positive_buildings": 11, "footprint_area_m2": 161913.41402618325, "pv_positive_footprint_m2": 5091.4643149542935, "pv_area_m2": 2355.7615647566618, "prevalence": 0.012304250559284116, "roof_size_selection": 2.5556696038858631, "conditional_intensity": 0.46268841712932829, "pv_utilization": 0.014549514497765504, "eligible_50_buildings": true, "pv_utilization_pct": 1.4549514497765503, "zero_pv_eligible_cell": false, "color_bin": ">1 to 2.5", "imagery_date": "6 June 2025" }, "geometry": { "type": "Polygon", "coordinates": [ [ [ -7999999.999999999068677, 4928999.999450953677297 ], [ -7999999.999999999068677, 4929999.999451482668519 ], [ -8000999.999999999068677, 4929999.999451482668519 ], [ -8000999.999999999068677, 4928999.999450953677297 ], [ -7999999.999999999068677, 4928999.999450953677297 ] ] ] } },
{ "type": "Feature", "properties": { "city_key": "windsor", "City": "Windsor", "grid_id": "windsor_-8001_4930", "building_count": 753, "pv_positive_buildings": 8, "footprint_area_m2": 161572.94247342023, "pv_positive_footprint_m2": 5595.1701134702762, "pv_area_m2": 2518.4030067107128, "prevalence": 0.010624169986719787, "roof_size_selection": 3.2594899793758865, "conditional_intensity": 0.4501030273677829, "pv_utilization": 0.015586786798321792, "eligible_50_buildings": true, "pv_utilization_pct": 1.5586786798321792, "zero_pv_eligible_cell": false, "color_bin": ">1 to 2.5", "imagery_date": "6 June 2025" }, "geometry": { "type": "Polygon", "coordinates": [ [ [ -7999999.999999999068677, 4929999.999451482668519 ], [ -7999999.999999999068677, 4930999.999452007003129 ], [ -8000999.999999999068677, 4930999.999452007003129 ], [ -8000999.999999999068677, 4929999.999451482668519 ], [ -7999999.999999999068677, 4929999.999451482668519 ] ] ] } },
{ "type": "Feature", "properties": { "city_key": "windsor", "City": "Windsor", "grid_id": "windsor_-8001_4931", "building_count": 510, "pv_positive_buildings": 6, "footprint_area_m2": 164569.02828365494, "pv_positive_footprint_m2": 2099.1961371851835, "pv_area_m2": 234.6085885910353, "prevalence": 0.011764705882352941, "roof_size_selection": 1.0842360407767109, "conditional_intensity": 0.11176115677576581, "pv_utilization": 0.0014255938133550777, "eligible_50_buildings": true, "pv_utilization_pct": 0.14255938133550777, "zero_pv_eligible_cell": false, "color_bin": ">0 to 0.25", "imagery_date": "6 June 2025" }, "geometry": { "type": "Polygon", "coordinates": [ [ [ -7999999.999999999068677, 4930999.999452007003129 ], [ -7999999.999999999068677, 4931999.999452533200383 ], [ -8000999.999999999068677, 4931999.999452533200383 ], [ -8000999.999999999068677, 4930999.999452007003129 ], [ -7999999.999999999068677, 4930999.999452007003129 ] ] ] } },
{ "type": "Feature", "properties": { "city_key": "windsor", "City": "Windsor", "grid_id": "windsor_-8001_4932", "building_count": 327, "pv_positive_buildings": 2, "footprint_area_m2": 58856.203198296011, "pv_positive_footprint_m2": 376.10657225758405, "pv_area_m2": 20.547820193124583, "prevalence": 0.0061162079510703364, "roof_size_selection": 1.0448078744891811, "conditional_intensity": 0.054632972962386846, "pv_utilization": 0.00034911902359545133, "eligible_50_buildings": true, "pv_utilization_pct": 0.034911902359545131, "zero_pv_eligible_cell": false, "color_bin": ">0 to 0.25", "imagery_date": "6 June 2025" }, "geometry": { "type": "Polygon", "coordinates": [ [ [ -7999999.999999999068677, 4931999.999452533200383 ], [ -7999999.999999999068677, 4932999.999453063122928 ], [ -8000999.999999999068677, 4932999.999453063122928 ], [ -8000999.999999999068677, 4931999.999452533200383 ], [ -7999999.999999999068677, 4931999.999452533200383 ] ] ] } },
{ "type": "Feature", "properties": { "city_key": "windsor", "City": "Windsor", "grid_id": "windsor_-8000_4925", "building_count": 52, "pv_positive_buildings": 1, "footprint_area_m2": 11053.136384601032, "pv_positive_footprint_m2": 227.99026212088756, "pv_area_m2": 57.290883976794277, "prevalence": 0.019230769230769232, "roof_size_selection": 1.0725909115536605, "conditional_intensity": 0.25128653936288237, "pv_utilization": 0.0051832241983922845, "eligible_50_buildings": true, "pv_utilization_pct": 0.51832241983922844, "zero_pv_eligible_cell": false, "color_bin": ">0.25 to 1", "imagery_date": "6 June 2025" }, "geometry": { "type": "Polygon", "coordinates": [ [ [ -7998999.999999999068677, 4924999.999448839575052 ], [ -7998999.999999999068677, 4925999.999449366703629 ], [ -7999999.999999999068677, 4925999.999449366703629 ], [ -7999999.999999999068677, 4924999.999448839575052 ], [ -7998999.999999999068677, 4924999.999448839575052 ] ] ] } },
{ "type": "Feature", "properties": { "city_key": "windsor", "City": "Windsor", "grid_id": "windsor_-8000_4929", "building_count": 1125, "pv_positive_buildings": 6, "footprint_area_m2": 179627.07495835345, "pv_positive_footprint_m2": 845.63075568538807, "pv_area_m2": 222.03881616477778, "prevalence": 0.0053333333333333332, "roof_size_selection": 0.88269414133571689, "conditional_intensity": 0.26257183134832196, "pv_utilization": 0.00123610995845842, "eligible_50_buildings": true, "pv_utilization_pct": 0.12361099584584201, "zero_pv_eligible_cell": false, "color_bin": ">0 to 0.25", "imagery_date": "6 June 2025" }, "geometry": { "type": "Polygon", "coordinates": [ [ [ -7998999.999999999068677, 4928999.999450953677297 ], [ -7998999.999999999068677, 4929999.999451482668519 ], [ -7999999.999999999068677, 4929999.999451482668519 ], [ -7999999.999999999068677, 4928999.999450953677297 ], [ -7998999.999999999068677, 4928999.999450953677297 ] ] ] } },
{ "type": "Feature", "properties": { "city_key": "windsor", "City": "Windsor", "grid_id": "windsor_-8000_4930", "building_count": 888, "pv_positive_buildings": 5, "footprint_area_m2": 172678.64945228671, "pv_positive_footprint_m2": 3890.7652906238723, "pv_area_m2": 247.75567453778967, "prevalence": 0.0056306306306306304, "roof_size_selection": 4.0016523050565773, "conditional_intensity": 0.063677877237889827, "pv_utilization": 0.0014347788526470244, "eligible_50_buildings": true, "pv_utilization_pct": 0.14347788526470245, "zero_pv_eligible_cell": false, "color_bin": ">0 to 0.25", "imagery_date": "6 June 2025" }, "geometry": { "type": "Polygon", "coordinates": [ [ [ -7998999.999999999068677, 4929999.999451482668519 ], [ -7998999.999999999068677, 4930999.999452007003129 ], [ -7999999.999999999068677, 4930999.999452007003129 ], [ -7999999.999999999068677, 4929999.999451482668519 ], [ -7998999.999999999068677, 4929999.999451482668519 ] ] ] } },
{ "type": "Feature", "properties": { "city_key": "windsor", "City": "Windsor", "grid_id": "windsor_-8000_4931", "building_count": 780, "pv_positive_buildings": 7, "footprint_area_m2": 242763.6455014353, "pv_positive_footprint_m2": 1902.2753192818361, "pv_area_m2": 275.3118414029484, "prevalence": 0.0089743589743589737, "roof_size_selection": 0.87314482715720876, "conditional_intensity": 0.14472765251818889, "pv_utilization": 0.0011340736, "eligible_50_buildings": true, "pv_utilization_pct": 0.11340736, "zero_pv_eligible_cell": false, "color_bin": ">0 to 0.25", "imagery_date": "6 June 2025" }, "geometry": { "type": "Polygon", "coordinates": [ [ [ -7998999.999999999068677, 4930999.999452007003129 ], [ -7998999.999999999068677, 4931999.999452533200383 ], [ -7999999.999999999068677, 4931999.999452533200383 ], [ -7999999.999999999068677, 4930999.999452007003129 ], [ -7998999.999999999068677, 4930999.999452007003129 ] ] ] } },
{ "type": "Feature", "properties": { "city_key": "windsor", "City": "Windsor", "grid_id": "windsor_-8000_4932", "building_count": 415, "pv_positive_buildings": 4, "footprint_area_m2": 84439.305426050894, "pv_positive_footprint_m2": 1608.7379310120659, "pv_area_m2": 105.21263134818287, "prevalence": 0.0096385542168674707, "roof_size_selection": 1.9766453489918032, "conditional_intensity": 0.065400727688438992, "pv_utilization": 0.0012460148839135651, "eligible_50_buildings": true, "pv_utilization_pct": 0.12460148839135651, "zero_pv_eligible_cell": false, "color_bin": ">0 to 0.25", "imagery_date": "6 June 2025" }, "geometry": { "type": "Polygon", "coordinates": [ [ [ -7998999.999999999068677, 4931999.999452533200383 ], [ -7998999.999999999068677, 4932999.999453063122928 ], [ -7999999.999999999068677, 4932999.999453063122928 ], [ -7999999.999999999068677, 4931999.999452533200383 ], [ -7998999.999999999068677, 4931999.999452533200383 ] ] ] } },
{ "type": "Feature", "properties": { "city_key": "windsor", "City": "Windsor", "grid_id": "windsor_-7999_4929", "building_count": 241, "pv_positive_buildings": 3, "footprint_area_m2": 58327.74223165166, "pv_positive_footprint_m2": 786.09393727788836, "pv_area_m2": 123.68179298525303, "prevalence": 0.012448132780082987, "roof_size_selection": 1.0826674216851275, "conditional_intensity": 0.15733716687033913, "pv_utilization": 0.0021204625492624823, "eligible_50_buildings": true, "pv_utilization_pct": 0.21204625492624823, "zero_pv_eligible_cell": false, "color_bin": ">0 to 0.25", "imagery_date": "6 June 2025" }, "geometry": { "type": "Polygon", "coordinates": [ [ [ -7998000.0, 4928999.999450953677297 ], [ -7998000.0, 4929999.999451482668519 ], [ -7998999.999999999068677, 4929999.999451482668519 ], [ -7998999.999999999068677, 4928999.999450953677297 ], [ -7998000.0, 4928999.999450953677297 ] ] ] } },
{ "type": "Feature", "properties": { "city_key": "windsor", "City": "Windsor", "grid_id": "windsor_-7999_4930", "building_count": 514, "pv_positive_buildings": 12, "footprint_area_m2": 140026.77196616001, "pv_positive_footprint_m2": 4359.7162545150923, "pv_area_m2": 1166.0764274329192, "prevalence": 0.023346303501945526, "roof_size_selection": 1.3336105442288264, "conditional_intensity": 0.26746612838055345, "pv_utilization": 0.0083275248801330838, "eligible_50_buildings": true, "pv_utilization_pct": 0.83275248801330837, "zero_pv_eligible_cell": false, "color_bin": ">0.25 to 1", "imagery_date": "6 June 2025" }, "geometry": { "type": "Polygon", "coordinates": [ [ [ -7998000.0, 4929999.999451482668519 ], [ -7998000.0, 4930999.999452007003129 ], [ -7998999.999999999068677, 4930999.999452007003129 ], [ -7998999.999999999068677, 4929999.999451482668519 ], [ -7998000.0, 4929999.999451482668519 ] ] ] } },
{ "type": "Feature", "properties": { "city_key": "windsor", "City": "Windsor", "grid_id": "windsor_-7999_4931", "building_count": 568, "pv_positive_buildings": 3, "footprint_area_m2": 160160.07348870611, "pv_positive_footprint_m2": 600.87842424254836, "pv_area_m2": 57.607511062771607, "prevalence": 0.0052816901408450703, "roof_size_selection": 0.71032881361624045, "conditional_intensity": 0.095872157725400323, "pv_utilization": 0.00035968709184460926, "eligible_50_buildings": true, "pv_utilization_pct": 0.035968709184460927, "zero_pv_eligible_cell": false, "color_bin": ">0 to 0.25", "imagery_date": "6 June 2025" }, "geometry": { "type": "Polygon", "coordinates": [ [ [ -7998000.0, 4930999.999452007003129 ], [ -7998000.0, 4931999.999452533200383 ], [ -7998999.999999999068677, 4931999.999452533200383 ], [ -7998999.999999999068677, 4930999.999452007003129 ], [ -7998000.0, 4930999.999452007003129 ] ] ] } },
{ "type": "Feature", "properties": { "city_key": "windsor", "City": "Windsor", "grid_id": "windsor_-7999_4932", "building_count": 437, "pv_positive_buildings": 3, "footprint_area_m2": 78061.904492775764, "pv_positive_footprint_m2": 590.37740538515607, "pv_area_m2": 73.621902715373182, "prevalence": 0.0068649885583524023, "roof_size_selection": 1.1016680835109496, "conditional_intensity": 0.12470311709734729, "pv_utilization": 0.00094312204133049969, "eligible_50_buildings": true, "pv_utilization_pct": 0.094312204133049971, "zero_pv_eligible_cell": false, "color_bin": ">0 to 0.25", "imagery_date": "6 June 2025" }, "geometry": { "type": "Polygon", "coordinates": [ [ [ -7998000.0, 4931999.999452533200383 ], [ -7998000.0, 4932999.999453063122928 ], [ -7998999.999999999068677, 4932999.999453063122928 ], [ -7998999.999999999068677, 4931999.999452533200383 ], [ -7998000.0, 4931999.999452533200383 ] ] ] } },
{ "type": "Feature", "properties": { "city_key": "windsor", "City": "Windsor", "grid_id": "windsor_-7998_4930", "building_count": 66, "pv_positive_buildings": 1, "footprint_area_m2": 12455.407248581585, "pv_positive_footprint_m2": 206.28873679271089, "pv_area_m2": 29.424120098897284, "prevalence": 0.015151515151515152, "roof_size_selection": 1.0931040917886803, "conditional_intensity": 0.14263561140744244, "pv_utilization": 0.0023623571282462954, "eligible_50_buildings": true, "pv_utilization_pct": 0.23623571282462955, "zero_pv_eligible_cell": false, "color_bin": ">0 to 0.25", "imagery_date": "6 June 2025" }, "geometry": { "type": "Polygon", "coordinates": [ [ [ -7997000.0, 4929999.999451482668519 ], [ -7997000.0, 4930999.999452007003129 ], [ -7998000.0, 4930999.999452007003129 ], [ -7998000.0, 4929999.999451482668519 ], [ -7997000.0, 4929999.999451482668519 ] ] ] } }
]
}
